merge 0: (32, 116) -> 256 (count 195714)
merge 1: (111, 110) -> 257 (count 175848)
merge 2: (105, 110) -> 258 (count 167967)
merge 3: (104, 101) -> 259 (count 153314)
merge 4: (32, 97) -> 260 (count 150599)
merge 5: (116, 105) -> 261 (count 133738)
merge 6: (256, 259) -> 262 (count 118611)
merge 7: (114, 101) -> 263 (count 113197)
merge 8: (101, 114) -> 264 (count 103614)
merge 9: (32, 115) -> 265 (count 94434)
merge 10: (101, 110) -> 266 (count 90035)
merge 11: (97, 108) -> 267 (count 85781)
merge 12: (32, 99) -> 268 (count 80928)
merge 13: (97, 114) -> 269 (count 78094)
merge 14: (111, 114) -> 270 (count 77576)
merge 15: (97, 116) -> 271 (count 73974)
merge 16: (32, 112) -> 272 (count 72599)
merge 17: (261, 257) -> 273 (count 70874)
merge 18: (32, 102) -> 274 (count 70100)
merge 19: (32, 111) -> 275 (count 69318)
merge 20: (101, 115) -> 276 (count 66186)
merge 21: (110, 100) -> 277 (count 58757)
merge 22: (258, 103) -> 278 (count 57911)
merge 23: (114, 111) -> 279 (count 56174)
merge 24: (32, 100) -> 280 (count 55739)
merge 25: (32, 258) -> 281 (count 55698)
merge 26: (105, 115) -> 282 (count 53724)
merge 27: (32, 109) -> 283 (count 53581)
merge 28: (105, 116) -> 284 (count 53272)
merge 29: (275, 102) -> 285 (count 52558)
merge 30: (101, 100) -> 286 (count 49214)
merge 31: (32, 119) -> 287 (count 48400)
merge 32: (97, 110) -> 288 (count 48184)
merge 33: (108, 101) -> 289 (count 46999)
merge 34: (116, 114) -> 290 (count 44048)
merge 35: (32, 98) -> 291 (count 43049)
merge 36: (105, 99) -> 292 (count 42861)
merge 37: (260, 277) -> 293 (count 42552)
merge 38: (32, 36) -> 294 (count 42427)
merge 39: (32, 101) -> 295 (count 41671)
merge 40: (97, 273) -> 296 (count 36642)
merge 41: (101, 108) -> 297 (count 34794)
merge 42: (32, 263) -> 298 (count 33112)
merge 43: (266, 116) -> 299 (count 33087)
merge 44: (101, 99) -> 300 (count 32940)
merge 45: (97, 115) -> 301 (count 29464)
merge 46: (97, 99) -> 302 (count 28079)
merge 47: (32, 110) -> 303 (count 27196)
merge 48: (256, 111) -> 304 (count 27144)
merge 49: (105, 109) -> 305 (count 26885)
merge 50: (256, 104) -> 306 (count 26183)
merge 51: (116, 264) -> 307 (count 25746)
merge 52: (268, 111) -> 308 (count 25024)
merge 53: (117, 108) -> 309 (count 23194)
merge 54: (115, 105) -> 310 (count 22999)
merge 55: (261, 99) -> 311 (count 21910)
merge 56: (117, 99) -> 312 (count 21449)
merge 57: (97, 109) -> 313 (count 21118)
merge 58: (108, 121) -> 314 (count 21057)
merge 59: (274, 270) -> 315 (count 21013)
merge 60: (105, 103) -> 316 (count 20964)
merge 61: (257, 115) -> 317 (count 20855)
merge 62: (272, 279) -> 318 (count 19862)
merge 63: (118, 101) -> 319 (count 19713)
merge 64: (32, 108) -> 320 (count 19119)
merge 65: (284, 104) -> 321 (count 19094)
merge 66: (117, 114) -> 322 (count 18973)
merge 67: (295, 120) -> 323 (count 18794)
merge 68: (111, 108) -> 324 (count 18479)
merge 69: (113, 117) -> 325 (count 17920)
merge 70: (111, 100) -> 326 (count 17752)
merge 71: (287, 321) -> 327 (count 17564)
merge 72: (116, 97) -> 328 (count 16905)
merge 73: (32, 104) -> 329 (count 16753)
merge 74: (32, 103) -> 330 (count 16666)
merge 75: (32, 84) -> 331 (count 16584)
merge 76: (117, 109) -> 332 (count 16079)
merge 77: (117, 115) -> 333 (count 15580)
merge 78: (111, 115) -> 334 (count 15336)
merge 79: (109, 112) -> 335 (count 15163)
merge 80: (116, 115) -> 336 (count 14648)
merge 81: (260, 110) -> 337 (count 14512)
merge 82: (111, 119) -> 338 (count 14051)
merge 83: (105, 100) -> 339 (count 13969)
merge 84: (87, 101) -> 340 (count 13626)
merge 85: (111, 109) -> 341 (count 13512)
merge 86: (117, 263) -> 342 (count 13452)
merge 87: (32, 282) -> 343 (count 13296)
merge 88: (271, 101) -> 344 (count 13036)
merge 89: (269, 107) -> 345 (count 12925)
merge 90: (101, 116) -> 346 (count 12858)
merge 91: (111, 116) -> 347 (count 12752)
merge 92: (32, 40) -> 348 (count 12728)
merge 93: (306, 271) -> 349 (count 12620)
merge 94: (32, 257) -> 350 (count 12544)
merge 95: (294, 92) -> 351 (count 12516)
merge 96: (121, 115) -> 352 (count 12487)
merge 97: (268, 257) -> 353 (count 12229)
merge 98: (114, 97) -> 354 (count 12160)
merge 99: (260, 115) -> 355 (count 12117)
merge 100: (112, 264) -> 356 (count 12079)
merge 101: (273, 115) -> 357 (count 12042)
merge 102: (99, 101) -> 358 (count 11986)
merge 103: (32, 118) -> 359 (count 11889)
merge 104: (32, 92) -> 360 (count 11710)
merge 105: (117, 110) -> 361 (count 11594)
merge 106: (284, 121) -> 362 (count 11484)
merge 107: (303, 101) -> 363 (count 11201)
merge 108: (105, 108) -> 364 (count 11177)
merge 109: (102, 102) -> 365 (count 11145)
merge 110: (263, 115) -> 366 (count 11006)
merge 111: (287, 101) -> 367 (count 10930)
merge 112: (265, 116) -> 368 (count 10913)
merge 113: (112, 108) -> 369 (count 10804)
merge 114: (272, 269) -> 370 (count 10510)
merge 115: (117, 100) -> 371 (count 10255)
merge 116: (266, 264) -> 372 (count 10215)
merge 117: (279, 109) -> 373 (count 10211)
merge 118: (265, 99) -> 374 (count 10129)
merge 119: (283, 326) -> 375 (count 10122)
merge 120: (116, 101) -> 376 (count 10034)
merge 121: (98, 289) -> 377 (count 9992)
merge 122: (32, 83) -> 378 (count 9980)
merge 123: (105, 114) -> 379 (count 9950)
merge 124: (118, 264) -> 380 (count 9918)
merge 125: (32, 340) -> 381 (count 9811)
merge 126: (265, 112) -> 382 (count 9746)
merge 127: (103, 101) -> 383 (count 9671)
merge 128: (331, 259) -> 384 (count 9511)
merge 129: (280, 101) -> 385 (count 9510)
merge 130: (296, 115) -> 386 (count 9484)
merge 131: (260, 116) -> 387 (count 9453)
merge 132: (298, 115) -> 388 (count 9410)
merge 133: (117, 277) -> 389 (count 9387)
merge 134: (301, 115) -> 390 (count 9290)
merge 135: (300, 116) -> 391 (count 9198)
merge 136: (100, 312) -> 392 (count 9153)
merge 137: (316, 104) -> 393 (count 9083)
merge 138: (125, 36) -> 394 (count 8906)
merge 139: (32, 67) -> 395 (count 8894)
merge 140: (261, 319) -> 396 (count 8849)
merge 141: (115, 101) -> 397 (count 8842)
merge 142: (291, 121) -> 398 (count 8784)
merge 143: (291, 101) -> 399 (count 8764)
merge 144: (288, 116) -> 400 (count 8763)
merge 145: (292, 267) -> 401 (count 8732)
merge 146: (274, 373) -> 402 (count 8730)
merge 147: (271, 307) -> 403 (count 8627)
merge 148: (116, 111) -> 404 (count 8596)
merge 149: (313, 101) -> 405 (count 8587)
merge 150: (32, 325) -> 406 (count 8580)
merge 151: (108, 108) -> 407 (count 8540)
merge 152: (97, 100) -> 408 (count 8537)
merge 153: (32, 77) -> 409 (count 8482)
merge 154: (308, 335) -> 410 (count 8232)
merge 155: (105, 122) -> 411 (count 8105)
merge 156: (260, 263) -> 412 (count 8033)
merge 157: (97, 118) -> 413 (count 8017)
merge 158: (117, 116) -> 414 (count 7981)
merge 159: (32, 73) -> 415 (count 7877)
merge 160: (109, 97) -> 416 (count 7845)
merge 161: (268, 104) -> 417 (count 7805)
merge 162: (109, 299) -> 418 (count 7761)
merge 163: (268, 317) -> 419 (count 7723)
merge 164: (114, 288) -> 420 (count 7719)
merge 165: (99, 104) -> 421 (count 7691)
merge 166: (95, 123) -> 422 (count 7599)
merge 167: (105, 98) -> 423 (count 7595)
merge 168: (105, 257) -> 424 (count 7568)
merge 169: (272, 104) -> 425 (count 7479)
merge 170: (287, 104) -> 426 (count 7390)
merge 171: (112, 112) -> 427 (count 7301)
merge 172: (375, 297) -> 428 (count 7222)
merge 173: (109, 101) -> 429 (count 7021)
merge 174: (94, 123) -> 430 (count 6996)
merge 175: (263, 110) -> 431 (count 6995)
merge 176: (117, 290) -> 432 (count 6947)
merge 177: (280, 105) -> 433 (count 6933)
merge 178: (280, 282) -> 434 (count 6922)
merge 179: (32, 68) -> 435 (count 6912)
merge 180: (32, 65) -> 436 (count 6804)
merge 181: (275, 98) -> 437 (count 6799)
merge 182: (283, 390) -> 438 (count 6795)
merge 183: (105, 102) -> 439 (count 6694)
merge 184: (265, 290) -> 440 (count 6652)
merge 185: (263, 100) -> 441 (count 6650)
merge 186: (114, 109) -> 442 (count 6603)
merge 187: (276, 115) -> 443 (count 6595)
merge 188: (271, 286) -> 444 (count 6512)
merge 189: (100, 105) -> 445 (count 6489)
merge 190: (32, 72) -> 446 (count 6463)
merge 191: (306, 282) -> 447 (count 6441)
merge 192: (103, 121) -> 448 (count 6296)
merge 193: (105, 276) -> 449 (count 6268)
merge 194: (297, 100) -> 450 (count 6226)
merge 195: (32, 70) -> 451 (count 6200)
merge 196: (97, 103) -> 452 (count 6193)
merge 197: (265, 117) -> 453 (count 6115)
merge 198: (258, 101) -> 454 (count 6111)
merge 199: (105, 450) -> 455 (count 6106)
merge 200: (302, 116) -> 456 (count 6075)
merge 201: (310, 257) -> 457 (count 6065)
merge 202: (263, 99) -> 458 (count 6032)
merge 203: (32, 80) -> 459 (count 6002)
merge 204: (261, 267) -> 460 (count 5971)
merge 205: (268, 288) -> 461 (count 5937)
merge 206: (32, 289) -> 462 (count 5923)
merge 207: (270, 107) -> 463 (count 5856)
merge 208: (290, 97) -> 464 (count 5841)
merge 209: (97, 121) -> 465 (count 5767)
merge 210: (363, 432) -> 466 (count 5734)
merge 211: (265, 104) -> 467 (count 5726)
merge 212: (32, 270) -> 468 (count 5700)
merge 213: (295, 365) -> 469 (count 5661)
merge 214: (32, 66) -> 470 (count 5622)
merge 215: (281, 307) -> 471 (count 5609)
merge 216: (32, 76) -> 472 (count 5603)
merge 217: (264, 118) -> 473 (count 5561)
merge 218: (289, 99) -> 474 (count 5517)
merge 219: (266, 100) -> 475 (count 5510)
merge 220: (280, 300) -> 476 (count 5501)
merge 221: (269, 121) -> 477 (count 5463)
merge 222: (261, 118) -> 478 (count 5404)
merge 223: (111, 112) -> 479 (count 5308)
merge 224: (259, 114) -> 480 (count 5251)
merge 225: (415, 110) -> 481 (count 5218)
merge 226: (271, 276) -> 482 (count 5215)
merge 227: (374, 267) -> 483 (count 5215)
merge 228: (388, 309) -> 484 (count 5151)
merge 229: (393, 116) -> 485 (count 5140)
merge 230: (116, 257) -> 486 (count 5134)
merge 231: (32, 361) -> 487 (count 5130)
merge 232: (114, 105) -> 488 (count 5129)
merge 233: (270, 109) -> 489 (count 5116)
merge 234: (292, 104) -> 490 (count 5073)
merge 235: (97, 107) -> 491 (count 5068)
merge 236: (32, 71) -> 492 (count 4982)
merge 237: (280, 345) -> 493 (count 4970)
merge 238: (32, 333) -> 494 (count 4934)
merge 239: (100, 264) -> 495 (count 4918)
merge 240: (391, 270) -> 496 (count 4900)
merge 241: (111, 263) -> 497 (count 4871)
merge 242: (316, 110) -> 498 (count 4861)
merge 243: (269, 105) -> 499 (count 4858)
merge 244: (268, 270) -> 500 (count 4841)
merge 245: (101, 86) -> 501 (count 4806)
merge 246: (265, 101) -> 502 (count 4782)
merge 247: (426, 490) -> 503 (count 4776)
merge 248: (274, 258) -> 504 (count 4776)
merge 249: (121, 109) -> 505 (count 4758)
merge 250: (292, 115) -> 506 (count 4743)
merge 251: (111, 103) -> 507 (count 4727)
merge 252: (295, 118) -> 508 (count 4723)
merge 253: (290, 423) -> 509 (count 4709)
merge 254: (269, 100) -> 510 (count 4702)
merge 255: (437, 115) -> 511 (count 4678)
merge 256: (260, 108) -> 512 (count 4678)
merge 257: (116, 278) -> 513 (count 4654)
merge 258: (283, 403) -> 514 (count 4591)
merge 259: (372, 448) -> 515 (count 4583)
merge 260: (32, 81) -> 516 (count 4570)
merge 261: (429, 290) -> 517 (count 4551)
merge 262: (41, 36) -> 518 (count 4533)
merge 263: (505, 517) -> 519 (count 4520)
merge 264: (509, 117) -> 520 (count 4520)
merge 265: (337, 267) -> 521 (count 4421)
merge 266: (115, 116) -> 522 (count 4419)
merge 267: (311, 267) -> 523 (count 4406)
merge 268: (32, 69) -> 524 (count 4383)
merge 269: (99, 267) -> 525 (count 4382)
merge 270: (511, 473) -> 526 (count 4379)
merge 271: (258, 111) -> 527 (count 4371)
merge 272: (303, 257) -> 528 (count 4334)
merge 273: (257, 103) -> 529 (count 4330)
merge 274: (97, 98) -> 530 (count 4325)
merge 275: (260, 99) -> 531 (count 4325)
merge 276: (32, 305) -> 532 (count 4322)
merge 277: (108, 117) -> 533 (count 4287)
merge 278: (112, 104) -> 534 (count 4274)
merge 279: (312, 116) -> 535 (count 4268)
merge 280: (32, 78) -> 536 (count 4265)
merge 281: (356, 305) -> 537 (count 4199)
merge 282: (281, 99) -> 538 (count 4191)
merge 283: (537, 299) -> 539 (count 4189)
merge 284: (271, 342) -> 540 (count 4180)
merge 285: (308, 407) -> 541 (count 4177)
merge 286: (370, 405) -> 542 (count 4157)
merge 287: (32, 354) -> 543 (count 4155)
merge 288: (256, 420) -> 544 (count 4150)
merge 289: (469, 300) -> 545 (count 4148)
merge 290: (274, 114) -> 546 (count 4114)
merge 291: (318, 392) -> 547 (count 4106)
merge 292: (274, 455) -> 548 (count 4102)
merge 293: (67, 68) -> 549 (count 4067)
merge 294: (302, 107) -> 550 (count 4053)
merge 295: (266, 115) -> 551 (count 4018)
merge 296: (323, 539) -> 552 (count 4004)
merge 297: (118, 339) -> 553 (count 3993)
merge 298: (431, 116) -> 554 (count 3993)
merge 299: (271, 270) -> 555 (count 3989)
merge 300: (119, 111) -> 556 (count 3974)
merge 301: (265, 498) -> 557 (count 3972)
merge 302: (284, 115) -> 558 (count 3963)
merge 303: (370, 311) -> 559 (count 3937)
merge 304: (272, 366) -> 560 (count 3932)
merge 305: (271, 104) -> 561 (count 3928)
merge 306: (108, 111) -> 562 (count 3917)
merge 307: (121, 110) -> 563 (count 3914)
merge 308: (266, 358) -> 564 (count 3910)
merge 309: (263, 101) -> 565 (count 3903)
merge 310: (297, 108) -> 566 (count 3892)
merge 311: (117, 369) -> 567 (count 3880)
merge 312: (288, 358) -> 568 (count 3870)
merge 313: (271, 278) -> 569 (count 3867)
merge 314: (301, 101) -> 570 (count 3857)
merge 315: (97, 377) -> 571 (count 3857)
merge 316: (100, 101) -> 572 (count 3853)
merge 317: (260, 427) -> 573 (count 3828)
merge 318: (368, 371) -> 574 (count 3819)
merge 319: (97, 319) -> 575 (count 3795)
merge 320: (108, 276) -> 576 (count 3773)
merge 321: (318, 553) -> 577 (count 3762)
merge 322: (330, 372) -> 578 (count 3736)
merge 323: (97, 396) -> 579 (count 3730)
merge 324: (542, 307) -> 580 (count 3730)
merge 325: (315, 109) -> 581 (count 3721)
merge 326: (115, 111) -> 582 (count 3698)
merge 327: (119, 463) -> 583 (count 3693)
merge 328: (32, 259) -> 584 (count 3690)
merge 329: (272, 264) -> 585 (count 3680)
merge 330: (281, 118) -> 586 (count 3675)
merge 331: (112, 475) -> 587 (count 3671)
merge 332: (467, 338) -> 588 (count 3667)
merge 333: (261, 276) -> 589 (count 3656)
merge 334: (267, 108) -> 590 (count 3644)
merge 335: (49, 48) -> 591 (count 3639)
merge 336: (256, 556) -> 592 (count 3632)
merge 337: (111, 333) -> 593 (count 3610)
merge 338: (328, 258) -> 594 (count 3609)
merge 339: (464, 258) -> 595 (count 3599)
merge 340: (298, 108) -> 596 (count 3582)
merge 341: (417, 269) -> 597 (count 3542)
merge 342: (302, 101) -> 598 (count 3534)
merge 343: (119, 101) -> 599 (count 3525)
merge 344: (484, 336) -> 600 (count 3520)
merge 345: (312, 289) -> 601 (count 3499)
merge 346: (109, 561) -> 602 (count 3497)
merge 347: (328, 277) -> 603 (count 3476)
merge 348: (266, 310) -> 604 (count 3474)
merge 349: (406, 345) -> 605 (count 3471)
merge 350: (32, 114) -> 606 (count 3467)
merge 351: (110, 101) -> 607 (count 3461)
merge 352: (532, 112) -> 608 (count 3459)
merge 353: (283, 101) -> 609 (count 3450)
merge 354: (280, 271) -> 610 (count 3449)
merge 355: (117, 112) -> 611 (count 3438)
merge 356: (117, 103) -> 612 (count 3434)
merge 357: (32, 79) -> 613 (count 3433)
merge 358: (105, 317) -> 614 (count 3429)
merge 359: (102, 489) -> 615 (count 3408)
merge 360: (266, 460) -> 616 (count 3402)
merge 361: (382, 300) -> 617 (count 3389)
merge 362: (298, 103) -> 618 (count 3379)
merge 363: (308, 567) -> 619 (count 3374)
merge 364: (563, 313) -> 620 (count 3332)
merge 365: (118, 297) -> 621 (count 3311)
merge 366: (361, 99) -> 622 (count 3292)
merge 367: (32, 266) -> 623 (count 3263)
merge 368: (287, 259) -> 624 (count 3258)
merge 369: (546, 405) -> 625 (count 3254)
merge 370: (279, 115) -> 626 (count 3248)
merge 371: (111, 389) -> 627 (count 3243)
merge 372: (270, 121) -> 628 (count 3238)
merge 373: (419, 595) -> 629 (count 3208)
merge 374: (116, 279) -> 630 (count 3200)
merge 375: (411, 296) -> 631 (count 3199)
merge 376: (282, 116) -> 632 (count 3198)
merge 377: (466, 527) -> 633 (count 3196)
merge 378: (309, 269) -> 634 (count 3191)
merge 379: (610, 97) -> 635 (count 3178)
merge 380: (32, 107) -> 636 (count 3178)
merge 381: (354, 118) -> 637 (count 3175)
merge 382: (264, 109) -> 638 (count 3158)
merge 383: (329, 393) -> 639 (count 3150)
merge 384: (359, 105) -> 640 (count 3146)
merge 385: (114, 257) -> 641 (count 3142)
merge 386: (295, 474) -> 642 (count 3138)
merge 387: (105, 289) -> 643 (count 3135)
merge 388: (274, 108) -> 644 (count 3123)
merge 389: (516, 549) -> 645 (count 3097)
merge 390: (331, 104) -> 646 (count 3079)
merge 391: (276, 261) -> 647 (count 3074)
merge 392: (32, 515) -> 648 (count 3062)
merge 393: (625, 583) -> 649 (count 3055)
merge 394: (98, 269) -> 650 (count 3046)
merge 395: (305, 101) -> 651 (count 3041)
merge 396: (257, 100) -> 652 (count 3031)
merge 397: (116, 104) -> 653 (count 3027)
merge 398: (612, 104) -> 654 (count 3023)
merge 399: (302, 104) -> 655 (count 3020)
merge 400: (267, 314) -> 656 (count 2998)
merge 401: (32, 82) -> 657 (count 2951)
merge 402: (603, 510) -> 658 (count 2937)
merge 403: (519, 121) -> 659 (count 2914)
merge 404: (118, 105) -> 660 (count 2902)
merge 405: (323, 112) -> 661 (count 2900)
merge 406: (573, 279) -> 662 (count 2885)
merge 407: (264, 115) -> 663 (count 2875)
merge 408: (36, 44) -> 664 (count 2875)
merge 409: (324, 507) -> 665 (count 2864)
merge 410: (425, 352) -> 666 (count 2864)
merge 411: (297, 121) -> 667 (count 2858)
merge 412: (296, 267) -> 668 (count 2840)
merge 413: (32, 85) -> 669 (count 2834)
merge 414: (352, 376) -> 670 (count 2821)
merge 415: (535, 342) -> 671 (count 2808)
merge 416: (265, 305) -> 672 (count 2802)
merge 417: (433, 365) -> 673 (count 2801)
merge 418: (341, 299) -> 674 (count 2790)
merge 419: (270, 116) -> 675 (count 2770)
merge 420: (99, 443) -> 676 (count 2765)
merge 421: (120, 116) -> 677 (count 2749)
merge 422: (279, 389) -> 678 (count 2739)
merge 423: (347, 104) -> 679 (count 2739)
merge 424: (574, 121) -> 680 (count 2725)
merge 425: (471, 302) -> 681 (count 2721)
merge 426: (347, 616) -> 682 (count 2718)
merge 427: (262, 397) -> 683 (count 2718)
merge 428: (99, 111) -> 684 (count 2706)
merge 429: (441, 292) -> 685 (count 2701)
merge 430: (400, 332) -> 686 (count 2700)
merge 431: (646, 282) -> 687 (count 2697)
merge 432: (560, 299) -> 688 (count 2672)
merge 433: (504, 100) -> 689 (count 2672)
merge 434: (547, 273) -> 690 (count 2669)
merge 435: (111, 322) -> 691 (count 2665)
merge 436: (265, 670) -> 692 (count 2663)
merge 437: (105, 120) -> 693 (count 2662)
merge 438: (413, 121) -> 694 (count 2651)
merge 439: (260, 407) -> 695 (count 2637)
merge 440: (476, 465) -> 696 (count 2634)
merge 441: (97, 112) -> 697 (count 2623)
merge 442: (274, 622) -> 698 (count 2622)
merge 443: (284, 371) -> 699 (count 2621)
merge 444: (32, 87) -> 700 (count 2621)
merge 445: (291, 346) -> 701 (count 2619)
merge 446: (494, 278) -> 702 (count 2612)
merge 447: (303, 601) -> 703 (count 2612)
merge 448: (422, 92) -> 704 (count 2607)
merge 449: (483, 269) -> 705 (count 2601)
merge 450: (105, 107) -> 706 (count 2600)
merge 451: (272, 682) -> 707 (count 2593)
merge 452: (272, 685) -> 708 (count 2588)
merge 453: (364, 108) -> 709 (count 2587)
merge 454: (521, 352) -> 710 (count 2579)
merge 455: (456, 270) -> 711 (count 2572)
merge 456: (619, 278) -> 712 (count 2571)
merge 457: (97, 117) -> 713 (count 2558)
merge 458: (312, 104) -> 714 (count 2553)
merge 459: (439, 292) -> 715 (count 2550)
merge 460: (45, 45) -> 716 (count 2544)
merge 461: (263, 108) -> 717 (count 2543)
merge 462: (316, 103) -> 718 (count 2541)
merge 463: (281, 102) -> 719 (count 2510)
merge 464: (108, 371) -> 720 (count 2509)
merge 465: (330, 637) -> 721 (count 2498)
merge 466: (440, 671) -> 722 (count 2493)
merge 467: (609, 301) -> 723 (count 2492)
merge 468: (94, 43) -> 724 (count 2484)
merge 469: (452, 607) -> 725 (count 2477)
merge 470: (326, 297) -> 726 (count 2469)
merge 471: (626, 115) -> 727 (count 2461)
merge 472: (288, 110) -> 728 (count 2456)
merge 473: (97, 277) -> 729 (count 2455)
merge 474: (599, 266) -> 730 (count 2445)
merge 475: (267, 117) -> 731 (count 2439)
merge 476: (701, 730) -> 732 (count 2436)
merge 477: (266, 457) -> 733 (count 2431)
merge 478: (111, 289) -> 734 (count 2419)
merge 479: (718, 115) -> 735 (count 2416)
merge 480: (324, 117) -> 736 (count 2415)
merge 481: (112, 105) -> 737 (count 2413)
merge 482: (512, 582) -> 738 (count 2411)
merge 483: (291, 679) -> 739 (count 2405)
merge 484: (260, 120) -> 740 (count 2402)
merge 485: (260, 100) -> 741 (count 2391)
merge 486: (116, 286) -> 742 (count 2388)
merge 487: (363, 119) -> 743 (count 2385)
merge 488: (279, 654) -> 744 (count 2382)
merge 489: (418, 115) -> 745 (count 2379)
merge 490: (665, 401) -> 746 (count 2372)
merge 491: (268, 267) -> 747 (count 2368)
merge 492: (327, 258) -> 748 (count 2367)
merge 493: (105, 286) -> 749 (count 2364)
merge 494: (723, 342) -> 750 (count 2351)
merge 495: (430, 45) -> 751 (count 2341)
merge 496: (323, 369) -> 752 (count 2340)
merge 497: (125, 92) -> 753 (count 2339)
merge 498: (99, 276) -> 754 (count 2339)
merge 499: (403, 278) -> 755 (count 2339)
merge 500: (288, 103) -> 756 (count 2334)
merge 501: (380, 397) -> 757 (count 2333)
merge 502: (318, 98) -> 758 (count 2332)
merge 503: (268, 108) -> 759 (count 2331)
merge 504: (408, 641) -> 760 (count 2325)
merge 505: (295, 325) -> 761 (count 2321)
merge 506: (320, 269) -> 762 (count 2320)
merge 507: (105, 118) -> 763 (count 2318)
merge 508: (317, 290) -> 764 (count 2317)
merge 509: (544, 115) -> 765 (count 2285)
merge 510: (116, 322) -> 766 (count 2282)
merge 511: (584, 694) -> 767 (count 2281)
merge 512: (313, 416) -> 768 (count 2278)
merge 513: (283, 674) -> 769 (count 2277)
merge 514: (320, 305) -> 770 (count 2277)
merge 515: (280, 346) -> 771 (count 2264)
merge 516: (262, 628) -> 772 (count 2255)
merge 517: (341, 101) -> 773 (count 2253)
merge 518: (284, 101) -> 774 (count 2253)
merge 519: (468, 495) -> 775 (count 2253)
merge 520: (725, 311) -> 776 (count 2251)
merge 521: (116, 480) -> 777 (count 2245)
merge 522: (268, 322) -> 778 (count 2241)
merge 523: (99, 309) -> 779 (count 2239)
merge 524: (409, 726) -> 780 (count 2237)
merge 525: (382, 598) -> 781 (count 2233)
merge 526: (303, 332) -> 782 (count 2219)
merge 527: (425, 570) -> 783 (count 2217)
merge 528: (109, 117) -> 784 (count 2213)
merge 529: (766, 98) -> 785 (count 2212)
merge 530: (298, 112) -> 786 (count 2209)
merge 531: (97, 352) -> 787 (count 2201)
merge 532: (520, 273) -> 788 (count 2193)
merge 533: (406, 686) -> 789 (count 2188)
merge 534: (313, 98) -> 790 (count 2187)
merge 535: (411, 286) -> 791 (count 2182)
merge 536: (334, 101) -> 792 (count 2179)
merge 537: (747, 779) -> 793 (count 2179)
merge 538: (300, 273) -> 794 (count 2176)
merge 539: (647, 103) -> 795 (count 2171)
merge 540: (260, 98) -> 796 (count 2171)
merge 541: (323, 116) -> 797 (count 2170)
merge 542: (520, 357) -> 798 (count 2168)
merge 543: (306, 744) -> 799 (count 2164)
merge 544: (115, 109) -> 800 (count 2163)
merge 545: (32, 558) -> 801 (count 2149)
merge 546: (259, 115) -> 802 (count 2145)
merge 547: (586, 795) -> 803 (count 2140)
merge 548: (276, 99) -> 804 (count 2126)
merge 549: (440, 529) -> 805 (count 2116)
merge 550: (368, 482) -> 806 (count 2116)
merge 551: (325, 345) -> 807 (count 2112)
merge 552: (587, 299) -> 808 (count 2110)
merge 553: (379, 522) -> 809 (count 2109)
merge 554: (309, 261) -> 810 (count 2107)
merge 555: (301, 286) -> 811 (count 2103)
merge 556: (260, 114) -> 812 (count 2103)
merge 557: (413, 270) -> 813 (count 2101)
merge 558: (291, 627) -> 814 (count 2101)
merge 559: (308, 800) -> 815 (count 2099)
merge 560: (259, 110) -> 816 (count 2094)
merge 561: (428, 115) -> 817 (count 2091)
merge 562: (673, 101) -> 818 (count 2081)
merge 563: (624, 263) -> 819 (count 2078)
merge 564: (320, 485) -> 820 (count 2075)
merge 565: (364, 362) -> 821 (count 2072)
merge 566: (104, 288) -> 822 (count 2067)
merge 567: (95, 92) -> 823 (count 2062)
merge 568: (368, 344) -> 824 (count 2059)
merge 569: (112, 486) -> 825 (count 2057)
merge 570: (262, 379) -> 826 (count 2051)
merge 571: (282, 109) -> 827 (count 2050)
merge 572: (541, 282) -> 828 (count 2044)
merge 573: (538, 720) -> 829 (count 2043)
merge 574: (335, 108) -> 830 (count 2042)
merge 575: (94, 45) -> 831 (count 2041)
merge 576: (265, 604) -> 832 (count 2038)
merge 577: (320, 338) -> 833 (count 2037)
merge 578: (280, 620) -> 834 (count 2037)
merge 579: (310, 319) -> 835 (count 2031)
merge 580: (281, 404) -> 836 (count 2031)
merge 581: (382, 258) -> 837 (count 2030)
merge 582: (543, 445) -> 838 (count 2028)
merge 583: (710, 282) -> 839 (count 2027)
merge 584: (265, 714) -> 840 (count 2021)
merge 585: (318, 112) -> 841 (count 2020)
merge 586: (287, 463) -> 842 (count 2015)
merge 587: (350, 101) -> 843 (count 2014)
merge 588: (32, 389) -> 844 (count 2013)
merge 589: (282, 311) -> 845 (count 2011)
merge 590: (408, 278) -> 846 (count 2011)
merge 591: (629, 336) -> 847 (count 2009)
merge 592: (446, 735) -> 848 (count 2009)
merge 593: (706, 101) -> 849 (count 2008)
merge 594: (274, 711) -> 850 (count 2000)
merge 595: (289, 418) -> 851 (count 1998)
merge 596: (713, 383) -> 852 (count 1988)
merge 597: (97, 258) -> 853 (count 1988)
merge 598: (666, 506) -> 854 (count 1987)
merge 599: (425, 347) -> 855 (count 1981)
merge 600: (545, 396) -> 856 (count 1980)
merge 601: (374, 755) -> 857 (count 1979)
merge 602: (284, 668) -> 858 (count 1977)
merge 603: (545, 336) -> 859 (count 1975)
merge 604: (115, 305) -> 860 (count 1972)
merge 605: (324, 269) -> 861 (count 1966)
merge 606: (298, 99) -> 862 (count 1962)
merge 607: (318, 676) -> 863 (count 1962)
merge 608: (458, 116) -> 864 (count 1961)
merge 609: (602, 442) -> 865 (count 1959)
merge 610: (256, 101) -> 866 (count 1948)
merge 611: (99, 333) -> 867 (count 1947)
merge 612: (36, 45) -> 868 (count 1945)
merge 613: (261, 102) -> 869 (count 1942)
merge 614: (112, 269) -> 870 (count 1940)
merge 615: (100, 97) -> 871 (count 1934)
merge 616: (274, 809) -> 872 (count 1932)
merge 617: (790, 871) -> 873 (count 1927)
merge 618: (453, 98) -> 874 (count 1927)
merge 619: (32, 49) -> 875 (count 1922)
merge 620: (617, 290) -> 876 (count 1917)
merge 621: (613, 322) -> 877 (count 1915)
merge 622: (273, 267) -> 878 (count 1914)
merge 623: (291, 477) -> 879 (count 1907)
merge 624: (32, 611) -> 880 (count 1907)
merge 625: (265, 659) -> 881 (count 1905)
merge 626: (97, 478) -> 882 (count 1902)
merge 627: (84, 259) -> 883 (count 1898)
merge 628: (572, 808) -> 884 (count 1877)
merge 629: (32, 279) -> 885 (count 1866)
merge 630: (544, 310) -> 886 (count 1864)
merge 631: (426, 643) -> 887 (count 1860)
merge 632: (736, 273) -> 888 (count 1854)
merge 633: (41, 44) -> 889 (count 1853)
merge 634: (112, 289) -> 890 (count 1851)
merge 635: (103, 678) -> 891 (count 1850)
merge 636: (328, 98) -> 892 (count 1847)
merge 637: (299, 115) -> 893 (count 1847)
merge 638: (272, 108) -> 894 (count 1838)
merge 639: (320, 111) -> 895 (count 1836)
merge 640: (291, 550) -> 896 (count 1834)
merge 641: (552, 267) -> 897 (count 1826)
merge 642: (438, 276) -> 898 (count 1825)
merge 643: (276, 116) -> 899 (count 1822)
merge 644: (261, 109) -> 900 (count 1814)
merge 645: (272, 97) -> 901 (count 1813)
merge 646: (330, 852) -> 902 (count 1813)
merge 647: (500, 717) -> 903 (count 1797)
merge 648: (283, 810) -> 904 (count 1792)
merge 649: (32, 50) -> 905 (count 1783)
merge 650: (307, 109) -> 906 (count 1781)
merge 651: (117, 98) -> 907 (count 1779)
merge 652: (414, 342) -> 908 (count 1769)
merge 653: (32, 284) -> 909 (count 1767)
merge 654: (329, 760) -> 910 (count 1760)
merge 655: (551, 362) -> 911 (count 1759)
merge 656: (292, 105) -> 912 (count 1756)
merge 657: (286, 105) -> 913 (count 1749)
merge 658: (260, 830) -> 914 (count 1740)
merge 659: (111, 258) -> 915 (count 1739)
merge 660: (378, 658) -> 916 (count 1738)
merge 661: (265, 109) -> 917 (count 1724)
merge 662: (265, 278) -> 918 (count 1724)
merge 663: (476, 787) -> 919 (count 1720)
merge 664: (577, 101) -> 920 (count 1716)
merge 665: (116, 259) -> 921 (count 1715)
merge 666: (672, 309) -> 922 (count 1702)
merge 667: (385, 109) -> 923 (count 1702)
merge 668: (283, 271) -> 924 (count 1701)
merge 669: (728, 297) -> 925 (count 1699)
merge 670: (264, 540) -> 926 (count 1692)
merge 671: (308, 109) -> 927 (count 1691)
merge 672: (280, 264) -> 928 (count 1685)
merge 673: (110, 117) -> 929 (count 1684)
merge 674: (923, 764) -> 930 (count 1683)
merge 675: (103, 768) -> 931 (count 1682)
merge 676: (353, 102) -> 932 (count 1682)
merge 677: (272, 334) -> 933 (count 1676)
merge 678: (500, 458) -> 934 (count 1668)
merge 679: (681, 357) -> 935 (count 1666)
merge 680: (437, 594) -> 936 (count 1665)
merge 681: (521, 121) -> 937 (count 1664)
merge 682: (280, 804) -> 938 (count 1659)
merge 683: (740, 424) -> 939 (count 1657)
merge 684: (105, 319) -> 940 (count 1656)
merge 685: (283, 276) -> 941 (count 1654)
merge 686: (530, 576) -> 942 (count 1653)
merge 687: (275, 322) -> 943 (count 1653)
merge 688: (478, 362) -> 944 (count 1651)
merge 689: (283, 346) -> 945 (count 1644)
merge 690: (120, 305) -> 946 (count 1634)
merge 691: (303, 347) -> 947 (count 1634)
merge 692: (258, 334) -> 948 (count 1632)
merge 693: (721, 858) -> 949 (count 1631)
merge 694: (305, 733) -> 950 (count 1628)
merge 695: (112, 300) -> 951 (count 1624)
merge 696: (125, 40) -> 952 (count 1623)
merge 697: (692, 109) -> 953 (count 1618)
merge 698: (762, 383) -> 954 (count 1618)
merge 699: (392, 286) -> 955 (count 1616)
merge 700: (394, 44) -> 956 (count 1613)
merge 701: (274, 908) -> 957 (count 1611)
merge 702: (266, 499) -> 958 (count 1608)
merge 703: (265, 496) -> 959 (count 1606)
merge 704: (32, 339) -> 960 (count 1606)
merge 705: (555, 115) -> 961 (count 1605)
merge 706: (290, 292) -> 962 (count 1604)
merge 707: (111, 414) -> 963 (count 1603)
merge 708: (914, 699) -> 964 (count 1603)
merge 709: (110, 105) -> 965 (count 1599)
merge 710: (104, 326) -> 966 (count 1598)
merge 711: (803, 344) -> 967 (count 1598)
merge 712: (401, 314) -> 968 (count 1597)
merge 713: (828, 614) -> 969 (count 1593)
merge 714: (275, 356) -> 970 (count 1592)
merge 715: (268, 727) -> 971 (count 1589)
merge 716: (306, 565) -> 972 (count 1588)
merge 717: (366, 115) -> 973 (count 1586)
merge 718: (103, 114) -> 974 (count 1583)
merge 719: (101, 328) -> 975 (count 1580)
merge 720: (287, 566) -> 976 (count 1575)
merge 721: (374, 958) -> 977 (count 1575)
merge 722: (896, 891) -> 978 (count 1575)
merge 723: (72, 67) -> 979 (count 1573)
merge 724: (280, 111) -> 980 (count 1573)
merge 725: (76, 873) -> 981 (count 1568)
merge 726: (108, 849) -> 982 (count 1567)
merge 727: (32, 75) -> 983 (count 1567)
merge 728: (348, 36) -> 984 (count 1565)
merge 729: (99, 105) -> 985 (count 1564)
merge 730: (557, 267) -> 986 (count 1561)
merge 731: (324, 108) -> 987 (count 1560)
merge 732: (258, 286) -> 988 (count 1543)
merge 733: (295, 109) -> 989 (count 1543)
merge 734: (453, 356) -> 990 (count 1540)
merge 735: (32, 61) -> 991 (count 1537)
merge 736: (502, 269) -> 992 (count 1534)
merge 737: (945, 966) -> 993 (count 1533)
merge 738: (98, 264) -> 994 (count 1531)
merge 739: (36, 46) -> 995 (count 1531)
merge 740: (458, 282) -> 996 (count 1530)
merge 741: (32, 420) -> 997 (count 1529)
merge 742: (111, 102) -> 998 (count 1520)
merge 743: (123, 92) -> 999 (count 1518)
merge 744: (369, 292) -> 1000 (count 1517)
merge 745: (32, 106) -> 1001 (count 1517)
merge 746: (585, 785) -> 1002 (count 1512)
merge 747: (281, 376) -> 1003 (count 1510)
merge 748: (32, 121) -> 1004 (count 1510)
merge 749: (341, 266) -> 1005 (count 1504)
merge 750: (324, 100) -> 1006 (count 1502)
merge 751: (816, 1005) -> 1007 (count 1502)
merge 752: (917, 590) -> 1008 (count 1490)
merge 753: (778, 554) -> 1009 (count 1489)
merge 754: (557, 715) -> 1010 (count 1483)
merge 755: (121, 112) -> 1011 (count 1480)
merge 756: (115, 99) -> 1012 (count 1479)
merge 757: (97, 119) -> 1013 (count 1476)
merge 758: (385, 906) -> 1014 (count 1474)
merge 759: (483, 101) -> 1015 (count 1472)
merge 760: (454, 269) -> 1016 (count 1471)
merge 761: (335, 926) -> 1017 (count 1470)
merge 762: (769, 332) -> 1018 (count 1467)
merge 763: (533, 257) -> 1019 (count 1463)
merge 764: (421, 105) -> 1020 (count 1461)
merge 765: (291, 334) -> 1021 (count 1460)
merge 766: (433, 864) -> 1022 (count 1452)
merge 767: (770, 284) -> 1023 (count 1451)
merge 768: (280, 911) -> 1024 (count 1451)
merge 769: (303, 111) -> 1025 (count 1449)
merge 770: (453, 427) -> 1026 (count 1448)
merge 771: (552, 115) -> 1027 (count 1445)
merge 772: (310, 103) -> 1028 (count 1441)
merge 773: (580, 115) -> 1029 (count 1441)
merge 774: (258, 115) -> 1030 (count 1440)
merge 775: (419, 632) -> 1031 (count 1437)
merge 776: (379, 267) -> 1032 (count 1435)
merge 777: (272, 263) -> 1033 (count 1431)
merge 778: (298, 267) -> 1034 (count 1430)
merge 779: (541, 339) -> 1035 (count 1430)
merge 780: (32, 591) -> 1036 (count 1427)
merge 781: (275, 380) -> 1037 (count 1426)
merge 782: (844, 264) -> 1038 (count 1423)
merge 783: (272, 1007) -> 1039 (count 1420)
merge 784: (353, 310) -> 1040 (count 1420)
merge 785: (300, 822) -> 1041 (count 1417)
merge 786: (279, 119) -> 1042 (count 1416)
merge 787: (640, 97) -> 1043 (count 1416)
merge 788: (306, 288) -> 1044 (count 1408)
merge 789: (262, 497) -> 1045 (count 1403)
merge 790: (262, 442) -> 1046 (count 1402)
merge 791: (559, 576) -> 1047 (count 1401)
merge 792: (385, 587) -> 1048 (count 1398)
merge 793: (105, 267) -> 1049 (count 1395)
merge 794: (491, 278) -> 1050 (count 1395)
merge 795: (559, 289) -> 1051 (count 1395)
merge 796: (879, 257) -> 1052 (count 1395)
merge 797: (41, 46) -> 1053 (count 1394)
merge 798: (489, 267) -> 1054 (count 1393)
merge 799: (111, 118) -> 1055 (count 1390)
merge 800: (329, 575) -> 1056 (count 1389)
merge 801: (115, 278) -> 1057 (count 1387)
merge 802: (359, 731) -> 1058 (count 1387)
merge 803: (960, 266) -> 1059 (count 1387)
merge 804: (416, 311) -> 1060 (count 1384)
merge 805: (311, 101) -> 1061 (count 1383)
merge 806: (915, 116) -> 1062 (count 1383)
merge 807: (388, 257) -> 1063 (count 1382)
merge 808: (118, 266) -> 1064 (count 1381)
merge 809: (391, 286) -> 1065 (count 1378)
merge 810: (531, 99) -> 1066 (count 1378)
merge 811: (283, 776) -> 1067 (count 1376)
merge 812: (283, 693) -> 1068 (count 1372)
merge 813: (266, 99) -> 1069 (count 1369)
merge 814: (274, 101) -> 1070 (count 1365)
merge 815: (116, 258) -> 1071 (count 1363)
merge 816: (279, 112) -> 1072 (count 1360)
merge 817: (431, 358) -> 1073 (count 1353)
merge 818: (283, 1041) -> 1074 (count 1351)
merge 819: (417, 925) -> 1075 (count 1351)
merge 820: (103, 286) -> 1076 (count 1344)
merge 821: (271, 1061) -> 1077 (count 1341)
merge 822: (934, 357) -> 1078 (count 1341)
merge 823: (384, 397) -> 1079 (count 1341)
merge 824: (265, 328) -> 1080 (count 1340)
merge 825: (256, 638) -> 1081 (count 1338)
merge 826: (644, 813) -> 1082 (count 1337)
merge 827: (280, 341) -> 1083 (count 1337)
merge 828: (272, 114) -> 1084 (count 1336)
merge 829: (829, 278) -> 1085 (count 1336)
merge 830: (662, 655) -> 1086 (count 1334)
merge 831: (117, 101) -> 1087 (count 1332)
merge 832: (105, 288) -> 1088 (count 1331)
merge 833: (698, 357) -> 1089 (count 1327)
merge 834: (451, 270) -> 1090 (count 1325)
merge 835: (324, 118) -> 1091 (count 1323)
merge 836: (719, 108) -> 1092 (count 1311)
merge 837: (876, 332) -> 1093 (count 1310)
merge 838: (323, 99) -> 1094 (count 1309)
merge 839: (48, 48) -> 1095 (count 1308)
merge 840: (290, 257) -> 1096 (count 1306)
merge 841: (918, 289) -> 1097 (count 1306)
merge 842: (492, 501) -> 1098 (count 1306)
merge 843: (462, 846) -> 1099 (count 1303)
merge 844: (410, 289) -> 1100 (count 1301)
merge 845: (750, 745) -> 1101 (count 1300)
merge 846: (108, 550) -> 1102 (count 1299)
merge 847: (101, 112) -> 1103 (count 1298)
merge 848: (577, 276) -> 1104 (count 1294)
merge 849: (832, 944) -> 1105 (count 1290)
merge 850: (359, 496) -> 1106 (count 1289)
merge 851: (309, 100) -> 1107 (count 1288)
merge 852: (117, 332) -> 1108 (count 1285)
merge 853: (302, 273) -> 1109 (count 1285)
merge 854: (334, 116) -> 1110 (count 1275)
merge 855: (395, 80) -> 1111 (count 1275)
merge 856: (1010, 400) -> 1112 (count 1271)
merge 857: (298, 416) -> 1113 (count 1265)
merge 858: (329, 301) -> 1114 (count 1265)
merge 859: (997, 383) -> 1115 (count 1264)
merge 860: (272, 996) -> 1116 (count 1262)
merge 861: (68, 77) -> 1117 (count 1261)
merge 862: (32, 48) -> 1118 (count 1260)
merge 863: (108, 443) -> 1119 (count 1253)
merge 864: (523, 314) -> 1120 (count 1252)
merge 865: (413, 105) -> 1121 (count 1250)
merge 866: (930, 344) -> 1122 (count 1248)
merge 867: (866, 1017) -> 1123 (count 1245)
merge 868: (834, 506) -> 1124 (count 1245)
merge 869: (337, 103) -> 1125 (count 1245)
merge 870: (297, 328) -> 1126 (count 1244)
merge 871: (462, 825) -> 1127 (count 1241)
merge 872: (101, 269) -> 1128 (count 1238)
merge 873: (472, 979) -> 1129 (count 1237)
merge 874: (435, 77) -> 1130 (count 1237)
merge 875: (310, 377) -> 1131 (count 1236)
merge 876: (526, 942) -> 1132 (count 1234)
merge 877: (886, 273) -> 1133 (count 1232)
merge 878: (578, 267) -> 1134 (count 1231)
merge 879: (299, 314) -> 1135 (count 1230)
merge 880: (256, 651) -> 1136 (count 1230)
merge 881: (350, 314) -> 1137 (count 1228)
merge 882: (1074, 827) -> 1138 (count 1227)
merge 883: (695, 338) -> 1139 (count 1226)
merge 884: (900, 276) -> 1140 (count 1225)
merge 885: (359, 499) -> 1141 (count 1223)
merge 886: (434, 788) -> 1142 (count 1220)
merge 887: (264, 594) -> 1143 (count 1219)
merge 888: (274, 638) -> 1144 (count 1219)
merge 889: (32, 299) -> 1145 (count 1219)
merge 890: (301, 116) -> 1146 (count 1216)
merge 891: (271, 322) -> 1147 (count 1215)
merge 892: (329, 121) -> 1148 (count 1212)
merge 893: (410, 97) -> 1149 (count 1212)
merge 894: (417, 1032) -> 1150 (count 1212)
merge 895: (338, 264) -> 1151 (count 1209)
merge 896: (376, 677) -> 1152 (count 1206)
merge 897: (818, 554) -> 1153 (count 1204)
merge 898: (487, 105) -> 1154 (count 1202)
merge 899: (272, 861) -> 1155 (count 1202)
merge 900: (274, 309) -> 1156 (count 1201)
merge 901: (320, 1077) -> 1157 (count 1199)
merge 902: (526, 286) -> 1158 (count 1195)
merge 903: (301, 311) -> 1159 (count 1191)
merge 904: (353, 798) -> 1160 (count 1181)
merge 905: (328, 117) -> 1161 (count 1177)
merge 906: (708, 357) -> 1162 (count 1176)
merge 907: (116, 288) -> 1163 (count 1172)
merge 908: (341, 267) -> 1164 (count 1172)
merge 909: (855, 257) -> 1165 (count 1171)
merge 910: (758, 101) -> 1166 (count 1168)
merge 911: (1012, 709) -> 1167 (count 1167)
merge 912: (270, 495) -> 1168 (count 1167)
merge 913: (585, 615) -> 1169 (count 1167)
merge 914: (882, 845) -> 1170 (count 1158)
merge 915: (122, 101) -> 1171 (count 1150)
merge 916: (366, 112) -> 1172 (count 1150)
merge 917: (283, 111) -> 1173 (count 1150)
merge 918: (329, 338) -> 1174 (count 1150)
merge 919: (121, 652) -> 1175 (count 1148)
merge 920: (1059, 869) -> 1176 (count 1148)
merge 921: (508, 888) -> 1177 (count 1142)
merge 922: (363, 269) -> 1178 (count 1135)
merge 923: (1172, 652) -> 1179 (count 1132)
merge 924: (320, 529) -> 1180 (count 1132)
merge 925: (1068, 278) -> 1181 (count 1131)
merge 926: (279, 392) -> 1182 (count 1124)
merge 927: (901, 379) -> 1183 (count 1123)
merge 928: (500, 1179) -> 1184 (count 1118)
merge 929: (103, 276) -> 1185 (count 1117)
merge 930: (548, 115) -> 1186 (count 1117)
merge 931: (434, 867) -> 1187 (count 1117)
merge 932: (703, 269) -> 1188 (count 1113)
merge 933: (355, 115) -> 1189 (count 1111)
merge 934: (99, 802) -> 1190 (count 1105)
merge 935: (487, 99) -> 1191 (count 1102)
merge 936: (1003, 974) -> 1192 (count 1101)
merge 937: (304, 112) -> 1193 (count 1100)
merge 938: (283, 913) -> 1194 (count 1099)
merge 939: (504, 774) -> 1195 (count 1098)
merge 940: (275, 414) -> 1196 (count 1097)
merge 941: (1045, 523) -> 1197 (count 1096)
merge 942: (797, 475) -> 1198 (count 1096)
merge 943: (298, 325) -> 1199 (count 1094)
merge 944: (111, 448) -> 1200 (count 1093)
merge 945: (265, 346) -> 1201 (count 1093)
merge 946: (439, 749) -> 1202 (count 1092)
merge 947: (338, 110) -> 1203 (count 1091)
merge 948: (282, 101) -> 1204 (count 1091)
merge 949: (559, 634) -> 1205 (count 1091)
merge 950: (365, 912) -> 1206 (count 1090)
merge 951: (275, 112) -> 1207 (count 1089)
merge 952: (291, 1102) -> 1208 (count 1088)
merge 953: (288, 261) -> 1209 (count 1086)
merge 954: (258, 305) -> 1210 (count 1085)
merge 955: (73, 110) -> 1211 (count 1085)
merge 956: (636, 454) -> 1212 (count 1084)
merge 957: (102, 264) -> 1213 (count 1083)
merge 958: (287, 575) -> 1214 (count 1082)
merge 959: (543, 261) -> 1215 (count 1081)
merge 960: (318, 356) -> 1216 (count 1081)
merge 961: (105, 589) -> 1217 (count 1079)
merge 962: (421, 278) -> 1218 (count 1076)
merge 963: (698, 273) -> 1219 (count 1076)
merge 964: (291, 414) -> 1220 (count 1076)
merge 965: (112, 310) -> 1221 (count 1073)
merge 966: (265, 300) -> 1222 (count 1073)
merge 967: (302, 1108) -> 1223 (count 1071)
merge 968: (927, 98) -> 1224 (count 1071)
merge 969: (47, 92) -> 1225 (count 1069)
merge 970: (1021, 257) -> 1226 (count 1068)
merge 971: (275, 1167) -> 1227 (count 1067)
merge 972: (291, 811) -> 1228 (count 1067)
merge 973: (324, 1200) -> 1229 (count 1065)
merge 974: (97, 333) -> 1230 (count 1065)
merge 975: (44, 92) -> 1231 (count 1062)
merge 976: (301, 276) -> 1232 (count 1060)
merge 977: (368, 269) -> 1233 (count 1060)
merge 978: (112, 273) -> 1234 (count 1057)
merge 979: (536, 101) -> 1235 (count 1056)
merge 980: (117, 267) -> 1236 (count 1051)
merge 981: (662, 946) -> 1237 (count 1047)
merge 982: (256, 114) -> 1238 (count 1043)
merge 983: (102, 108) -> 1239 (count 1042)
merge 984: (741, 445) -> 1240 (count 1041)
merge 985: (863, 276) -> 1241 (count 1036)
merge 986: (337, 1164) -> 1242 (count 1036)
merge 987: (618, 424) -> 1243 (count 1035)
merge 988: (32, 74) -> 1244 (count 1034)
merge 989: (540, 115) -> 1245 (count 1033)
merge 990: (466, 948) -> 1246 (count 1031)
merge 991: (1040, 495) -> 1247 (count 1030)
merge 992: (282, 104) -> 1248 (count 1029)
merge 993: (1046, 267) -> 1249 (count 1028)
merge 994: (272, 1151) -> 1250 (count 1026)
merge 995: (261, 115) -> 1251 (count 1025)
merge 996: (597, 1076) -> 1252 (count 1025)
merge 997: (260, 103) -> 1253 (count 1025)
merge 998: (1004, 455) -> 1254 (count 1023)
merge 999: (419, 290) -> 1255 (count 1022)
merge 1000: (291, 263) -> 1256 (count 1021)
merge 1001: (488, 120) -> 1257 (count 1018)
merge 1002: (499, 400) -> 1258 (count 1016)
merge 1003: (329, 316) -> 1259 (count 1014)
merge 1004: (815, 746) -> 1260 (count 1014)
merge 1005: (1187, 115) -> 1261 (count 1013)
merge 1006: (1031, 299) -> 1262 (count 1012)
merge 1007: (712, 115) -> 1263 (count 1011)
merge 1008: (782, 994) -> 1264 (count 1009)
merge 1009: (283, 465) -> 1265 (count 1004)
merge 1010: (117, 377) -> 1266 (count 1002)
merge 1011: (283, 497) -> 1267 (count 1001)
merge 1012: (101, 593) -> 1268 (count 999)
merge 1013: (261, 429) -> 1269 (count 998)
merge 1014: (782, 264) -> 1270 (count 998)
merge 1015: (681, 273) -> 1271 (count 997)
merge 1016: (322, 777) -> 1272 (count 996)
merge 1017: (399, 1175) -> 1273 (count 995)
merge 1018: (258, 278) -> 1274 (count 994)
merge 1019: (262, 263) -> 1275 (count 994)
merge 1020: (125, 430) -> 1276 (count 992)
merge 1021: (1191, 1143) -> 1277 (count 992)
merge 1022: (642, 630) -> 1278 (count 992)
merge 1023: (394, 46) -> 1279 (count 990)
merge 1024: (761, 296) -> 1280 (count 988)
merge 1025: (640, 324) -> 1281 (count 985)
merge 1026: (32, 51) -> 1282 (count 982)
merge 1027: (519, 292) -> 1283 (count 981)
merge 1028: (110, 278) -> 1284 (count 981)
merge 1029: (117, 376) -> 1285 (count 980)
merge 1030: (1199, 105) -> 1286 (count 980)
merge 1031: (602, 525) -> 1287 (count 979)
merge 1032: (562, 479) -> 1288 (count 977)
merge 1033: (440, 278) -> 1289 (count 976)
merge 1034: (114, 423) -> 1290 (count 975)
merge 1035: (380, 115) -> 1291 (count 974)
merge 1036: (1092, 296) -> 1292 (count 973)
merge 1037: (308, 108) -> 1293 (count 973)
merge 1038: (1069, 121) -> 1294 (count 972)
merge 1039: (608, 279) -> 1295 (count 969)
merge 1040: (615, 296) -> 1296 (count 967)
merge 1041: (288, 383) -> 1297 (count 963)
merge 1042: (484, 513) -> 1298 (count 963)
merge 1043: (260, 112) -> 1299 (count 963)
merge 1044: (621, 479) -> 1300 (count 959)
merge 1045: (941, 257) -> 1301 (count 958)
merge 1046: (32, 276) -> 1302 (count 958)
merge 1047: (534, 97) -> 1303 (count 955)
merge 1048: (359, 1223) -> 1304 (count 955)
merge 1049: (111, 380) -> 1305 (count 953)
merge 1050: (367, 491) -> 1306 (count 953)
merge 1051: (771, 496) -> 1307 (count 952)
merge 1052: (759, 390) -> 1308 (count 952)
merge 1053: (265, 658) -> 1309 (count 951)
merge 1054: (275, 777) -> 1310 (count 951)
merge 1055: (112, 109) -> 1311 (count 950)
merge 1056: (103, 449) -> 1312 (count 950)
merge 1057: (83, 77) -> 1313 (count 945)
merge 1058: (1259, 480) -> 1314 (count 942)
merge 1059: (928, 940) -> 1315 (count 942)
merge 1060: (582, 985) -> 1316 (count 940)
merge 1061: (452, 110) -> 1317 (count 940)
merge 1062: (410, 414) -> 1318 (count 938)
merge 1063: (295, 335) -> 1319 (count 937)
merge 1064: (281, 630) -> 1320 (count 935)
merge 1065: (786, 366) -> 1321 (count 934)
merge 1066: (936, 286) -> 1322 (count 934)
merge 1067: (99, 107) -> 1323 (count 933)
merge 1068: (950, 267) -> 1324 (count 932)
merge 1069: (104, 111) -> 1325 (count 931)
merge 1070: (70, 84) -> 1326 (count 931)
merge 1071: (504, 267) -> 1327 (count 931)
merge 1072: (910, 292) -> 1328 (count 930)
merge 1073: (274, 1272) -> 1329 (count 930)
merge 1074: (660, 593) -> 1330 (count 928)
merge 1075: (287, 339) -> 1331 (count 928)
merge 1076: (1028, 416) -> 1332 (count 927)
merge 1077: (111, 335) -> 1333 (count 927)
merge 1078: (102, 309) -> 1334 (count 926)
merge 1079: (399, 104) -> 1335 (count 924)
merge 1080: (323, 290) -> 1336 (count 923)
merge 1081: (267, 1303) -> 1337 (count 922)
merge 1082: (1083, 258) -> 1338 (count 922)
merge 1083: (333, 116) -> 1339 (count 921)
merge 1084: (434, 798) -> 1340 (count 916)
merge 1085: (599, 491) -> 1341 (count 914)
merge 1086: (534, 105) -> 1342 (count 913)
merge 1087: (97, 120) -> 1343 (count 913)
merge 1088: (281, 105) -> 1344 (count 912)
merge 1089: (297, 102) -> 1345 (count 911)
merge 1090: (334, 286) -> 1346 (count 908)
merge 1091: (359, 264) -> 1347 (count 908)
merge 1092: (765, 757) -> 1348 (count 908)
merge 1093: (895, 525) -> 1349 (count 906)
merge 1094: (624, 110) -> 1350 (count 905)
merge 1095: (265, 691) -> 1351 (count 904)
merge 1096: (119, 510) -> 1352 (count 903)
merge 1097: (370, 486) -> 1353 (count 903)
merge 1098: (647, 109) -> 1354 (count 900)
merge 1099: (992, 1190) -> 1355 (count 900)
merge 1100: (103, 346) -> 1356 (count 899)
merge 1101: (274, 263) -> 1357 (count 897)
merge 1102: (270, 449) -> 1358 (count 896)
merge 1103: (938, 1290) -> 1359 (count 896)
merge 1104: (385, 1300) -> 1360 (count 894)
merge 1105: (353, 445) -> 1361 (count 894)
merge 1106: (462, 621) -> 1362 (count 893)
merge 1107: (1184, 278) -> 1363 (count 893)
merge 1108: (274, 111) -> 1364 (count 892)
merge 1109: (105, 332) -> 1365 (count 888)
merge 1110: (105, 264) -> 1366 (count 888)
merge 1111: (669, 1057) -> 1367 (count 888)
merge 1112: (395, 987) -> 1368 (count 888)
merge 1113: (32, 309) -> 1369 (count 887)
merge 1114: (551, 270) -> 1370 (count 886)
merge 1115: (324, 276) -> 1371 (count 884)
merge 1116: (267, 115) -> 1372 (count 884)
merge 1117: (97, 427) -> 1373 (count 884)
merge 1118: (298, 289) -> 1374 (count 883)
merge 1119: (32, 1354) -> 1375 (count 883)
merge 1120: (32, 86) -> 1376 (count 883)
merge 1121: (399, 266) -> 1377 (count 882)
merge 1122: (45, 36) -> 1378 (count 881)
merge 1123: (32, 372) -> 1379 (count 878)
merge 1124: (115, 525) -> 1380 (count 876)
merge 1125: (274, 691) -> 1381 (count 876)
merge 1126: (330, 1019) -> 1382 (count 874)
merge 1127: (39, 115) -> 1383 (count 872)
merge 1128: (323, 313) -> 1384 (count 872)
merge 1129: (435, 345) -> 1385 (count 872)
merge 1130: (1216, 589) -> 1386 (count 871)
merge 1131: (924, 1257) -> 1387 (count 871)
merge 1132: (1084, 305) -> 1388 (count 868)
merge 1133: (353, 788) -> 1389 (count 868)
merge 1134: (411, 101) -> 1390 (count 867)
merge 1135: (111, 310) -> 1391 (count 866)
merge 1136: (1033, 1330) -> 1392 (count 865)
merge 1137: (1116, 424) -> 1393 (count 860)
merge 1138: (268, 570) -> 1394 (count 860)
merge 1139: (964, 276) -> 1395 (count 860)
merge 1140: (355, 1316) -> 1396 (count 859)
merge 1141: (1081, 115) -> 1397 (count 858)
merge 1142: (98, 267) -> 1398 (count 857)
merge 1143: (494, 101) -> 1399 (count 854)
merge 1144: (518, 44) -> 1400 (count 853)
merge 1145: (76, 79) -> 1401 (count 852)
merge 1146: (302, 307) -> 1402 (count 851)
merge 1147: (101, 325) -> 1403 (count 850)
merge 1148: (94, 92) -> 1404 (count 846)
merge 1149: (274, 565) -> 1405 (count 845)
merge 1150: (970, 961) -> 1406 (count 843)
merge 1151: (258, 296) -> 1407 (count 842)
merge 1152: (1321, 299) -> 1408 (count 842)
merge 1153: (119, 575) -> 1409 (count 841)
merge 1154: (99, 99) -> 1410 (count 835)
merge 1155: (256, 354) -> 1411 (count 835)
merge 1156: (642, 1096) -> 1412 (count 832)
merge 1157: (1048, 564) -> 1413 (count 832)
merge 1158: (318, 486) -> 1414 (count 825)
merge 1159: (770, 558) -> 1415 (count 825)
merge 1160: (597, 1402) -> 1416 (count 825)
merge 1161: (283, 1110) -> 1417 (count 824)
merge 1162: (274, 533) -> 1418 (count 824)
merge 1163: (331, 501) -> 1419 (count 824)
merge 1164: (892, 108) -> 1420 (count 822)
merge 1165: (109, 257) -> 1421 (count 822)
merge 1166: (103, 97) -> 1422 (count 821)
merge 1167: (291, 300) -> 1423 (count 821)
merge 1168: (531, 684) -> 1424 (count 821)
merge 1169: (314, 278) -> 1425 (count 819)
merge 1170: (115, 112) -> 1426 (count 818)
merge 1171: (105, 377) -> 1427 (count 818)
merge 1172: (508, 299) -> 1428 (count 816)
merge 1173: (99, 286) -> 1429 (count 815)
merge 1174: (288, 457) -> 1430 (count 814)
merge 1175: (1344, 460) -> 1431 (count 814)
merge 1176: (68, 1126) -> 1432 (count 813)
merge 1177: (330, 101) -> 1433 (count 813)
merge 1178: (998, 116) -> 1434 (count 812)
merge 1179: (291, 279) -> 1435 (count 811)
merge 1180: (94, 42) -> 1436 (count 809)
merge 1181: (125, 61) -> 1437 (count 808)
merge 1182: (101, 119) -> 1438 (count 808)
merge 1183: (366, 104) -> 1439 (count 806)
merge 1184: (283, 1210) -> 1440 (count 806)
merge 1185: (1035, 264) -> 1441 (count 806)
merge 1186: (290, 267) -> 1442 (count 805)
merge 1187: (618, 651) -> 1443 (count 805)
merge 1188: (112, 263) -> 1444 (count 803)
merge 1189: (101, 1073) -> 1445 (count 802)
merge 1190: (771, 794) -> 1446 (count 802)
merge 1191: (269, 1042) -> 1447 (count 801)
merge 1192: (1335, 1121) -> 1448 (count 801)
merge 1193: (50, 48) -> 1449 (count 800)
merge 1194: (1278, 1341) -> 1450 (count 799)
merge 1195: (1379, 1312) -> 1451 (count 798)
merge 1196: (814, 115) -> 1452 (count 798)
merge 1197: (562, 1398) -> 1453 (count 797)
merge 1198: (32, 45) -> 1454 (count 797)
merge 1199: (1011, 101) -> 1455 (count 793)
merge 1200: (117, 257) -> 1456 (count 793)
merge 1201: (1439, 1006) -> 1457 (count 792)
merge 1202: (101, 380) -> 1458 (count 792)
merge 1203: (953, 115) -> 1459 (count 792)
merge 1204: (295, 269) -> 1460 (count 792)
merge 1205: (121, 278) -> 1461 (count 791)
merge 1206: (977, 334) -> 1462 (count 791)
merge 1207: (101, 118) -> 1463 (count 790)
merge 1208: (114, 485) -> 1464 (count 789)
merge 1209: (122, 264) -> 1465 (count 788)
merge 1210: (294, 44) -> 1466 (count 788)
merge 1211: (316, 258) -> 1467 (count 786)
merge 1212: (321, 109) -> 1468 (count 784)
merge 1213: (977, 111) -> 1469 (count 784)
merge 1214: (274, 693) -> 1470 (count 784)
merge 1215: (105, 112) -> 1471 (count 782)
merge 1216: (303, 1147) -> 1472 (count 782)
merge 1217: (469, 391) -> 1473 (count 782)
merge 1218: (494, 286) -> 1474 (count 781)
merge 1219: (311, 289) -> 1475 (count 780)
merge 1220: (508, 731) -> 1476 (count 780)
merge 1221: (377, 109) -> 1477 (count 779)
merge 1222: (262, 110) -> 1478 (count 778)
merge 1223: (1001, 346) -> 1479 (count 777)
merge 1224: (1302, 1420) -> 1480 (count 777)
merge 1225: (1396, 444) -> 1481 (count 777)
merge 1226: (534, 352) -> 1482 (count 776)
merge 1227: (308, 101) -> 1483 (count 776)
merge 1228: (1320, 392) -> 1484 (count 775)
merge 1229: (110, 267) -> 1485 (count 774)
merge 1230: (103, 264) -> 1486 (count 774)
merge 1231: (281, 100) -> 1487 (count 774)
merge 1232: (301, 835) -> 1488 (count 772)
merge 1233: (1374, 118) -> 1489 (count 769)
merge 1234: (436, 115) -> 1490 (count 769)
merge 1235: (109, 345) -> 1491 (count 767)
merge 1236: (410, 269) -> 1492 (count 765)
merge 1237: (282, 278) -> 1493 (count 763)
merge 1238: (413, 276) -> 1494 (count 763)
merge 1239: (445, 267) -> 1495 (count 762)
merge 1240: (322, 278) -> 1496 (count 761)
merge 1241: (270, 1495) -> 1497 (count 754)
merge 1242: (265, 405) -> 1498 (count 754)
merge 1243: (378, 77) -> 1499 (count 754)
merge 1244: (40, 92) -> 1500 (count 752)
merge 1245: (432, 527) -> 1501 (count 747)
merge 1246: (116, 121) -> 1502 (count 747)
merge 1247: (538, 263) -> 1503 (count 746)
merge 1248: (1039, 746) -> 1504 (count 745)
merge 1249: (1144, 424) -> 1505 (count 744)
merge 1250: (291, 420) -> 1506 (count 744)
merge 1251: (258, 100) -> 1507 (count 743)
merge 1252: (964, 101) -> 1508 (count 743)
merge 1253: (104, 423) -> 1509 (count 742)
merge 1254: (385, 102) -> 1510 (count 742)
merge 1255: (815, 292) -> 1511 (count 742)
merge 1256: (1163, 1268) -> 1512 (count 741)
merge 1257: (938, 488) -> 1513 (count 741)
merge 1258: (1189, 332) -> 1514 (count 740)
merge 1259: (110, 1054) -> 1515 (count 739)
merge 1260: (862, 299) -> 1516 (count 739)
merge 1261: (850, 115) -> 1517 (count 739)
merge 1262: (274, 627) -> 1518 (count 739)
merge 1263: (262, 1358) -> 1519 (count 738)
merge 1264: (468, 1467) -> 1520 (count 738)
merge 1265: (281, 115) -> 1521 (count 738)
merge 1266: (661, 1430) -> 1522 (count 738)
merge 1267: (385, 103) -> 1523 (count 738)
merge 1268: (316, 322) -> 1524 (count 737)
merge 1269: (104, 364) -> 1525 (count 737)
merge 1270: (1270, 401) -> 1526 (count 736)
merge 1271: (363, 677) -> 1527 (count 736)
merge 1272: (270, 112) -> 1528 (count 735)
merge 1273: (256, 276) -> 1529 (count 735)
merge 1274: (466, 257) -> 1530 (count 733)
merge 1275: (410, 1285) -> 1531 (count 733)
merge 1276: (1465, 111) -> 1532 (count 731)
merge 1277: (278, 115) -> 1533 (count 731)
merge 1278: (318, 1477) -> 1534 (count 731)
merge 1279: (1483, 1206) -> 1535 (count 731)
merge 1280: (620, 506) -> 1536 (count 730)
merge 1281: (66, 72) -> 1537 (count 729)
merge 1282: (928, 763) -> 1538 (count 728)
merge 1283: (103, 653) -> 1539 (count 727)
merge 1284: (430, 43) -> 1540 (count 727)
merge 1285: (92, 37) -> 1541 (count 727)
merge 1286: (434, 99) -> 1542 (count 726)
merge 1287: (116, 373) -> 1543 (count 725)
merge 1288: (103, 266) -> 1544 (count 724)
merge 1289: (409, 403) -> 1545 (count 724)
merge 1290: (1528, 270) -> 1546 (count 723)
merge 1291: (32, 89) -> 1547 (count 722)
merge 1292: (109, 390) -> 1548 (count 721)
merge 1293: (99, 479) -> 1549 (count 721)
merge 1294: (98, 811) -> 1550 (count 721)
merge 1295: (265, 1345) -> 1551 (count 721)
merge 1296: (932, 1524) -> 1552 (count 721)
merge 1297: (1487, 292) -> 1553 (count 720)
merge 1298: (330, 1453) -> 1554 (count 720)
merge 1299: (280, 1087) -> 1555 (count 720)
merge 1300: (397, 371) -> 1556 (count 719)
merge 1301: (980, 1266) -> 1557 (count 718)
merge 1302: (1424, 361) -> 1558 (count 718)
merge 1303: (605, 115) -> 1559 (count 717)
merge 1304: (1156, 108) -> 1560 (count 717)
merge 1305: (933, 1131) -> 1561 (count 716)
merge 1306: (265, 332) -> 1562 (count 715)
merge 1307: (581, 309) -> 1563 (count 715)
merge 1308: (100, 1324) -> 1564 (count 714)
merge 1309: (323, 1509) -> 1565 (count 713)
merge 1310: (71, 501) -> 1566 (count 710)
merge 1311: (1125, 634) -> 1567 (count 709)
merge 1312: (328, 377) -> 1568 (count 706)
merge 1313: (259, 100) -> 1569 (count 706)
merge 1314: (283, 1317) -> 1570 (count 705)
merge 1315: (462, 408) -> 1571 (count 705)
merge 1316: (1256, 1050) -> 1572 (count 705)
merge 1317: (116, 400) -> 1573 (count 704)
merge 1318: (526, 386) -> 1574 (count 704)
merge 1319: (1364, 867) -> 1575 (count 704)
merge 1320: (531, 727) -> 1576 (count 704)
merge 1321: (1002, 579) -> 1577 (count 703)
merge 1322: (597, 383) -> 1578 (count 703)
merge 1323: (83, 73) -> 1579 (count 702)
merge 1324: (973, 286) -> 1580 (count 701)
merge 1325: (729, 339) -> 1581 (count 701)
merge 1326: (596, 1170) -> 1582 (count 701)
merge 1327: (256, 1370) -> 1583 (count 700)
merge 1328: (793, 386) -> 1584 (count 700)
merge 1329: (347, 257) -> 1585 (count 699)
merge 1330: (831, 36) -> 1586 (count 699)
merge 1331: (574, 449) -> 1587 (count 699)
merge 1332: (666, 401) -> 1588 (count 699)
merge 1333: (761, 386) -> 1589 (count 698)
merge 1334: (265, 322) -> 1590 (count 696)
merge 1335: (1380, 101) -> 1591 (count 695)
merge 1336: (922, 386) -> 1592 (count 695)
merge 1337: (298, 1515) -> 1593 (count 695)
merge 1338: (355, 659) -> 1594 (count 695)
merge 1339: (488, 523) -> 1595 (count 693)
merge 1340: (1489, 400) -> 1596 (count 692)
merge 1341: (538, 1546) -> 1597 (count 689)
merge 1342: (298, 392) -> 1598 (count 688)
merge 1343: (268, 1581) -> 1599 (count 688)
merge 1344: (97, 364) -> 1600 (count 687)
merge 1345: (1075, 115) -> 1601 (count 687)
merge 1346: (291, 301) -> 1602 (count 687)
merge 1347: (478, 667) -> 1603 (count 686)
merge 1348: (533, 835) -> 1604 (count 686)
merge 1349: (98, 284) -> 1605 (count 686)
merge 1350: (97, 263) -> 1606 (count 686)
merge 1351: (1155, 631) -> 1607 (count 686)
merge 1352: (1071, 99) -> 1608 (count 685)
merge 1353: (1091, 278) -> 1609 (count 685)
merge 1354: (1433, 773) -> 1610 (count 685)
merge 1355: (434, 1608) -> 1611 (count 685)
merge 1356: (619, 286) -> 1612 (count 685)
merge 1357: (279, 611) -> 1613 (count 684)
merge 1358: (724, 92) -> 1614 (count 683)
merge 1359: (462, 112) -> 1615 (count 683)
merge 1360: (1281, 296) -> 1616 (count 682)
merge 1361: (1448, 270) -> 1617 (count 680)
merge 1362: (581, 267) -> 1618 (count 677)
merge 1363: (516, 117) -> 1619 (count 677)
merge 1364: (692, 1060) -> 1620 (count 675)
merge 1365: (941, 317) -> 1621 (count 675)
merge 1366: (895, 479) -> 1622 (count 675)
merge 1367: (470, 121) -> 1623 (count 675)
merge 1368: (108, 485) -> 1624 (count 674)
merge 1369: (604, 317) -> 1625 (count 673)
merge 1370: (841, 452) -> 1626 (count 673)
merge 1371: (1058, 276) -> 1627 (count 671)
merge 1372: (406, 1209) -> 1628 (count 671)
merge 1373: (471, 1444) -> 1629 (count 671)
merge 1374: (110, 264) -> 1630 (count 670)
merge 1375: (1543, 776) -> 1631 (count 669)
merge 1376: (617, 464) -> 1632 (count 667)
merge 1377: (272, 1062) -> 1633 (count 665)
merge 1378: (921, 442) -> 1634 (count 664)
merge 1379: (618, 614) -> 1635 (count 662)
merge 1380: (410, 257) -> 1636 (count 662)
merge 1381: (284, 513) -> 1637 (count 660)
merge 1382: (49, 50) -> 1638 (count 659)
merge 1383: (1063, 568) -> 1639 (count 659)
merge 1384: (282, 513) -> 1640 (count 658)
merge 1385: (1470, 286) -> 1641 (count 658)
merge 1386: (76, 80) -> 1642 (count 657)
merge 1387: (256, 263) -> 1643 (count 657)
merge 1388: (395, 77) -> 1644 (count 657)
merge 1389: (388, 112) -> 1645 (count 656)
merge 1390: (818, 431) -> 1646 (count 656)
merge 1391: (354, 121) -> 1647 (count 655)
merge 1392: (116, 296) -> 1648 (count 654)
merge 1393: (265, 1434) -> 1649 (count 654)
merge 1394: (1299, 1000) -> 1650 (count 654)
merge 1395: (484, 116) -> 1651 (count 653)
merge 1396: (294, 45) -> 1652 (count 653)
merge 1397: (111, 1107) -> 1653 (count 652)
merge 1398: (102, 497) -> 1654 (count 652)
merge 1399: (272, 424) -> 1655 (count 652)
merge 1400: (112, 734) -> 1656 (count 651)
merge 1401: (375, 276) -> 1657 (count 651)
merge 1402: (608, 456) -> 1658 (count 651)
merge 1403: (838, 296) -> 1659 (count 649)
merge 1404: (330, 763) -> 1660 (count 643)
merge 1405: (283, 1456) -> 1661 (count 642)
merge 1406: (1618, 827) -> 1662 (count 642)
merge 1407: (1215, 111) -> 1663 (count 640)
merge 1408: (547, 286) -> 1664 (count 640)
merge 1409: (530, 821) -> 1665 (count 639)
merge 1410: (327, 963) -> 1666 (count 639)
merge 1411: (116, 342) -> 1667 (count 638)
merge 1412: (114, 116) -> 1668 (count 637)
merge 1413: (456, 278) -> 1669 (count 637)
merge 1414: (41, 92) -> 1670 (count 637)
merge 1415: (1277, 589) -> 1671 (count 636)
merge 1416: (99, 257) -> 1672 (count 635)
merge 1417: (560, 564) -> 1673 (count 635)
merge 1418: (285, 102) -> 1674 (count 635)
merge 1419: (88, 105) -> 1675 (count 633)
merge 1420: (272, 1556) -> 1676 (count 633)
merge 1421: (1513, 1234) -> 1677 (count 633)
merge 1422: (901, 356) -> 1678 (count 632)
merge 1423: (308, 1107) -> 1679 (count 632)
merge 1424: (410, 851) -> 1680 (count 631)
merge 1425: (259, 109) -> 1681 (count 629)
merge 1426: (280, 950) -> 1682 (count 629)
merge 1427: (354, 534) -> 1683 (count 628)
merge 1428: (266, 421) -> 1684 (count 628)
merge 1429: (269, 383) -> 1685 (count 628)
merge 1430: (1319, 562) -> 1686 (count 626)
merge 1431: (684, 380) -> 1687 (count 625)
merge 1432: (525, 269) -> 1688 (count 625)
merge 1433: (283, 288) -> 1689 (count 625)
merge 1434: (1072, 121) -> 1690 (count 624)
merge 1435: (111, 99) -> 1691 (count 624)
merge 1436: (359, 267) -> 1692 (count 624)
merge 1437: (796, 389) -> 1693 (count 624)
merge 1438: (366, 457) -> 1694 (count 623)
merge 1439: (113, 1668) -> 1695 (count 623)
merge 1440: (110, 1203) -> 1696 (count 622)
merge 1441: (1460, 314) -> 1697 (count 622)
merge 1442: (288, 754) -> 1698 (count 621)
merge 1443: (1113, 1030) -> 1699 (count 620)
merge 1444: (608, 675) -> 1700 (count 620)
merge 1445: (282, 457) -> 1701 (count 619)
merge 1446: (100, 266) -> 1702 (count 619)
merge 1447: (98, 121) -> 1703 (count 618)
merge 1448: (302, 357) -> 1704 (count 618)
merge 1449: (116, 266) -> 1705 (count 617)
merge 1450: (98, 975) -> 1706 (count 616)
merge 1451: (419, 1573) -> 1707 (count 616)
merge 1452: (312, 273) -> 1708 (count 615)
merge 1453: (502, 109) -> 1709 (count 615)
merge 1454: (1112, 314) -> 1710 (count 614)
merge 1455: (703, 257) -> 1711 (count 614)
merge 1456: (287, 709) -> 1712 (count 613)
merge 1457: (885, 289) -> 1713 (count 612)
merge 1458: (1418, 120) -> 1714 (count 612)
merge 1459: (1176, 121) -> 1715 (count 610)
merge 1460: (281, 1296) -> 1716 (count 609)
merge 1461: (260, 109) -> 1717 (count 609)
merge 1462: (68, 70) -> 1718 (count 608)
merge 1463: (270, 296) -> 1719 (count 607)
merge 1464: (276, 282) -> 1720 (count 607)
merge 1465: (642, 1631) -> 1721 (count 607)
merge 1466: (1240, 878) -> 1722 (count 607)
merge 1467: (409, 501) -> 1723 (count 607)
merge 1468: (111, 654) -> 1724 (count 606)
merge 1469: (483, 276) -> 1725 (count 606)
merge 1470: (1291, 267) -> 1726 (count 605)
merge 1471: (115, 1695) -> 1727 (count 605)
merge 1472: (356, 785) -> 1728 (count 604)
merge 1473: (430, 92) -> 1729 (count 603)
merge 1474: (876, 267) -> 1730 (count 603)
merge 1475: (112, 279) -> 1731 (count 602)
merge 1476: (841, 792) -> 1732 (count 601)
merge 1477: (519, 449) -> 1733 (count 600)
merge 1478: (606, 344) -> 1734 (count 600)
merge 1479: (903, 386) -> 1735 (count 600)
merge 1480: (32, 716) -> 1736 (count 600)
merge 1481: (1525, 296) -> 1737 (count 599)
merge 1482: (1684, 1491) -> 1738 (count 598)
merge 1483: (466, 267) -> 1739 (count 598)
merge 1484: (283, 1488) -> 1740 (count 598)
merge 1485: (1255, 535) -> 1741 (count 598)
merge 1486: (1435, 408) -> 1742 (count 598)
merge 1487: (892, 821) -> 1743 (count 597)
merge 1488: (102, 307) -> 1744 (count 597)
merge 1489: (459, 104) -> 1745 (count 596)
merge 1490: (644, 338) -> 1746 (count 594)
merge 1491: (376, 120) -> 1747 (count 592)
merge 1492: (522, 344) -> 1748 (count 592)
merge 1493: (114, 1325) -> 1749 (count 591)
merge 1494: (334, 112) -> 1750 (count 591)
merge 1495: (699, 101) -> 1751 (count 590)
merge 1496: (1058, 101) -> 1752 (count 590)
merge 1497: (292, 284) -> 1753 (count 589)
merge 1498: (1100, 120) -> 1754 (count 589)
merge 1499: (1388, 1497) -> 1755 (count 588)
merge 1500: (508, 266) -> 1756 (count 588)
merge 1501: (507, 266) -> 1757 (count 587)
merge 1502: (306, 1457) -> 1758 (count 587)
merge 1503: (657, 101) -> 1759 (count 587)
merge 1504: (116, 317) -> 1760 (count 586)
merge 1505: (258, 477) -> 1761 (count 585)
merge 1506: (73, 67) -> 1762 (count 585)
merge 1507: (786, 1182) -> 1763 (count 584)
merge 1508: (299, 267) -> 1764 (count 583)
merge 1509: (903, 296) -> 1765 (count 583)
merge 1510: (108, 292) -> 1766 (count 582)
merge 1511: (1025, 621) -> 1767 (count 581)
merge 1512: (305, 276) -> 1768 (count 580)
merge 1513: (661, 1065) -> 1769 (count 579)
merge 1514: (301, 416) -> 1770 (count 578)
merge 1515: (855, 317) -> 1771 (count 577)
merge 1516: (1212, 1060) -> 1772 (count 577)
merge 1517: (81, 549) -> 1773 (count 576)
merge 1518: (262, 121) -> 1774 (count 576)
merge 1519: (289, 621) -> 1775 (count 575)
merge 1520: (36, 41) -> 1776 (count 575)
merge 1521: (298, 655) -> 1777 (count 575)
merge 1522: (752, 1753) -> 1778 (count 575)
merge 1523: (104, 568) -> 1779 (count 574)
merge 1524: (261, 116) -> 1780 (count 573)
merge 1525: (1080, 1251) -> 1781 (count 573)
merge 1526: (337, 965) -> 1782 (count 573)
merge 1527: (346, 583) -> 1783 (count 572)
merge 1528: (283, 97) -> 1784 (count 572)
merge 1529: (326, 121) -> 1785 (count 571)
merge 1530: (102, 455) -> 1786 (count 571)
merge 1531: (271, 667) -> 1787 (count 571)
merge 1532: (1035, 663) -> 1788 (count 571)
merge 1533: (467, 439) -> 1789 (count 570)
merge 1534: (126, 92) -> 1790 (count 569)
merge 1535: (970, 555) -> 1791 (count 569)
merge 1536: (281, 884) -> 1792 (count 569)
merge 1537: (291, 1738) -> 1793 (count 568)
merge 1538: (1145, 756) -> 1794 (count 567)
merge 1539: (1482, 401) -> 1795 (count 566)
merge 1540: (112, 114) -> 1796 (count 566)
merge 1541: (324, 569) -> 1797 (count 566)
merge 1542: (834, 401) -> 1798 (count 566)
merge 1543: (1361, 357) -> 1799 (count 566)
merge 1544: (260, 118) -> 1800 (count 566)
merge 1545: (125, 125) -> 1801 (count 564)
merge 1546: (379, 302) -> 1802 (count 564)
merge 1547: (793, 296) -> 1803 (count 564)
merge 1548: (1194, 332) -> 1804 (count 563)
merge 1549: (752, 497) -> 1805 (count 563)
merge 1550: (268, 1595) -> 1806 (count 563)
merge 1551: (306, 792) -> 1807 (count 562)
merge 1552: (535, 117) -> 1808 (count 560)
merge 1553: (325, 101) -> 1809 (count 560)
merge 1554: (102, 1445) -> 1810 (count 560)
merge 1555: (32, 52) -> 1811 (count 559)
merge 1556: (261, 108) -> 1812 (count 558)
merge 1557: (36, 92) -> 1813 (count 558)
merge 1558: (32, 53) -> 1814 (count 558)
merge 1559: (415, 116) -> 1815 (count 557)
merge 1560: (453, 103) -> 1816 (count 556)
merge 1561: (433, 452) -> 1817 (count 556)
merge 1562: (1253, 565) -> 1818 (count 556)
merge 1563: (626, 1549) -> 1819 (count 555)
merge 1564: (109, 913) -> 1820 (count 555)
merge 1565: (320, 1016) -> 1821 (count 555)
merge 1566: (32, 43) -> 1822 (count 555)
merge 1567: (623, 822) -> 1823 (count 553)
merge 1568: (1066, 322) -> 1824 (count 553)
merge 1569: (478, 444) -> 1825 (count 552)
merge 1570: (623, 1779) -> 1826 (count 552)
merge 1571: (984, 92) -> 1827 (count 552)
merge 1572: (32, 88) -> 1828 (count 552)
merge 1573: (1728, 579) -> 1829 (count 551)
merge 1574: (280, 1496) -> 1830 (count 551)
merge 1575: (268, 114) -> 1831 (count 551)
merge 1576: (111, 421) -> 1832 (count 550)
merge 1577: (98, 821) -> 1833 (count 550)
merge 1578: (125, 422) -> 1834 (count 549)
merge 1579: (106, 270) -> 1835 (count 549)
merge 1580: (992, 421) -> 1836 (count 549)
merge 1581: (331, 111) -> 1837 (count 549)
merge 1582: (114, 313) -> 1838 (count 548)
merge 1583: (1119, 860) -> 1839 (count 548)
merge 1584: (358, 112) -> 1840 (count 548)
merge 1585: (268, 697) -> 1841 (count 548)
merge 1586: (355, 630) -> 1842 (count 548)
merge 1587: (310, 317) -> 1843 (count 547)
merge 1588: (258, 955) -> 1844 (count 547)
merge 1589: (986, 115) -> 1845 (count 547)
merge 1590: (446, 338) -> 1846 (count 546)
merge 1591: (446, 101) -> 1847 (count 546)
merge 1592: (289, 846) -> 1848 (count 545)
merge 1593: (408, 114) -> 1849 (count 545)
merge 1594: (300, 104) -> 1850 (count 544)
merge 1595: (380, 267) -> 1851 (count 542)
merge 1596: (1464, 1447) -> 1852 (count 542)
merge 1597: (420, 103) -> 1853 (count 542)
merge 1598: (97, 383) -> 1854 (count 542)
merge 1599: (502, 1851) -> 1855 (count 542)
merge 1600: (805, 314) -> 1856 (count 541)
merge 1601: (1368, 339) -> 1857 (count 541)
merge 1602: (640, 571) -> 1858 (count 539)
merge 1603: (1357, 325) -> 1859 (count 539)
merge 1604: (492, 87) -> 1860 (count 539)
merge 1605: (364, 1217) -> 1861 (count 538)
merge 1606: (577, 278) -> 1862 (count 538)
merge 1607: (989, 1701) -> 1863 (count 538)
merge 1608: (100, 278) -> 1864 (count 537)
merge 1609: (329, 734) -> 1865 (count 537)
merge 1610: (429, 1422) -> 1866 (count 536)
merge 1611: (100, 279) -> 1867 (count 536)
merge 1612: (937, 1171) -> 1868 (count 536)
merge 1613: (451, 258) -> 1869 (count 536)
merge 1614: (101, 336) -> 1870 (count 535)
merge 1615: (98, 1785) -> 1871 (count 535)
merge 1616: (1331, 653) -> 1872 (count 535)
merge 1617: (318, 106) -> 1873 (count 535)
merge 1618: (526, 571) -> 1874 (count 535)
merge 1619: (411, 278) -> 1875 (count 534)
merge 1620: (269, 421) -> 1876 (count 534)
merge 1621: (644, 1808) -> 1877 (count 534)
merge 1622: (597, 109) -> 1878 (count 533)
merge 1623: (79, 1866) -> 1879 (count 531)
merge 1624: (502, 870) -> 1880 (count 531)
merge 1625: (1693, 568) -> 1881 (count 531)
merge 1626: (283, 292) -> 1882 (count 530)
merge 1627: (291, 297) -> 1883 (count 530)
merge 1628: (1846, 1458) -> 1884 (count 530)
merge 1629: (118, 540) -> 1885 (count 527)
merge 1630: (116, 267) -> 1886 (count 527)
merge 1631: (1295, 118) -> 1887 (count 527)
merge 1632: (353, 1064) -> 1888 (count 527)
merge 1633: (294, 40) -> 1889 (count 525)
merge 1634: (300, 336) -> 1890 (count 524)
merge 1635: (1222, 652) -> 1891 (count 522)
merge 1636: (1094, 284) -> 1892 (count 522)
merge 1637: (524, 120) -> 1893 (count 522)
merge 1638: (32, 90) -> 1894 (count 522)
merge 1639: (389, 313) -> 1895 (count 521)
merge 1640: (276, 257) -> 1896 (count 521)
merge 1641: (125, 95) -> 1897 (count 520)
merge 1642: (69, 1326) -> 1898 (count 519)
merge 1643: (265, 794) -> 1899 (count 519)
merge 1644: (886, 357) -> 1900 (count 518)
merge 1645: (1440, 267) -> 1901 (count 518)
merge 1646: (353, 99) -> 1902 (count 518)
merge 1647: (110, 601) -> 1903 (count 517)
merge 1648: (108, 454) -> 1904 (count 517)
merge 1649: (862, 764) -> 1905 (count 517)
merge 1650: (721, 362) -> 1906 (count 517)
merge 1651: (608, 851) -> 1907 (count 516)
merge 1652: (281, 955) -> 1908 (count 514)
merge 1653: (295, 655) -> 1909 (count 514)
merge 1654: (256, 1850) -> 1910 (count 513)
merge 1655: (410, 456) -> 1911 (count 513)
merge 1656: (1558, 116) -> 1912 (count 513)
merge 1657: (269, 1356) -> 1913 (count 512)
merge 1658: (260, 1020) -> 1914 (count 511)
merge 1659: (287, 1494) -> 1915 (count 510)
merge 1660: (110, 443) -> 1916 (count 509)
merge 1661: (1366, 1876) -> 1917 (count 509)
merge 1662: (265, 773) -> 1918 (count 509)
merge 1663: (581, 296) -> 1919 (count 509)
merge 1664: (1336, 456) -> 1920 (count 509)
merge 1665: (508, 893) -> 1921 (count 509)
merge 1666: (322, 1634) -> 1922 (count 508)
merge 1667: (1922, 497) -> 1923 (count 508)
merge 1668: (832, 396) -> 1924 (count 508)
merge 1669: (353, 380) -> 1925 (count 508)
merge 1670: (323, 1640) -> 1926 (count 507)
merge 1671: (378, 85) -> 1927 (count 507)
merge 1672: (309, 276) -> 1928 (count 506)
merge 1673: (117, 107) -> 1929 (count 506)
merge 1674: (115, 951) -> 1930 (count 506)
merge 1675: (353, 1071) -> 1931 (count 506)
merge 1676: (330, 1613) -> 1932 (count 505)
merge 1677: (1293, 270) -> 1933 (count 505)
merge 1678: (700, 321) -> 1934 (count 505)
merge 1679: (1013, 97) -> 1935 (count 504)
merge 1680: (1233, 115) -> 1936 (count 504)
merge 1681: (323, 456) -> 1937 (count 504)
merge 1682: (353, 110) -> 1938 (count 503)
merge 1683: (101, 120) -> 1939 (count 502)
merge 1684: (262, 109) -> 1940 (count 502)
merge 1685: (557, 1245) -> 1941 (count 502)
merge 1686: (1222, 357) -> 1942 (count 501)
merge 1687: (1148, 356) -> 1943 (count 501)
merge 1688: (578, 444) -> 1944 (count 501)
merge 1689: (291, 111) -> 1945 (count 501)
merge 1690: (378, 116) -> 1946 (count 501)
merge 1691: (364, 423) -> 1947 (count 500)
merge 1692: (259, 554) -> 1948 (count 500)
merge 1693: (103, 278) -> 1949 (count 500)
merge 1694: (298, 319) -> 1950 (count 500)
merge 1695: (111, 319) -> 1951 (count 499)
merge 1696: (844, 663) -> 1952 (count 499)
merge 1697: (841, 1346) -> 1953 (count 499)
merge 1698: (395, 1333) -> 1954 (count 499)
merge 1699: (256, 488) -> 1955 (count 498)
merge 1700: (586, 1258) -> 1956 (count 498)
merge 1701: (469, 912) -> 1957 (count 498)
merge 1702: (1535, 893) -> 1958 (count 498)
merge 1703: (73, 83) -> 1959 (count 497)
merge 1704: (274, 1895) -> 1960 (count 497)
merge 1705: (459, 269) -> 1961 (count 497)
merge 1706: (1570, 1751) -> 1962 (count 496)
merge 1707: (1149, 441) -> 1963 (count 496)
merge 1708: (316, 416) -> 1964 (count 495)
merge 1709: (304, 1886) -> 1965 (count 493)
merge 1710: (111, 311) -> 1966 (count 492)
merge 1711: (363, 103) -> 1967 (count 492)
merge 1712: (266, 1442) -> 1968 (count 491)
merge 1713: (297, 1159) -> 1969 (count 491)
merge 1714: (1472, 656) -> 1970 (count 491)
merge 1715: (1782, 1737) -> 1971 (count 491)
merge 1716: (451, 1923) -> 1972 (count 491)
merge 1717: (1692, 339) -> 1973 (count 490)
merge 1718: (329, 1371) -> 1974 (count 490)
merge 1719: (302, 121) -> 1975 (count 489)
merge 1720: (1254, 115) -> 1976 (count 488)
merge 1721: (796, 115) -> 1977 (count 488)
merge 1722: (112, 1062) -> 1978 (count 486)
merge 1723: (989, 264) -> 1979 (count 486)
merge 1724: (339, 564) -> 1980 (count 485)
merge 1725: (271, 257) -> 1981 (count 485)
merge 1726: (111, 441) -> 1982 (count 484)
merge 1727: (1883, 338) -> 1983 (count 484)
merge 1728: (1237, 296) -> 1984 (count 484)
merge 1729: (669, 965) -> 1985 (count 484)
merge 1730: (894, 1770) -> 1986 (count 483)
merge 1731: (870, 1475) -> 1987 (count 482)
merge 1732: (1242, 121) -> 1988 (count 482)
merge 1733: (114, 339) -> 1989 (count 481)
merge 1734: (258, 267) -> 1990 (count 481)
merge 1735: (98, 1339) -> 1991 (count 481)
merge 1736: (302, 311) -> 1992 (count 480)
merge 1737: (1198, 286) -> 1993 (count 480)
merge 1738: (65, 83) -> 1994 (count 479)
merge 1739: (267, 1992) -> 1995 (count 478)
merge 1740: (49, 51) -> 1996 (count 478)
merge 1741: (353, 630) -> 1997 (count 478)
merge 1742: (921, 328) -> 1998 (count 477)
merge 1743: (596, 579) -> 1999 (count 477)
merge 1744: (353, 290) -> 2000 (count 477)
merge 1745: (1857, 264) -> 2001 (count 477)
merge 1746: (258, 276) -> 2002 (count 476)
merge 1747: (118, 1258) -> 2003 (count 475)
merge 1748: (115, 104) -> 2004 (count 475)
merge 1749: (283, 257) -> 2005 (count 475)
merge 1750: (1680, 477) -> 2006 (count 475)
merge 1751: (1681, 401) -> 2007 (count 474)
merge 1752: (264, 110) -> 2008 (count 473)
merge 1753: (765, 112) -> 2009 (count 473)
merge 1754: (274, 284) -> 2010 (count 473)
merge 1755: (1611, 116) -> 2011 (count 473)
merge 1756: (602, 98) -> 2012 (count 472)
merge 1757: (435, 1802) -> 2013 (count 472)
merge 1758: (302, 802) -> 2014 (count 471)
merge 1759: (907, 377) -> 2015 (count 470)
merge 1760: (1351, 358) -> 2016 (count 470)
merge 1761: (882, 667) -> 2017 (count 469)
merge 1762: (78, 78) -> 2018 (count 469)
merge 1763: (1227, 296) -> 2019 (count 469)
merge 1764: (752, 853) -> 2020 (count 469)
merge 1765: (507, 269) -> 2021 (count 468)
merge 1766: (2021, 1468) -> 2022 (count 468)
merge 1767: (756, 289) -> 2023 (count 468)
merge 1768: (1156, 314) -> 2024 (count 468)
merge 1769: (1144, 614) -> 2025 (count 468)
merge 1770: (1480, 1248) -> 2026 (count 468)
merge 1771: (1869, 656) -> 2027 (count 468)
merge 1772: (290, 121) -> 2028 (count 467)
merge 1773: (354, 445) -> 2029 (count 467)
merge 1774: (102, 114) -> 2030 (count 467)
merge 1775: (50, 51) -> 2031 (count 467)
merge 1776: (265, 369) -> 2032 (count 467)
merge 1777: (334, 109) -> 2033 (count 466)
merge 1778: (1960, 1764) -> 2034 (count 466)
merge 1779: (395, 104) -> 2035 (count 466)
merge 1780: (259, 569) -> 2036 (count 465)
merge 1781: (483, 278) -> 2037 (count 464)
merge 1782: (329, 267) -> 2038 (count 464)
merge 1783: (1794, 851) -> 2039 (count 464)
merge 1784: (1391, 273) -> 2040 (count 463)
merge 1785: (103, 1019) -> 2041 (count 463)
merge 1786: (301, 278) -> 2042 (count 463)
merge 1787: (1145, 1690) -> 2043 (count 463)
merge 1788: (433, 1656) -> 2044 (count 462)
merge 1789: (736, 357) -> 2045 (count 461)
merge 1790: (339, 1702) -> 2046 (count 461)
merge 1791: (256, 1011) -> 2047 (count 461)
merge 1792: (329, 1917) -> 2048 (count 460)
merge 1793: (487, 284) -> 2049 (count 459)
merge 1794: (1552, 386) -> 2050 (count 459)
merge 1795: (1818, 418) -> 2051 (count 459)
merge 1796: (1182, 273) -> 2052 (count 458)
merge 1797: (259, 429) -> 2053 (count 458)
merge 1798: (572, 441) -> 2054 (count 458)
merge 1799: (1154, 1726) -> 2055 (count 458)
merge 1800: (885, 1991) -> 2056 (count 458)
merge 1801: (370, 116) -> 2057 (count 458)
merge 1802: (636, 101) -> 2058 (count 458)
merge 1803: (1842, 1795) -> 2059 (count 458)
merge 1804: (609, 288) -> 2060 (count 457)
merge 1805: (269, 362) -> 2061 (count 456)
merge 1806: (280, 266) -> 2062 (count 455)
merge 1807: (793, 344) -> 2063 (count 455)
merge 1808: (796, 963) -> 2064 (count 455)
merge 1809: (590, 266) -> 2065 (count 454)
merge 1810: (337, 121) -> 2066 (count 454)
merge 1811: (1593, 631) -> 2067 (count 453)
merge 1812: (596, 292) -> 2068 (count 453)
merge 1813: (1014, 454) -> 2069 (count 453)
merge 1814: (268, 1968) -> 2070 (count 453)
merge 1815: (334, 1688) -> 2071 (count 452)
merge 1816: (297, 264) -> 2072 (count 452)
merge 1817: (369, 276) -> 2073 (count 451)
merge 1818: (108, 278) -> 2074 (count 451)
merge 1819: (426, 792) -> 2075 (count 451)
merge 1820: (828, 424) -> 2076 (count 451)
merge 1821: (328, 364) -> 2077 (count 450)
merge 1822: (534, 1585) -> 2078 (count 450)
merge 1823: (1207, 266) -> 2079 (count 450)
merge 1824: (78, 101) -> 2080 (count 449)
merge 1825: (1929, 1935) -> 2081 (count 448)
merge 1826: (339, 101) -> 2082 (count 447)
merge 1827: (1173, 474) -> 2083 (count 447)
merge 1828: (1888, 878) -> 2084 (count 447)
merge 1829: (436, 116) -> 2085 (count 447)
merge 1830: (109, 288) -> 2086 (count 446)
merge 1831: (256, 899) -> 2087 (count 446)
merge 1832: (330, 111) -> 2088 (count 446)
merge 1833: (260, 678) -> 2089 (count 445)
merge 1834: (488, 1064) -> 2090 (count 444)
merge 1835: (674, 332) -> 2091 (count 444)
merge 1836: (67, 80) -> 2092 (count 444)
merge 1837: (1784, 946) -> 2093 (count 444)
merge 1838: (1985, 757) -> 2094 (count 444)
merge 1839: (660, 1438) -> 2095 (count 443)
merge 1840: (69, 68) -> 2096 (count 443)
merge 1841: (385, 2077) -> 2097 (count 442)
merge 1842: (268, 2007) -> 2098 (count 442)
merge 1843: (660, 1797) -> 2099 (count 441)
merge 1844: (1215, 334) -> 2100 (count 441)
merge 1845: (295, 108) -> 2101 (count 441)
merge 1846: (459, 1537) -> 2102 (count 441)
merge 1847: (117, 356) -> 2103 (count 440)
merge 1848: (379, 99) -> 2104 (count 440)
merge 1849: (276, 1013) -> 2105 (count 440)
merge 1850: (73, 73) -> 2106 (count 440)
merge 1851: (1295, 319) -> 2107 (count 440)
merge 1852: (409, 97) -> 2108 (count 440)
merge 1853: (651, 113) -> 2109 (count 439)
merge 1854: (838, 579) -> 2110 (count 439)
merge 1855: (303, 1783) -> 2111 (count 439)
merge 1856: (115, 290) -> 2112 (count 438)
merge 1857: (115, 2109) -> 2113 (count 438)
merge 1858: (109, 326) -> 2114 (count 438)
merge 1859: (1022, 314) -> 2115 (count 438)
merge 1860: (603, 278) -> 2116 (count 437)
merge 1861: (708, 742) -> 2117 (count 437)
merge 1862: (1148, 1867) -> 2118 (count 437)
merge 1863: (1506, 1218) -> 2119 (count 437)
merge 1864: (112, 339) -> 2120 (count 436)
merge 1865: (258, 985) -> 2121 (count 436)
merge 1866: (99, 341) -> 2122 (count 436)
merge 1867: (762, 1486) -> 2123 (count 436)
merge 1868: (434, 1687) -> 2124 (count 436)
merge 1869: (258, 307) -> 2125 (count 435)
merge 1870: (368, 431) -> 2126 (count 434)
merge 1871: (993, 115) -> 2127 (count 434)
merge 1872: (399, 313) -> 2128 (count 434)
merge 1873: (289, 825) -> 2129 (count 433)
merge 1874: (413, 691) -> 2130 (count 433)
merge 1875: (287, 1653) -> 2131 (count 433)
merge 1876: (1700, 400) -> 2132 (count 433)
merge 1877: (417, 2065) -> 2133 (count 433)
merge 1878: (472, 111) -> 2134 (count 433)
merge 1879: (259, 407) -> 2135 (count 432)
merge 1880: (49, 52) -> 2136 (count 432)
merge 1881: (265, 111) -> 2137 (count 432)
merge 1882: (1113, 258) -> 2138 (count 432)
merge 1883: (904, 890) -> 2139 (count 431)
merge 1884: (620, 292) -> 2140 (count 430)
merge 1885: (347, 116) -> 2141 (count 430)
merge 1886: (108, 1016) -> 2142 (count 430)
merge 1887: (108, 288) -> 2143 (count 430)
merge 1888: (285, 1213) -> 2144 (count 430)
merge 1889: (303, 1054) -> 2145 (count 430)
merge 1890: (636, 1696) -> 2146 (count 430)
merge 1891: (1646, 460) -> 2147 (count 430)
merge 1892: (715, 296) -> 2148 (count 429)
merge 1893: (104, 643) -> 2149 (count 429)
merge 1894: (672, 890) -> 2150 (count 429)
merge 1895: (786, 675) -> 2151 (count 429)
merge 1896: (1070, 1245) -> 2152 (count 429)
merge 1897: (416, 1120) -> 2153 (count 428)
merge 1898: (256, 1913) -> 2154 (count 428)
merge 1899: (775, 115) -> 2155 (count 428)
merge 1900: (117, 289) -> 2156 (count 427)
merge 1901: (83, 1964) -> 2157 (count 427)
merge 1902: (385, 1103) -> 2158 (count 427)
merge 1903: (1100, 376) -> 2159 (count 426)
merge 1904: (710, 276) -> 2160 (count 426)
merge 1905: (436, 110) -> 2161 (count 425)
merge 1906: (117, 457) -> 2162 (count 424)
merge 1907: (101, 491) -> 2163 (count 424)
merge 1908: (1877, 386) -> 2164 (count 424)
merge 1909: (49, 55) -> 2165 (count 423)
merge 1910: (41, 95) -> 2166 (count 423)
merge 1911: (1484, 101) -> 2167 (count 423)
merge 1912: (50, 53) -> 2168 (count 422)
merge 1913: (502, 474) -> 2169 (count 422)
merge 1914: (1405, 1171) -> 2170 (count 422)
merge 1915: (409, 257) -> 2171 (count 422)
merge 1916: (1149, 263) -> 2172 (count 420)
merge 1917: (122, 286) -> 2173 (count 419)
merge 1918: (114, 305) -> 2174 (count 419)
merge 1919: (697, 101) -> 2175 (count 419)
merge 1920: (1369, 464) -> 2176 (count 419)
merge 1921: (374, 2053) -> 2177 (count 419)
merge 1922: (294, 46) -> 2178 (count 419)
merge 1923: (1947, 488) -> 2179 (count 417)
merge 1924: (532, 1000) -> 2180 (count 417)
merge 1925: (395, 257) -> 2181 (count 417)
merge 1926: (2179, 332) -> 2182 (count 416)
merge 1927: (69, 1579) -> 2183 (count 416)
merge 1928: (722, 115) -> 2184 (count 416)
merge 1929: (1565, 284) -> 2185 (count 416)
merge 1930: (115, 1283) -> 2186 (count 415)
merge 1931: (267, 1343) -> 2187 (count 415)
merge 1932: (703, 105) -> 2188 (count 415)
merge 1933: (937, 311) -> 2189 (count 415)
merge 1934: (1547, 2081) -> 2190 (count 415)
merge 1935: (388, 951) -> 2191 (count 414)
merge 1936: (833, 264) -> 2192 (count 414)
merge 1937: (578, 296) -> 2193 (count 414)
merge 1938: (1083, 853) -> 2194 (count 414)
merge 1939: (280, 305) -> 2195 (count 414)
merge 1940: (1240, 273) -> 2196 (count 414)
merge 1941: (125, 394) -> 2197 (count 413)
merge 1942: (49, 53) -> 2198 (count 413)
merge 1943: (303, 540) -> 2199 (count 413)
merge 1944: (110, 1055) -> 2200 (count 411)
merge 1945: (729, 286) -> 2201 (count 411)
merge 1946: (301, 105) -> 2202 (count 410)
merge 1947: (1849, 317) -> 2203 (count 410)
merge 1948: (265, 2045) -> 2204 (count 410)
merge 1949: (642, 962) -> 2205 (count 410)
merge 1950: (1817, 1838) -> 2206 (count 410)
merge 1951: (1615, 404) -> 2207 (count 409)
merge 1952: (1192, 1372) -> 2208 (count 409)
merge 1953: (1800, 1600) -> 2209 (count 409)
merge 1954: (1139, 115) -> 2210 (count 409)
merge 1955: (322, 267) -> 2211 (count 408)
merge 1956: (297, 454) -> 2212 (count 407)
merge 1957: (596, 386) -> 2213 (count 407)
merge 1958: (323, 421) -> 2214 (count 407)
merge 1959: (310, 288) -> 2215 (count 406)
merge 1960: (1239, 813) -> 2216 (count 406)
merge 1961: (260, 1744) -> 2217 (count 406)
merge 1962: (118, 379) -> 2218 (count 405)
merge 1963: (115, 257) -> 2219 (count 405)
merge 1964: (318, 102) -> 2220 (count 405)
merge 1965: (2108, 1835) -> 2221 (count 405)
merge 1966: (750, 100) -> 2222 (count 404)
merge 1967: (639, 1624) -> 2223 (count 404)
merge 1968: (83, 85) -> 2224 (count 403)
merge 1969: (287, 590) -> 2225 (count 403)
merge 1970: (2032, 1637) -> 2226 (count 403)
merge 1971: (329, 510) -> 2227 (count 403)
merge 1972: (2143, 1323) -> 2228 (count 402)
merge 1973: (108, 286) -> 2229 (count 402)
merge 1974: (1910, 965) -> 2230 (count 402)
merge 1975: (436, 1642) -> 2231 (count 402)
merge 1976: (92, 44) -> 2232 (count 401)
merge 1977: (1212, 311) -> 2233 (count 401)
merge 1978: (1242, 593) -> 2234 (count 401)
merge 1979: (796, 1951) -> 2235 (count 401)
merge 1980: (395, 269) -> 2236 (count 401)
merge 1981: (309, 296) -> 2237 (count 400)
merge 1982: (281, 392) -> 2238 (count 400)
merge 1983: (1347, 121) -> 2239 (count 399)
merge 1984: (359, 282) -> 2240 (count 399)
merge 1985: (922, 1512) -> 2241 (count 399)
merge 1986: (467, 675) -> 2242 (count 399)
merge 1987: (1542, 263) -> 2243 (count 399)
merge 1988: (100, 1126) -> 2244 (count 398)
merge 1989: (97, 460) -> 2245 (count 398)
merge 1990: (2209, 571) -> 2246 (count 398)
merge 1991: (101, 109) -> 2247 (count 396)
merge 1992: (118, 282) -> 2248 (count 395)
merge 1993: (933, 310) -> 2249 (count 395)
merge 1994: (1686, 121) -> 2250 (count 395)
merge 1995: (1819, 292) -> 2251 (count 394)
merge 1996: (354, 103) -> 2252 (count 394)
merge 1997: (324, 319) -> 2253 (count 394)
merge 1998: (1538, 286) -> 2254 (count 394)
merge 1999: (522, 288) -> 2255 (count 393)
merge 2000: (257, 267) -> 2256 (count 393)
merge 2001: (987, 338) -> 2257 (count 393)
merge 2002: (102, 116) -> 2258 (count 392)
merge 2003: (1141, 593) -> 2259 (count 392)
merge 2004: (750, 418) -> 2260 (count 392)
merge 2005: (125, 94) -> 2261 (count 391)
merge 2006: (2255, 460) -> 2262 (count 391)
merge 2007: (264, 319) -> 2263 (count 391)
merge 2008: (2180, 386) -> 2264 (count 391)
merge 2009: (1599, 344) -> 2265 (count 391)
merge 2010: (32, 1532) -> 2266 (count 391)
merge 2011: (282, 347) -> 2267 (count 390)
merge 2012: (1063, 1698) -> 2268 (count 390)
merge 2013: (1040, 2054) -> 2269 (count 390)
merge 2014: (1644, 66) -> 2270 (count 390)
merge 2015: (310, 102) -> 2271 (count 389)
merge 2016: (107, 121) -> 2272 (count 389)
merge 2017: (85, 78) -> 2273 (count 389)
merge 2018: (332, 109) -> 2274 (count 388)
merge 2019: (1091, 286) -> 2275 (count 388)
merge 2020: (304, 324) -> 2276 (count 388)
merge 2021: (874, 2262) -> 2277 (count 388)
merge 2022: (1021, 317) -> 2278 (count 388)
merge 2023: (1308, 401) -> 2279 (count 387)
merge 2024: (256, 733) -> 2280 (count 386)
merge 2025: (385, 660) -> 2281 (count 386)
merge 2026: (2218, 257) -> 2282 (count 385)
merge 2027: (111, 107) -> 2283 (count 385)
merge 2028: (1038, 1425) -> 2284 (count 385)
merge 2029: (543, 2120) -> 2285 (count 385)
merge 2030: (1230, 2215) -> 2286 (count 384)
merge 2031: (2009, 675) -> 2287 (count 384)
merge 2032: (419, 1780) -> 2288 (count 384)
merge 2033: (81, 117) -> 2289 (count 383)
merge 2034: (268, 269) -> 2290 (count 383)
merge 2035: (2200, 97) -> 2291 (count 382)
merge 2036: (2126, 1539) -> 2292 (count 382)
merge 2037: (606, 361) -> 2293 (count 382)
merge 2038: (629, 286) -> 2294 (count 382)
merge 2039: (258, 884) -> 2295 (count 381)
merge 2040: (574, 749) -> 2296 (count 381)
merge 2041: (32, 439) -> 2297 (count 381)
merge 2042: (84, 501) -> 2298 (count 380)
merge 2043: (272, 2163) -> 2299 (count 380)
merge 2044: (329, 2203) -> 2300 (count 380)
merge 2045: (433, 458) -> 2301 (count 380)
merge 2046: (1426, 598) -> 2302 (count 379)
merge 2047: (100, 551) -> 2303 (count 379)
merge 2048: (1026, 1694) -> 2304 (count 379)
merge 2049: (382, 2245) -> 2305 (count 379)
merge 2050: (437, 106) -> 2306 (count 379)
merge 2051: (384, 628) -> 2307 (count 379)
merge 2052: (121, 335) -> 2308 (count 378)
merge 2053: (109, 2091) -> 2309 (count 378)
merge 2054: (555, 121) -> 2310 (count 378)
merge 2055: (304, 1352) -> 2311 (count 378)
merge 2056: (290, 105) -> 2312 (count 377)
merge 2057: (2141, 341) -> 2313 (count 377)
merge 2058: (1823, 1429) -> 2314 (count 377)
merge 2059: (1338, 400) -> 2315 (count 377)
merge 2060: (1307, 115) -> 2316 (count 377)
merge 2061: (280, 276) -> 2317 (count 377)
merge 2062: (353, 2303) -> 2318 (count 377)
merge 2063: (1636, 299) -> 2319 (count 377)
merge 2064: (1416, 845) -> 2320 (count 377)
merge 2065: (279, 98) -> 2321 (count 376)
merge 2066: (270, 100) -> 2322 (count 376)
merge 2067: (341, 98) -> 2323 (count 376)
merge 2068: (403, 110) -> 2324 (count 376)
merge 2069: (2058, 121) -> 2325 (count 376)
merge 2070: (1224, 988) -> 2326 (count 376)
merge 2071: (313, 364) -> 2327 (count 375)
merge 2072: (298, 2036) -> 2328 (count 375)
merge 2073: (758, 276) -> 2329 (count 375)
merge 2074: (268, 289) -> 2330 (count 375)
merge 2075: (741, 100) -> 2331 (count 375)
merge 2076: (258, 107) -> 2332 (count 374)
merge 2077: (439, 121) -> 2333 (count 374)
merge 2078: (491, 101) -> 2334 (count 374)
merge 2079: (959, 115) -> 2335 (count 374)
merge 2080: (662, 2014) -> 2336 (count 374)
merge 2081: (1717, 529) -> 2337 (count 374)
merge 2082: (518, 46) -> 2338 (count 373)
merge 2083: (318, 109) -> 2339 (count 373)
merge 2084: (1227, 386) -> 2340 (count 373)
merge 2085: (295, 289) -> 2341 (count 373)
merge 2086: (1602, 282) -> 2342 (count 373)
merge 2087: (879, 317) -> 2343 (count 373)
merge 2088: (2171, 376) -> 2344 (count 373)
merge 2089: (261, 377) -> 2345 (count 372)
merge 2090: (257, 1365) -> 2346 (count 372)
merge 2091: (443, 616) -> 2347 (count 372)
merge 2092: (265, 97) -> 2348 (count 372)
merge 2093: (419, 473) -> 2349 (count 372)
merge 2094: (307, 115) -> 2350 (count 371)
merge 2095: (108, 338) -> 2351 (count 370)
merge 2096: (300, 396) -> 2352 (count 370)
merge 2097: (283, 853) -> 2353 (count 370)
merge 2098: (1571, 115) -> 2354 (count 370)
merge 2099: (288, 97) -> 2355 (count 369)
merge 2100: (1097, 116) -> 2356 (count 369)
merge 2101: (1286, 441) -> 2357 (count 369)
merge 2102: (330, 533) -> 2358 (count 369)
merge 2103: (395, 111) -> 2359 (count 369)
merge 2104: (905, 48) -> 2360 (count 369)
merge 2105: (77, 68) -> 2361 (count 368)
merge 2106: (281, 112) -> 2362 (count 368)
merge 2107: (354, 441) -> 2363 (count 367)
merge 2108: (408, 101) -> 2364 (count 367)
merge 2109: (1645, 317) -> 2365 (count 367)
merge 2110: (606, 482) -> 2366 (count 367)
merge 2111: (1796, 651) -> 2367 (count 366)
merge 2112: (1643, 271) -> 2368 (count 366)
merge 2113: (265, 888) -> 2369 (count 366)
merge 2114: (298, 684) -> 2370 (count 366)
merge 2115: (281, 445) -> 2371 (count 366)
merge 2116: (329, 2046) -> 2372 (count 366)
merge 2117: (524, 365) -> 2373 (count 366)
merge 2118: (332, 948) -> 2374 (count 365)
merge 2119: (2374, 362) -> 2375 (count 365)
merge 2120: (596, 296) -> 2376 (count 365)
merge 2121: (606, 1928) -> 2377 (count 365)
merge 2122: (623, 2282) -> 2378 (count 365)
merge 2123: (77, 80) -> 2379 (count 364)
merge 2124: (71, 80) -> 2380 (count 364)
merge 2125: (717, 1170) -> 2381 (count 363)
merge 2126: (288, 869) -> 2382 (count 363)
merge 2127: (272, 2324) -> 2383 (count 363)
merge 2128: (850, 631) -> 2384 (count 363)
merge 2129: (2236, 562) -> 2385 (count 363)
merge 2130: (105, 97) -> 2386 (count 362)
merge 2131: (1544, 1720) -> 2387 (count 362)
merge 2132: (692, 2153) -> 2388 (count 362)
merge 2133: (578, 344) -> 2389 (count 362)
merge 2134: (1235, 1501) -> 2390 (count 362)
merge 2135: (298, 102) -> 2391 (count 361)
merge 2136: (1630, 448) -> 2392 (count 360)
merge 2137: (282, 296) -> 2393 (count 360)
merge 2138: (269, 109) -> 2394 (count 360)
merge 2139: (2191, 1603) -> 2395 (count 360)
merge 2140: (360, 40) -> 2396 (count 360)
merge 2141: (301, 2271) -> 2397 (count 358)
merge 2142: (341, 258) -> 2398 (count 357)
merge 2143: (326, 1536) -> 2399 (count 357)
merge 2144: (474, 1096) -> 2400 (count 357)
merge 2145: (292, 296) -> 2401 (count 357)
merge 2146: (323, 464) -> 2402 (count 357)
merge 2147: (323, 1966) -> 2403 (count 357)
merge 2148: (700, 2149) -> 2404 (count 357)
merge 2149: (119, 632) -> 2405 (count 355)
merge 2150: (310, 572) -> 2406 (count 355)
merge 2151: (334, 115) -> 2407 (count 355)
merge 2152: (487, 1202) -> 2408 (count 355)
merge 2153: (1066, 2072) -> 2409 (count 355)
merge 2154: (268, 299) -> 2410 (count 354)
merge 2155: (459, 1718) -> 2411 (count 354)
merge 2156: (32, 2347) -> 2412 (count 354)
merge 2157: (279, 120) -> 2413 (count 353)
merge 2158: (1154, 757) -> 2414 (count 353)
merge 2159: (606, 485) -> 2415 (count 353)
merge 2160: (1392, 314) -> 2416 (count 353)
merge 2161: (1039, 1229) -> 2417 (count 353)
merge 2162: (1002, 386) -> 2418 (count 353)
merge 2163: (1205, 314) -> 2419 (count 353)
merge 2164: (353, 594) -> 2420 (count 353)
merge 2165: (2308, 404) -> 2421 (count 352)
merge 2166: (257, 101) -> 2422 (count 352)
merge 2167: (617, 715) -> 2423 (count 352)
merge 2168: (1351, 754) -> 2424 (count 352)
merge 2169: (1183, 115) -> 2425 (count 352)
merge 2170: (274, 2257) -> 2426 (count 352)
merge 2171: (2252, 418) -> 2427 (count 351)
merge 2172: (286, 341) -> 2428 (count 351)
merge 2173: (1026, 1580) -> 2429 (count 351)
merge 2174: (275, 1410) -> 2430 (count 351)
merge 2175: (740, 1049) -> 2431 (count 351)
merge 2176: (1125, 289) -> 2432 (count 351)
merge 2177: (263, 276) -> 2433 (count 350)
merge 2178: (922, 296) -> 2434 (count 350)
merge 2179: (769, 115) -> 2435 (count 350)
merge 2180: (2118, 100) -> 2436 (count 350)
merge 2181: (2000, 1146) -> 2437 (count 350)
merge 2182: (32, 475) -> 2438 (count 350)
merge 2183: (368, 1832) -> 2439 (count 349)
merge 2184: (330, 1042) -> 2440 (count 349)
merge 2185: (573, 1128) -> 2441 (count 349)
merge 2186: (1275, 1703) -> 2442 (count 348)
merge 2187: (502, 2105) -> 2443 (count 348)
merge 2188: (2221, 2355) -> 2444 (count 348)
merge 2189: (454, 418) -> 2445 (count 347)
merge 2190: (2439, 1159) -> 2446 (count 347)
merge 2191: (1676, 2071) -> 2447 (count 347)
merge 2192: (797, 733) -> 2448 (count 347)
merge 2193: (637, 858) -> 2449 (count 346)
merge 2194: (108, 257) -> 2450 (count 346)
merge 2195: (258, 105) -> 2451 (count 346)
merge 2196: (101, 101) -> 2452 (count 346)
merge 2197: (661, 257) -> 2453 (count 346)
merge 2198: (308, 361) -> 2454 (count 346)
merge 2199: (268, 1232) -> 2455 (count 346)
merge 2200: (807, 115) -> 2456 (count 345)
merge 2201: (69, 80) -> 2457 (count 345)
merge 2202: (265, 1733) -> 2458 (count 345)
merge 2203: (272, 342) -> 2459 (count 345)
merge 2204: (554, 122) -> 2460 (count 344)
merge 2205: (546, 1109) -> 2461 (count 344)
merge 2206: (2124, 121) -> 2462 (count 344)
merge 2207: (436, 100) -> 2463 (count 344)
merge 2208: (112, 357) -> 2464 (count 343)
merge 2209: (258, 358) -> 2465 (count 343)
merge 2210: (1356, 480) -> 2466 (count 343)
merge 2211: (1373, 2413) -> 2467 (count 343)
merge 2212: (330, 2187) -> 2468 (count 343)
merge 2213: (1859, 1294) -> 2469 (count 343)
merge 2214: (1357, 2428) -> 2470 (count 343)
merge 2215: (308, 263) -> 2471 (count 343)
merge 2216: (291, 105) -> 2472 (count 343)
merge 2217: (1781, 523) -> 2473 (count 342)
merge 2218: (862, 1135) -> 2474 (count 342)
merge 2219: (1002, 296) -> 2475 (count 342)
merge 2220: (471, 1669) -> 2476 (count 342)
merge 2221: (337, 2267) -> 2477 (count 342)
merge 2222: (104, 267) -> 2478 (count 341)
merge 2223: (1072, 292) -> 2479 (count 340)
merge 2224: (317, 595) -> 2480 (count 340)
merge 2225: (615, 267) -> 2481 (count 340)
merge 2226: (358, 286) -> 2482 (count 340)
merge 2227: (98, 115) -> 2483 (count 340)
merge 2228: (256, 565) -> 2484 (count 340)
merge 2229: (406, 2382) -> 2485 (count 340)
merge 2230: (438, 1119) -> 2486 (count 340)
merge 2231: (378, 112) -> 2487 (count 340)
merge 2232: (103, 372) -> 2488 (count 339)
merge 2233: (655, 454) -> 2489 (count 339)
merge 2234: (1541, 36) -> 2490 (count 339)
merge 2235: (1275, 1654) -> 2491 (count 339)
merge 2236: (1689, 121) -> 2492 (count 339)
merge 2237: (1826, 418) -> 2493 (count 339)
merge 2238: (395, 2033) -> 2494 (count 339)
merge 2239: (115, 2135) -> 2495 (count 338)
merge 2240: (104, 2201) -> 2496 (count 338)
merge 2241: (72, 735) -> 2497 (count 338)
merge 2242: (812, 103) -> 2498 (count 338)
merge 2243: (1006, 115) -> 2499 (count 337)
merge 2244: (110, 286) -> 2500 (count 337)
merge 2245: (533, 457) -> 2501 (count 337)
merge 2246: (49, 54) -> 2502 (count 337)
merge 2247: (462, 269) -> 2503 (count 337)
merge 2248: (1553, 344) -> 2504 (count 337)
merge 2249: (1914, 1463) -> 2505 (count 337)
merge 2250: (451, 455) -> 2506 (count 337)
merge 2251: (304, 2466) -> 2507 (count 336)
merge 2252: (330, 678) -> 2508 (count 336)
merge 2253: (759, 2397) -> 2509 (count 336)
merge 2254: (324, 332) -> 2510 (count 335)
merge 2255: (108, 873) -> 2511 (count 335)
merge 2256: (271, 480) -> 2512 (count 335)
merge 2257: (69, 82) -> 2513 (count 335)
merge 2258: (98, 1989) -> 2514 (count 334)
merge 2259: (530, 270) -> 2515 (count 334)
merge 2260: (265, 313) -> 2516 (count 334)
merge 2261: (719, 2363) -> 2517 (count 334)
merge 2262: (829, 101) -> 2518 (count 334)
merge 2263: (812, 1493) -> 2519 (count 334)
merge 2264: (1750, 258) -> 2520 (count 333)
merge 2265: (103, 270) -> 2521 (count 333)
merge 2266: (1034, 845) -> 2522 (count 333)
merge 2267: (707, 115) -> 2523 (count 333)
merge 2268: (375, 1202) -> 2524 (count 333)
merge 2269: (689, 1533) -> 2525 (count 333)
merge 2270: (2195, 1625) -> 2526 (count 333)
merge 2271: (1014, 988) -> 2527 (count 333)
merge 2272: (1745, 352) -> 2528 (count 333)
merge 2273: (125, 44) -> 2529 (count 332)
merge 2274: (1731, 486) -> 2530 (count 332)
merge 2275: (421, 119) -> 2531 (count 332)
merge 2276: (1277, 1502) -> 2532 (count 332)
merge 2277: (1001, 1870) -> 2533 (count 332)
merge 2278: (32, 264) -> 2534 (count 332)
merge 2279: (282, 1569) -> 2535 (count 331)
merge 2280: (364, 269) -> 2536 (count 331)
merge 2281: (1816, 1185) -> 2537 (count 331)
merge 2282: (894, 288) -> 2538 (count 331)
merge 2283: (1375, 344) -> 2539 (count 331)
merge 2284: (1423, 341) -> 2540 (count 331)
merge 2285: (566, 269) -> 2541 (count 330)
merge 2286: (97, 441) -> 2542 (count 330)
merge 2287: (430, 42) -> 2543 (count 330)
merge 2288: (256, 1768) -> 2544 (count 330)
merge 2289: (1207, 900) -> 2545 (count 330)
merge 2290: (586, 1609) -> 2546 (count 330)
merge 2291: (1629, 1648) -> 2547 (count 330)
merge 2292: (308, 1948) -> 2548 (count 330)
merge 2293: (2134, 2460) -> 2549 (count 330)
merge 2294: (660, 267) -> 2550 (count 329)
merge 2295: (76, 979) -> 2551 (count 329)
merge 2296: (287, 301) -> 2552 (count 329)
merge 2297: (1080, 377) -> 2553 (count 329)
merge 2298: (542, 290) -> 2554 (count 329)
merge 2299: (1180, 699) -> 2555 (count 329)
merge 2300: (508, 1980) -> 2556 (count 329)
merge 2301: (2341, 745) -> 2557 (count 329)
merge 2302: (320, 2022) -> 2558 (count 328)
merge 2303: (778, 1885) -> 2559 (count 328)
merge 2304: (353, 116) -> 2560 (count 328)
merge 2305: (512, 529) -> 2561 (count 328)
merge 2306: (102, 598) -> 2562 (count 327)
merge 2307: (266, 1539) -> 2563 (count 327)
merge 2308: (866, 464) -> 2564 (count 327)
merge 2309: (440, 344) -> 2565 (count 327)
merge 2310: (2365, 101) -> 2566 (count 327)
merge 2311: (375, 101) -> 2567 (count 327)
merge 2312: (330, 1305) -> 2568 (count 327)
merge 2313: (323, 632) -> 2569 (count 327)
merge 2314: (812, 1204) -> 2570 (count 327)
merge 2315: (1523, 372) -> 2571 (count 326)
merge 2316: (376, 258) -> 2572 (count 325)
merge 2317: (741, 118) -> 2573 (count 325)
merge 2318: (435, 101) -> 2574 (count 325)
merge 2319: (294, 999) -> 2575 (count 325)
merge 2320: (32, 96) -> 2576 (count 325)
merge 2321: (479, 101) -> 2577 (count 324)
merge 2322: (1116, 101) -> 2578 (count 324)
merge 2323: (1134, 791) -> 2579 (count 324)
merge 2324: (1359, 101) -> 2580 (count 324)
merge 2325: (1305, 1904) -> 2581 (count 323)
merge 2326: (270, 411) -> 2582 (count 323)
merge 2327: (257, 1512) -> 2583 (count 323)
merge 2328: (724, 36) -> 2584 (count 323)
merge 2329: (1063, 400) -> 2585 (count 323)
merge 2330: (1286, 366) -> 2586 (count 323)
merge 2331: (980, 276) -> 2587 (count 323)
merge 2332: (653, 1724) -> 2588 (count 322)
merge 2333: (334, 284) -> 2589 (count 322)
merge 2334: (287, 1507) -> 2590 (count 322)
merge 2335: (990, 2291) -> 2591 (count 322)
merge 2336: (298, 2095) -> 2592 (count 322)
merge 2337: (117, 364) -> 2593 (count 321)
merge 2338: (307, 643) -> 2594 (count 321)
merge 2339: (359, 297) -> 2595 (count 321)
merge 2340: (306, 333) -> 2596 (count 321)
merge 2341: (283, 282) -> 2597 (count 321)
merge 2342: (1014, 1407) -> 2598 (count 321)
merge 2343: (111, 1825) -> 2599 (count 320)
merge 2344: (2012, 98) -> 2600 (count 320)
merge 2345: (1193, 746) -> 2601 (count 320)
merge 2346: (272, 1391) -> 2602 (count 320)
merge 2347: (363, 286) -> 2603 (count 320)
merge 2348: (117, 336) -> 2604 (count 319)
merge 2349: (103, 899) -> 2605 (count 319)
merge 2350: (465, 276) -> 2606 (count 319)
merge 2351: (1492, 282) -> 2607 (count 319)
merge 2352: (793, 444) -> 2608 (count 319)
merge 2353: (355, 2421) -> 2609 (count 319)
merge 2354: (2427, 296) -> 2610 (count 318)
merge 2355: (78, 1401) -> 2611 (count 318)
merge 2356: (512, 307) -> 2612 (count 318)
merge 2357: (32, 91) -> 2613 (count 318)
merge 2358: (665, 1683) -> 2614 (count 317)
merge 2359: (106, 346) -> 2615 (count 317)
merge 2360: (284, 480) -> 2616 (count 317)
merge 2361: (49, 49) -> 2617 (count 317)
merge 2362: (1610, 2028) -> 2618 (count 317)
merge 2363: (2521, 1468) -> 2619 (count 316)
merge 2364: (1384, 454) -> 2620 (count 316)
merge 2365: (1359, 286) -> 2621 (count 316)
merge 2366: (312, 1049) -> 2622 (count 315)
merge 2367: (1251, 102) -> 2623 (count 315)
merge 2368: (675, 267) -> 2624 (count 315)
merge 2369: (411, 276) -> 2625 (count 315)
merge 2370: (2030, 302) -> 2626 (count 315)
merge 2371: (77, 501) -> 2627 (count 315)
merge 2372: (50, 52) -> 2628 (count 315)
merge 2373: (388, 2274) -> 2629 (count 315)
merge 2374: (1189, 443) -> 2630 (count 315)
merge 2375: (53, 48) -> 2631 (count 314)
merge 2376: (588, 115) -> 2632 (count 314)
merge 2377: (2062, 397) -> 2633 (count 314)
merge 2378: (459, 2228) -> 2634 (count 314)
merge 2379: (32, 57) -> 2635 (count 314)
merge 2380: (109, 1896) -> 2636 (count 313)
merge 2381: (697, 397) -> 2637 (count 313)
merge 2382: (1092, 1981) -> 2638 (count 313)
merge 2383: (584, 108) -> 2639 (count 313)
merge 2384: (721, 284) -> 2640 (count 313)
merge 2385: (927, 1421) -> 2641 (count 313)
merge 2386: (111, 314) -> 2642 (count 312)
merge 2387: (1709, 105) -> 2643 (count 312)
merge 2388: (524, 269) -> 2644 (count 312)
merge 2389: (281, 1969) -> 2645 (count 311)
merge 2390: (330, 768) -> 2646 (count 311)
merge 2391: (573, 314) -> 2647 (count 311)
merge 2392: (421, 925) -> 2648 (count 310)
merge 2393: (265, 1390) -> 2649 (count 310)
merge 2394: (604, 589) -> 2650 (count 309)
merge 2395: (1476, 344) -> 2651 (count 309)
merge 2396: (260, 365) -> 2652 (count 309)
merge 2397: (486, 1088) -> 2653 (count 308)
merge 2398: (263, 816) -> 2654 (count 308)
merge 2399: (103, 111) -> 2655 (count 308)
merge 2400: (320, 2407) -> 2656 (count 308)
merge 2401: (644, 2130) -> 2657 (count 308)
merge 2402: (274, 302) -> 2658 (count 308)
merge 2403: (266, 278) -> 2659 (count 307)
merge 2404: (1605, 114) -> 2660 (count 307)
merge 2405: (499, 568) -> 2661 (count 307)
merge 2406: (42, 41) -> 2662 (count 307)
merge 2407: (337, 261) -> 2663 (count 307)
merge 2408: (117, 307) -> 2664 (count 306)
merge 2409: (270, 115) -> 2665 (count 306)
merge 2410: (880, 356) -> 2666 (count 306)
merge 2411: (1503, 2042) -> 2667 (count 306)
merge 2412: (434, 116) -> 2668 (count 306)
merge 2413: (1847, 263) -> 2669 (count 306)
merge 2414: (32, 709) -> 2670 (count 306)
merge 2415: (382, 391) -> 2671 (count 305)
merge 2416: (2348, 2623) -> 2672 (count 305)
merge 2417: (606, 2512) -> 2673 (count 305)
merge 2418: (1299, 369) -> 2674 (count 305)
merge 2419: (1841, 1667) -> 2675 (count 304)
merge 2420: (2582, 257) -> 2676 (count 303)
merge 2421: (391, 278) -> 2677 (count 303)
merge 2422: (256, 1455) -> 2678 (count 303)
merge 2423: (588, 110) -> 2679 (count 303)
merge 2424: (370, 460) -> 2680 (count 303)
merge 2425: (1597, 569) -> 2681 (count 303)
merge 2426: (512, 2619) -> 2682 (count 303)
merge 2427: (2122, 278) -> 2683 (count 302)
merge 2428: (406, 2202) -> 2684 (count 302)
merge 2429: (1619, 686) -> 2685 (count 302)
merge 2430: (1691, 362) -> 2686 (count 301)
merge 2431: (258, 116) -> 2687 (count 301)
merge 2432: (56, 48) -> 2688 (count 301)
merge 2433: (265, 312) -> 2689 (count 301)
merge 2434: (924, 1218) -> 2690 (count 301)
merge 2435: (320, 344) -> 2691 (count 301)
merge 2436: (2214, 1297) -> 2692 (count 301)
merge 2437: (291, 2313) -> 2693 (count 301)
merge 2438: (1139, 286) -> 2694 (count 301)
merge 2439: (1000, 362) -> 2695 (count 300)
merge 2440: (112, 861) -> 2696 (count 300)
merge 2441: (282, 276) -> 2697 (count 300)
merge 2442: (259, 1073) -> 2698 (count 300)
merge 2443: (1230, 101) -> 2699 (count 300)
merge 2444: (272, 915) -> 2700 (count 300)
merge 2445: (281, 757) -> 2701 (count 300)
merge 2446: (812, 2660) -> 2702 (count 300)
merge 2447: (1824, 1975) -> 2703 (count 300)
merge 2448: (669, 110) -> 2704 (count 300)
merge 2449: (2312, 2550) -> 2705 (count 299)
merge 2450: (334, 257) -> 2706 (count 299)
merge 2451: (40, 2662) -> 2707 (count 299)
merge 2452: (819, 301) -> 2708 (count 299)
merge 2453: (287, 465) -> 2709 (count 299)
merge 2454: (109, 728) -> 2710 (count 298)
merge 2455: (1789, 116) -> 2711 (count 298)
merge 2456: (265, 1283) -> 2712 (count 298)
merge 2457: (530, 314) -> 2713 (count 297)
merge 2458: (1565, 558) -> 2714 (count 297)
merge 2459: (1599, 482) -> 2715 (count 297)
merge 2460: (334, 774) -> 2716 (count 296)
merge 2461: (107, 266) -> 2717 (count 296)
merge 2462: (596, 444) -> 2718 (count 296)
merge 2463: (708, 273) -> 2719 (count 296)
merge 2464: (409, 497) -> 2720 (count 296)
merge 2465: (2606, 1088) -> 2721 (count 295)
merge 2466: (1154, 1809) -> 2722 (count 295)
merge 2467: (672, 369) -> 2723 (count 295)
merge 2468: (2540, 276) -> 2724 (count 295)
merge 2469: (516, 2096) -> 2725 (count 295)
merge 2470: (125, 518) -> 2726 (count 294)
merge 2471: (116, 1236) -> 2727 (count 294)
merge 2472: (379, 109) -> 2728 (count 294)
merge 2473: (831, 92) -> 2729 (count 294)
merge 2474: (688, 286) -> 2730 (count 294)
merge 2475: (2555, 1990) -> 2731 (count 294)
merge 2476: (325, 276) -> 2732 (count 293)
merge 2477: (1853, 289) -> 2733 (count 292)
merge 2478: (101, 563) -> 2734 (count 292)
merge 2479: (477, 257) -> 2735 (count 292)
merge 2480: (272, 561) -> 2736 (count 292)
merge 2481: (1003, 366) -> 2737 (count 292)
merge 2482: (623, 99) -> 2738 (count 292)
merge 2483: (476, 111) -> 2739 (count 292)
merge 2484: (32, 54) -> 2740 (count 292)
merge 2485: (2654, 835) -> 2741 (count 291)
merge 2486: (289, 116) -> 2742 (count 291)
merge 2487: (974, 313) -> 2743 (count 291)
merge 2488: (359, 288) -> 2744 (count 291)
merge 2489: (838, 333) -> 2745 (count 291)
merge 2490: (272, 479) -> 2746 (count 291)
merge 2491: (1472, 267) -> 2747 (count 291)
merge 2492: (1887, 286) -> 2748 (count 291)
merge 2493: (436, 108) -> 2749 (count 291)
merge 2494: (2241, 314) -> 2750 (count 290)
merge 2495: (343, 2520) -> 2751 (count 290)
merge 2496: (1292, 477) -> 2752 (count 290)
merge 2497: (1660, 276) -> 2753 (count 290)
merge 2498: (1950, 267) -> 2754 (count 289)
merge 2499: (298, 100) -> 2755 (count 289)
merge 2500: (1523, 2433) -> 2756 (count 289)
merge 2501: (2510, 101) -> 2757 (count 288)
merge 2502: (1820, 344) -> 2758 (count 288)
merge 2503: (638, 105) -> 2759 (count 288)
merge 2504: (382, 2583) -> 2760 (count 288)
merge 2505: (1286, 263) -> 2761 (count 288)
merge 2506: (406, 267) -> 2762 (count 288)
merge 2507: (2249, 1833) -> 2763 (count 288)
merge 2508: (2083, 634) -> 2764 (count 288)
merge 2509: (1070, 119) -> 2765 (count 288)
merge 2510: (472, 1685) -> 2766 (count 288)
merge 2511: (1028, 104) -> 2767 (count 287)
merge 2512: (1766, 362) -> 2768 (count 286)
merge 2513: (754, 1131) -> 2769 (count 286)
merge 2514: (672, 2536) -> 2770 (count 286)
merge 2515: (265, 261) -> 2771 (count 286)
merge 2516: (2370, 364) -> 2772 (count 286)
merge 2517: (1084, 2121) -> 2773 (count 286)
merge 2518: (280, 1203) -> 2774 (count 286)
merge 2519: (1423, 773) -> 2775 (count 286)
merge 2520: (763, 286) -> 2776 (count 285)
merge 2521: (684, 335) -> 2777 (count 285)
merge 2522: (39, 39) -> 2778 (count 285)
merge 2523: (526, 668) -> 2779 (count 285)
merge 2524: (1636, 893) -> 2780 (count 285)
merge 2525: (294, 124) -> 2781 (count 285)
merge 2526: (92, 1231) -> 2782 (count 284)
merge 2527: (2368, 418) -> 2783 (count 284)
merge 2528: (708, 116) -> 2784 (count 284)
merge 2529: (759, 333) -> 2785 (count 284)
merge 2530: (567, 278) -> 2786 (count 283)
merge 2531: (1008, 264) -> 2787 (count 283)
merge 2532: (265, 1743) -> 2788 (count 283)
merge 2533: (283, 264) -> 2789 (count 283)
merge 2534: (797, 263) -> 2790 (count 283)
merge 2535: (1997, 407) -> 2791 (count 283)
merge 2536: (300, 443) -> 2792 (count 282)
merge 2537: (2483, 473) -> 2793 (count 282)
merge 2538: (1369, 290) -> 2794 (count 282)
merge 2539: (2151, 286) -> 2795 (count 282)
merge 2540: (1155, 791) -> 2796 (count 282)
merge 2541: (378, 99) -> 2797 (count 282)
merge 2542: (116, 122) -> 2798 (count 281)
merge 2543: (282, 286) -> 2799 (count 281)
merge 2544: (103, 564) -> 2800 (count 281)
merge 2545: (549, 77) -> 2801 (count 281)
merge 2546: (1026, 973) -> 2802 (count 281)
merge 2547: (1408, 296) -> 2803 (count 281)
merge 2548: (329, 632) -> 2804 (count 281)
merge 2549: (2331, 973) -> 2805 (count 281)
merge 2550: (411, 571) -> 2806 (count 280)
merge 2551: (67, 67) -> 2807 (count 280)
merge 2552: (272, 309) -> 2808 (count 280)
merge 2553: (320, 284) -> 2809 (count 280)
merge 2554: (471, 1485) -> 2810 (count 280)
merge 2555: (934, 273) -> 2811 (count 280)
merge 2556: (2528, 506) -> 2812 (count 280)
merge 2557: (342, 115) -> 2813 (count 279)
merge 2558: (105, 656) -> 2814 (count 279)
merge 2559: (707, 314) -> 2815 (count 279)
merge 2560: (815, 1229) -> 2816 (count 279)
merge 2561: (311, 115) -> 2817 (count 278)
merge 2562: (1248, 278) -> 2818 (count 278)
merge 2563: (80, 98) -> 2819 (count 278)
merge 2564: (1952, 2116) -> 2820 (count 278)
merge 2565: (1763, 101) -> 2821 (count 278)
merge 2566: (298, 955) -> 2822 (count 278)
merge 2567: (547, 101) -> 2823 (count 278)
merge 2568: (528, 2142) -> 2824 (count 278)
merge 2569: (281, 290) -> 2825 (count 278)
merge 2570: (2048, 121) -> 2826 (count 278)
merge 2571: (419, 1403) -> 2827 (count 278)
merge 2572: (937, 523) -> 2828 (count 278)
merge 2573: (446, 760) -> 2829 (count 278)
merge 2574: (111, 1266) -> 2830 (count 277)
merge 2575: (300, 357) -> 2831 (count 277)
merge 2576: (781, 1269) -> 2832 (count 277)
merge 2577: (320, 439) -> 2833 (count 277)
merge 2578: (1610, 962) -> 2834 (count 277)
merge 2579: (661, 391) -> 2835 (count 277)
merge 2580: (2595, 2686) -> 2836 (count 276)
merge 2581: (425, 1232) -> 2837 (count 276)
merge 2582: (471, 2758) -> 2838 (count 276)
merge 2583: (1293, 474) -> 2839 (count 276)
merge 2584: (1237, 1787) -> 2840 (count 276)
merge 2585: (1253, 853) -> 2841 (count 276)
merge 2586: (499, 314) -> 2842 (count 275)
merge 2587: (303, 2792) -> 2843 (count 275)
merge 2588: (2207, 2387) -> 2844 (count 275)
merge 2589: (2670, 333) -> 2845 (count 275)
merge 2590: (2097, 286) -> 2846 (count 275)
merge 2591: (417, 111) -> 2847 (count 275)
merge 2592: (324, 296) -> 2848 (count 274)
merge 2593: (364, 2219) -> 2849 (count 274)
merge 2594: (2734, 2086) -> 2850 (count 274)
merge 2595: (99, 317) -> 2851 (count 274)
merge 2596: (55, 48) -> 2852 (count 274)
merge 2597: (1250, 1334) -> 2853 (count 274)
merge 2598: (1615, 1760) -> 2854 (count 274)
merge 2599: (274, 2610) -> 2855 (count 274)
merge 2600: (814, 477) -> 2856 (count 274)
merge 2601: (291, 309) -> 2857 (count 274)
merge 2602: (120, 424) -> 2858 (count 273)
merge 2603: (423, 114) -> 2859 (count 273)
merge 2604: (69, 83) -> 2860 (count 273)
merge 2605: (2230, 2732) -> 2861 (count 273)
merge 2606: (295, 2616) -> 2862 (count 273)
merge 2607: (1931, 117) -> 2863 (count 273)
merge 2608: (410, 2741) -> 2864 (count 273)
merge 2609: (125, 41) -> 2865 (count 272)
merge 2610: (2321, 278) -> 2866 (count 272)
merge 2611: (2614, 292) -> 2867 (count 272)
merge 2612: (80, 104) -> 2868 (count 272)
merge 2613: (69, 67) -> 2869 (count 272)
merge 2614: (256, 361) -> 2870 (count 272)
merge 2615: (298, 109) -> 2871 (count 272)
merge 2616: (623, 530) -> 2872 (count 272)
merge 2617: (280, 2650) -> 2873 (count 272)
merge 2618: (1946, 269) -> 2874 (count 272)
merge 2619: (378, 2103) -> 2875 (count 272)
merge 2620: (111, 339) -> 2876 (count 271)
merge 2621: (297, 105) -> 2877 (count 271)
merge 2622: (2339, 1493) -> 2878 (count 271)
merge 2623: (1138, 115) -> 2879 (count 271)
merge 2624: (538, 1604) -> 2880 (count 271)
merge 2625: (1660, 266) -> 2881 (count 271)
merge 2626: (2738, 326) -> 2882 (count 271)
merge 2627: (2101, 1159) -> 2883 (count 271)
merge 2628: (629, 116) -> 2884 (count 271)
merge 2629: (1139, 278) -> 2885 (count 271)
merge 2630: (32, 105) -> 2886 (count 271)
merge 2631: (270, 717) -> 2887 (count 270)
merge 2632: (102, 270) -> 2888 (count 270)
merge 2633: (552, 656) -> 2889 (count 270)
merge 2634: (288, 99) -> 2890 (count 269)
merge 2635: (1148, 2514) -> 2891 (count 269)
merge 2636: (1575, 278) -> 2892 (count 269)
merge 2637: (661, 366) -> 2893 (count 269)
merge 2638: (1831, 2622) -> 2894 (count 269)
merge 2639: (536, 1401) -> 2895 (count 269)
merge 2640: (639, 314) -> 2896 (count 268)
merge 2641: (1361, 273) -> 2897 (count 268)
merge 2642: (353, 1152) -> 2898 (count 268)
merge 2643: (470, 2721) -> 2899 (count 268)
merge 2644: (310, 100) -> 2900 (count 267)
merge 2645: (397, 325) -> 2901 (count 267)
merge 2646: (411, 386) -> 2902 (count 267)
merge 2647: (52, 48) -> 2903 (count 267)
merge 2648: (2590, 338) -> 2904 (count 267)
merge 2649: (370, 362) -> 2905 (count 267)
merge 2650: (283, 714) -> 2906 (count 267)
merge 2651: (773, 1422) -> 2907 (count 266)
merge 2652: (272, 734) -> 2908 (count 266)
merge 2653: (740, 614) -> 2909 (count 266)
merge 2654: (1934, 258) -> 2910 (count 266)
merge 2655: (1759, 103) -> 2911 (count 266)
merge 2656: (2004, 439) -> 2912 (count 265)
merge 2657: (258, 99) -> 2913 (count 265)
merge 2658: (71, 87) -> 2914 (count 265)
merge 2659: (1331, 101) -> 2915 (count 265)
merge 2660: (2689, 676) -> 2916 (count 265)
merge 2661: (932, 2728) -> 2917 (count 265)
merge 2662: (492, 1995) -> 2918 (count 265)
merge 2663: (313, 105) -> 2919 (count 264)
merge 2664: (2049, 2061) -> 2920 (count 264)
merge 2665: (765, 615) -> 2921 (count 264)
merge 2666: (1201, 611) -> 2922 (count 264)
merge 2667: (2430, 322) -> 2923 (count 264)
merge 2668: (446, 2327) -> 2924 (count 264)
merge 2669: (290, 860) -> 2925 (count 263)
merge 2670: (106, 496) -> 2926 (count 263)
merge 2671: (103, 2925) -> 2927 (count 263)
merge 2672: (408, 121) -> 2928 (count 263)
merge 2673: (84, 104) -> 2929 (count 263)
merge 2674: (80, 84) -> 2930 (count 263)
merge 2675: (51, 48) -> 2931 (count 263)
merge 2676: (1529, 336) -> 2932 (count 263)
merge 2677: (440, 1297) -> 2933 (count 263)
merge 2678: (1169, 286) -> 2934 (count 263)
merge 2679: (2088, 326) -> 2935 (count 263)
merge 2680: (378, 290) -> 2936 (count 263)
merge 2681: (2373, 2352) -> 2937 (count 263)
merge 2682: (278, 264) -> 2938 (count 262)
merge 2683: (258, 2003) -> 2939 (count 262)
merge 2684: (297, 1088) -> 2940 (count 262)
merge 2685: (98, 286) -> 2941 (count 262)
merge 2686: (76, 1994) -> 2942 (count 262)
merge 2687: (453, 1206) -> 2943 (count 262)
merge 2688: (526, 296) -> 2944 (count 262)
merge 2689: (330, 940) -> 2945 (count 262)
merge 2690: (32, 117) -> 2946 (count 262)
merge 2691: (734, 116) -> 2947 (count 261)
merge 2692: (530, 1719) -> 2948 (count 261)
merge 2693: (618, 634) -> 2949 (count 261)
merge 2694: (281, 2767) -> 2950 (count 261)
merge 2695: (315, 1352) -> 2951 (count 261)
merge 2696: (1255, 1708) -> 2952 (count 261)
merge 2697: (108, 390) -> 2953 (count 260)
merge 2698: (624, 777) -> 2954 (count 260)
merge 2699: (2607, 257) -> 2955 (count 260)
merge 2700: (2841, 522) -> 2956 (count 260)
merge 2701: (669, 86) -> 2957 (count 260)
merge 2702: (116, 1455) -> 2958 (count 259)
merge 2703: (78, 83) -> 2959 (count 259)
merge 2704: (49, 56) -> 2960 (count 259)
merge 2705: (368, 2541) -> 2961 (count 259)
merge 2706: (885, 116) -> 2962 (count 259)
merge 2707: (1176, 749) -> 2963 (count 259)
merge 2708: (353, 2481) -> 2964 (count 259)
merge 2709: (399, 278) -> 2965 (count 259)
merge 2710: (2576, 96) -> 2966 (count 259)
merge 2711: (2702, 477) -> 2967 (count 258)
merge 2712: (700, 2849) -> 2968 (count 258)
merge 2713: (322, 554) -> 2969 (count 257)
merge 2714: (1163, 336) -> 2970 (count 257)
merge 2715: (451, 2850) -> 2971 (count 257)
merge 2716: (1442, 485) -> 2972 (count 256)
merge 2717: (420, 383) -> 2973 (count 256)
merge 2718: (110, 347) -> 2974 (count 256)
merge 2719: (292, 276) -> 2975 (count 256)
merge 2720: (266, 443) -> 2976 (count 256)
merge 2721: (101, 286) -> 2977 (count 256)
merge 2722: (584, 2768) -> 2978 (count 256)
merge 2723: (2857, 107) -> 2979 (count 256)
merge 2724: (2644, 653) -> 2980 (count 256)
merge 2725: (120, 105) -> 2981 (count 255)
merge 2726: (2700, 336) -> 2982 (count 255)
merge 2727: (642, 290) -> 2983 (count 255)
merge 2728: (1650, 296) -> 2984 (count 255)
merge 2729: (294, 430) -> 2985 (count 255)
merge 2730: (125, 123) -> 2986 (count 254)
merge 2731: (270, 278) -> 2987 (count 254)
merge 2732: (297, 804) -> 2988 (count 254)
merge 2733: (265, 1147) -> 2989 (count 254)
merge 2734: (318, 2743) -> 2990 (count 254)
merge 2735: (275, 427) -> 2991 (count 254)
merge 2736: (2893, 1843) -> 2992 (count 254)
merge 2737: (433, 380) -> 2993 (count 254)
merge 2738: (978, 115) -> 2994 (count 254)
merge 2739: (459, 279) -> 2995 (count 254)
merge 2740: (2924, 2653) -> 2996 (count 254)
merge 2741: (108, 2023) -> 2997 (count 253)
merge 2742: (1239, 296) -> 2998 (count 253)
merge 2743: (1121, 2947) -> 2999 (count 253)
merge 2744: (758, 278) -> 3000 (count 253)
merge 2745: (1920, 286) -> 3001 (count 253)
merge 2746: (323, 307) -> 3002 (count 253)
merge 2747: (417, 373) -> 3003 (count 253)
merge 2748: (116, 116) -> 3004 (count 252)
merge 2749: (1030, 2572) -> 3005 (count 252)
merge 2750: (1552, 296) -> 3006 (count 252)
merge 2751: (472, 452) -> 3007 (count 252)
merge 2752: (1069, 449) -> 3008 (count 251)
merge 2753: (269, 116) -> 3009 (count 251)
merge 2754: (1905, 1708) -> 3010 (count 251)
merge 2755: (1628, 328) -> 3011 (count 251)
merge 2756: (1674, 663) -> 3012 (count 251)
merge 2757: (2005, 479) -> 3013 (count 251)
merge 2758: (471, 1810) -> 3014 (count 251)
merge 2759: (268, 1230) -> 3015 (count 251)
merge 2760: (331, 420) -> 3016 (count 251)
merge 2761: (72, 101) -> 3017 (count 250)
merge 2762: (492, 2286) -> 3018 (count 250)
merge 2763: (32, 60) -> 3019 (count 250)
merge 2764: (2008, 297) -> 3020 (count 249)
merge 2765: (98, 663) -> 3021 (count 249)
merge 2766: (265, 861) -> 3022 (count 249)
merge 2767: (1094, 720) -> 3023 (count 249)
merge 2768: (1384, 890) -> 3024 (count 249)
merge 2769: (481, 307) -> 3025 (count 249)
merge 2770: (1853, 1088) -> 3026 (count 248)
merge 2771: (408, 354) -> 3027 (count 248)
merge 2772: (375, 309) -> 3028 (count 248)
merge 2773: (295, 86) -> 3029 (count 248)
merge 2774: (903, 961) -> 3030 (count 248)
merge 2775: (1318, 296) -> 3031 (count 248)
merge 2776: (756, 276) -> 3032 (count 247)
merge 2777: (288, 336) -> 3033 (count 247)
merge 2778: (1778, 314) -> 3034 (count 247)
merge 2779: (1892, 286) -> 3035 (count 247)
merge 2780: (419, 2970) -> 3036 (count 247)
merge 2781: (513, 117) -> 3037 (count 246)
merge 2782: (302, 396) -> 3038 (count 246)
merge 2783: (80, 2866) -> 3039 (count 246)
merge 2784: (765, 1213) -> 3040 (count 246)
merge 2785: (1626, 296) -> 3041 (count 246)
merge 2786: (434, 3037) -> 3042 (count 246)
merge 2787: (434, 356) -> 3043 (count 246)
merge 2788: (2410, 264) -> 3044 (count 246)
merge 2789: (387, 341) -> 3045 (count 246)
merge 2790: (531, 273) -> 3046 (count 246)
merge 2791: (125, 751) -> 3047 (count 245)
merge 2792: (73, 2379) -> 3048 (count 245)
merge 2793: (265, 2594) -> 3049 (count 245)
merge 2794: (885, 1648) -> 3050 (count 245)
merge 2795: (606, 2156) -> 3051 (count 245)
merge 2796: (1925, 457) -> 3052 (count 245)
merge 2797: (907, 101) -> 3053 (count 244)
merge 2798: (117, 656) -> 3054 (count 244)
merge 2799: (1289, 299) -> 3055 (count 244)
merge 2800: (618, 1768) -> 3056 (count 244)
merge 2801: (2872, 2074) -> 3057 (count 244)
merge 2802: (258, 386) -> 3058 (count 243)
merge 2803: (56, 55) -> 3059 (count 243)
merge 2804: (54, 48) -> 3060 (count 243)
merge 2805: (1873, 1065) -> 3061 (count 243)
merge 2806: (1505, 292) -> 3062 (count 243)
merge 2807: (387, 290) -> 3063 (count 243)
merge 2808: (299, 97) -> 3064 (count 242)
merge 2809: (551, 278) -> 3065 (count 242)
merge 2810: (880, 100) -> 3066 (count 242)
merge 2811: (298, 2900) -> 3067 (count 242)
merge 2812: (272, 907) -> 3068 (count 242)
merge 2813: (363, 2211) -> 3069 (count 242)
merge 2814: (2791, 286) -> 3070 (count 242)
merge 2815: (641, 116) -> 3071 (count 241)
merge 2816: (320, 2375) -> 3072 (count 241)
merge 2817: (584, 263) -> 3073 (count 241)
merge 2818: (2794, 2999) -> 3074 (count 240)
merge 2819: (265, 693) -> 3075 (count 240)
merge 2820: (320, 403) -> 3076 (count 240)
merge 2821: (1563, 97) -> 3077 (count 240)
merge 2822: (435, 300) -> 3078 (count 240)
merge 2823: (282, 802) -> 3079 (count 239)
merge 2824: (467, 2175) -> 3080 (count 239)
merge 2825: (752, 111) -> 3081 (count 239)
merge 2826: (2674, 749) -> 3082 (count 239)
merge 2827: (408, 105) -> 3083 (count 238)
merge 2828: (2916, 1334) -> 3084 (count 238)
merge 2829: (705, 115) -> 3085 (count 238)
merge 2830: (2293, 1284) -> 3086 (count 238)
merge 2831: (1650, 386) -> 3087 (count 238)
merge 2832: (446, 2015) -> 3088 (count 238)
merge 2833: (1378, 92) -> 3089 (count 237)
merge 2834: (2047, 968) -> 3090 (count 237)
merge 2835: (256, 2405) -> 3091 (count 237)
merge 2836: (1967, 579) -> 3092 (count 237)
merge 2837: (320, 849) -> 3093 (count 237)
merge 2838: (2845, 290) -> 3094 (count 237)
merge 2839: (1318, 286) -> 3095 (count 237)
merge 2840: (3007, 3026) -> 3096 (count 237)
merge 2841: (436, 84) -> 3097 (count 237)
merge 2842: (369, 465) -> 3098 (count 236)
merge 2843: (1757, 1720) -> 3099 (count 236)
merge 2844: (105, 270) -> 3100 (count 236)
merge 2845: (802, 282) -> 3101 (count 236)
merge 2846: (2531, 2938) -> 3102 (count 236)
merge 2847: (874, 2901) -> 3103 (count 236)
merge 2848: (468, 1605) -> 3104 (count 236)
merge 2849: (1689, 439) -> 3105 (count 236)
merge 2850: (320, 706) -> 3106 (count 236)
merge 2851: (2569, 564) -> 3107 (count 236)
merge 2852: (759, 792) -> 3108 (count 236)
merge 2853: (1235, 432) -> 3109 (count 236)
merge 2854: (118, 276) -> 3110 (count 235)
merge 2855: (272, 292) -> 3111 (count 235)
merge 2856: (636, 3020) -> 3112 (count 235)
merge 2857: (323, 676) -> 3113 (count 235)
merge 2858: (2609, 311) -> 3114 (count 235)
merge 2859: (478, 1217) -> 3115 (count 234)
merge 2860: (383, 98) -> 3116 (count 234)
merge 2861: (98, 590) -> 3117 (count 234)
merge 2862: (79, 83) -> 3118 (count 234)
merge 2863: (77, 83) -> 3119 (count 234)
merge 2864: (77, 67) -> 3120 (count 234)
merge 2865: (1123, 115) -> 3121 (count 234)
merge 2866: (256, 322) -> 3122 (count 234)
merge 2867: (1492, 571) -> 3123 (count 234)
merge 2868: (461, 99) -> 3124 (count 234)
merge 2869: (996, 424) -> 3125 (count 233)
merge 2870: (334, 742) -> 3126 (count 233)
merge 2871: (2503, 1284) -> 3127 (count 233)
merge 2872: (1070, 540) -> 3128 (count 233)
merge 2873: (1535, 299) -> 3129 (count 233)
merge 2874: (1619, 345) -> 3130 (count 233)
merge 2875: (825, 292) -> 3131 (count 232)
merge 2876: (109, 403) -> 3132 (count 232)
merge 2877: (758, 1665) -> 3133 (count 232)
merge 2878: (283, 2489) -> 3134 (count 232)
merge 2879: (274, 269) -> 3135 (count 232)
merge 2880: (446, 393) -> 3136 (count 232)
merge 2881: (1210, 267) -> 3137 (count 231)
merge 2882: (1408, 579) -> 3138 (count 231)
merge 2883: (298, 2248) -> 3139 (count 231)
merge 2884: (320, 2332) -> 3140 (count 231)
merge 2885: (415, 73) -> 3141 (count 231)
merge 2886: (470, 101) -> 3142 (count 231)
merge 2887: (263, 1050) -> 3143 (count 230)
merge 2888: (473, 278) -> 3144 (count 230)
merge 2889: (596, 105) -> 3145 (count 230)
merge 2890: (524, 2392) -> 3146 (count 230)
merge 2891: (1411, 2926) -> 3147 (count 229)
merge 2892: (952, 92) -> 3148 (count 228)
merge 2893: (118, 496) -> 3149 (count 228)
merge 2894: (266, 754) -> 3150 (count 228)
merge 2895: (272, 488) -> 3151 (count 228)
merge 2896: (1173, 1825) -> 3152 (count 228)
merge 2897: (281, 522) -> 3153 (count 228)
merge 2898: (274, 940) -> 3154 (count 228)
merge 2899: (3002, 1485) -> 3155 (count 228)
merge 2900: (623, 942) -> 3156 (count 228)
merge 2901: (295, 316) -> 3157 (count 228)
merge 2902: (2281, 386) -> 3158 (count 228)
merge 2903: (2454, 307) -> 3159 (count 228)
merge 2904: (1031, 1294) -> 3160 (count 228)
merge 2905: (1247, 278) -> 3161 (count 228)
merge 2906: (2720, 1305) -> 3162 (count 228)
merge 2907: (341, 1757) -> 3163 (count 227)
merge 2908: (562, 525) -> 3164 (count 227)
merge 2909: (1373, 97) -> 3165 (count 227)
merge 2910: (3111, 1667) -> 3166 (count 227)
merge 2911: (2306, 1890) -> 3167 (count 227)
merge 2912: (797, 1625) -> 3168 (count 227)
merge 2913: (323, 2482) -> 3169 (count 227)
merge 2914: (1261, 286) -> 3170 (count 227)
merge 2915: (597, 1421) -> 3171 (count 227)
merge 2916: (461, 2974) -> 3172 (count 227)
merge 2917: (524, 1326) -> 3173 (count 227)
merge 2918: (394, 41) -> 3174 (count 226)
merge 2919: (115, 117) -> 3175 (count 226)
merge 2920: (607, 677) -> 3176 (count 226)
merge 2921: (2538, 101) -> 3177 (count 226)
merge 2922: (2833, 101) -> 3178 (count 226)
merge 2923: (719, 1445) -> 3179 (count 226)
merge 2924: (1360, 286) -> 3180 (count 226)
merge 2925: (280, 364) -> 3181 (count 226)
merge 2926: (2612, 110) -> 3182 (count 226)
merge 2927: (32, 34) -> 3183 (count 226)
merge 2928: (397, 109) -> 3184 (count 225)
merge 2929: (69, 120) -> 3185 (count 225)
merge 2930: (1816, 2605) -> 3186 (count 225)
merge 2931: (528, 1829) -> 3187 (count 225)
merge 2932: (1194, 555) -> 3188 (count 225)
merge 2933: (329, 2867) -> 3189 (count 225)
merge 2934: (578, 292) -> 3190 (count 225)
merge 2935: (2629, 296) -> 3191 (count 224)
merge 2936: (406, 3027) -> 3192 (count 224)
merge 2937: (104, 301) -> 3193 (count 223)
merge 2938: (80, 1718) -> 3194 (count 223)
merge 2939: (1004, 346) -> 3195 (count 223)
merge 2940: (803, 444) -> 3196 (count 223)
merge 2941: (291, 2593) -> 3197 (count 223)
merge 2942: (292, 101) -> 3198 (count 222)
merge 2943: (104, 760) -> 3199 (count 222)
merge 2944: (84, 65) -> 3200 (count 222)
merge 2945: (894, 465) -> 3201 (count 222)
merge 2946: (355, 1733) -> 3202 (count 222)
merge 2947: (324, 2798) -> 3203 (count 221)
merge 2948: (107, 3165) -> 3204 (count 221)
merge 2949: (1026, 675) -> 3205 (count 221)
merge 2950: (2277, 314) -> 3206 (count 221)
merge 2951: (265, 2351) -> 3207 (count 221)
merge 2952: (560, 115) -> 3208 (count 221)
merge 2953: (2809, 926) -> 3209 (count 221)
merge 2954: (2371, 864) -> 3210 (count 221)
merge 2955: (2378, 418) -> 3211 (count 221)
merge 2956: (1149, 2345) -> 3212 (count 221)
merge 2957: (2290, 114) -> 3213 (count 221)
merge 2958: (531, 2769) -> 3214 (count 221)
merge 2959: (32, 39) -> 3215 (count 221)
merge 2960: (100, 2090) -> 3216 (count 220)
merge 2961: (1192, 267) -> 3217 (count 220)
merge 2962: (2362, 414) -> 3218 (count 220)
merge 2963: (536, 257) -> 3219 (count 220)
merge 2964: (111, 98) -> 3220 (count 219)
merge 2965: (406, 276) -> 3221 (count 219)
merge 2966: (272, 2624) -> 3222 (count 219)
merge 2967: (272, 3064) -> 3223 (count 219)
merge 2968: (719, 533) -> 3224 (count 219)
merge 2969: (2038, 111) -> 3225 (count 219)
merge 2970: (329, 2676) -> 3226 (count 219)
merge 2971: (1957, 299) -> 3227 (count 219)
merge 2972: (1903, 257) -> 3228 (count 218)
merge 2973: (101, 102) -> 3229 (count 218)
merge 2974: (67, 104) -> 3230 (count 218)
merge 2975: (2565, 448) -> 3231 (count 218)
merge 2976: (838, 267) -> 3232 (count 218)
merge 2977: (2206, 115) -> 3233 (count 218)
merge 2978: (2696, 791) -> 3234 (count 217)
merge 2979: (2830, 116) -> 3235 (count 217)
merge 2980: (2220, 643) -> 3236 (count 217)
merge 2981: (1270, 968) -> 3237 (count 217)
merge 2982: (283, 1339) -> 3238 (count 217)
merge 2983: (636, 97) -> 3239 (count 217)
merge 2984: (1563, 296) -> 3240 (count 217)
merge 2985: (274, 558) -> 3241 (count 217)
merge 2986: (360, 44) -> 3242 (count 217)
merge 2987: (435, 2183) -> 3243 (count 217)
merge 2988: (2589, 641) -> 3244 (count 216)
merge 2989: (106, 391) -> 3245 (count 216)
merge 2990: (430, 2707) -> 3246 (count 216)
merge 2991: (318, 1930) -> 3247 (count 216)
merge 2992: (2093, 332) -> 3248 (count 216)
merge 2993: (1127, 292) -> 3249 (count 216)
merge 2994: (698, 878) -> 3250 (count 216)
merge 2995: (1834, 45) -> 3251 (count 215)
merge 2996: (1042, 575) -> 3252 (count 215)
merge 2997: (3116, 354) -> 3253 (count 215)
merge 2998: (1128, 421) -> 3254 (count 215)
merge 2999: (491, 276) -> 3255 (count 215)
merge 3000: (97, 311) -> 3256 (count 215)
merge 3001: (1375, 482) -> 3257 (count 215)
merge 3002: (3157, 266) -> 3258 (count 215)
merge 3003: (2330, 269) -> 3259 (count 215)
merge 3004: (32, 113) -> 3260 (count 215)
merge 3005: (108, 2776) -> 3261 (count 214)
merge 3006: (72, 1117) -> 3262 (count 214)
merge 3007: (359, 379) -> 3263 (count 214)
merge 3008: (880, 2683) -> 3264 (count 214)
merge 3009: (1289, 115) -> 3265 (count 214)
merge 3010: (3208, 342) -> 3266 (count 214)
merge 3011: (904, 2695) -> 3267 (count 214)
merge 3012: (512, 498) -> 3268 (count 214)
merge 3013: (32, 55) -> 3269 (count 214)
merge 3014: (431, 336) -> 3270 (count 213)
merge 3015: (3203, 2710) -> 3271 (count 213)
merge 3016: (1903, 333) -> 3272 (count 213)
merge 3017: (99, 987) -> 3273 (count 213)
merge 3018: (557, 540) -> 3274 (count 213)
merge 3019: (303, 1447) -> 3275 (count 213)
merge 3020: (636, 501) -> 3276 (count 213)
merge 3021: (960, 101) -> 3277 (count 213)
merge 3022: (1435, 2717) -> 3278 (count 213)
merge 3023: (1499, 1898) -> 3279 (count 213)
merge 3024: (1812, 572) -> 3280 (count 212)
merge 3025: (115, 269) -> 3281 (count 212)
merge 3026: (709, 115) -> 3282 (count 212)
merge 3027: (2391, 474) -> 3283 (count 212)
merge 3028: (2602, 396) -> 3284 (count 212)
merge 3029: (1048, 115) -> 3285 (count 212)
merge 3030: (257, 401) -> 3286 (count 211)
merge 3031: (109, 1750) -> 3287 (count 211)
merge 3032: (359, 270) -> 3288 (count 211)
merge 3033: (1789, 336) -> 3289 (count 211)
merge 3034: (467, 1653) -> 3290 (count 211)
merge 3035: (1950, 1372) -> 3291 (count 211)
merge 3036: (782, 3021) -> 3292 (count 211)
merge 3037: (1173, 478) -> 3293 (count 211)
merge 3038: (283, 1050) -> 3294 (count 211)
merge 3039: (476, 1333) -> 3295 (count 211)
merge 3040: (268, 562) -> 3296 (count 211)
merge 3041: (380, 1854) -> 3297 (count 210)
merge 3042: (763, 267) -> 3298 (count 210)
merge 3043: (105, 105) -> 3299 (count 210)
merge 3044: (1325, 326) -> 3300 (count 210)
merge 3045: (1672, 101) -> 3301 (count 210)
merge 3046: (98, 550) -> 3302 (count 210)
merge 3047: (2564, 807) -> 3303 (count 210)
merge 3048: (382, 2977) -> 3304 (count 210)
merge 3049: (606, 1204) -> 3305 (count 210)
merge 3050: (2825, 1030) -> 3306 (count 210)
merge 3051: (578, 482) -> 3307 (count 210)
merge 3052: (546, 1704) -> 3308 (count 210)
merge 3053: (348, 92) -> 3309 (count 210)
merge 3054: (632, 299) -> 3310 (count 209)
merge 3055: (103, 354) -> 3311 (count 209)
merge 3056: (98, 2706) -> 3312 (count 209)
merge 3057: (1872, 115) -> 3313 (count 209)
merge 3058: (2169, 273) -> 3314 (count 209)
merge 3059: (2485, 121) -> 3315 (count 209)
merge 3060: (2288, 117) -> 3316 (count 209)
merge 3061: (435, 105) -> 3317 (count 209)
merge 3062: (3097, 2942) -> 3318 (count 209)
merge 3063: (643, 3131) -> 3319 (count 208)
merge 3064: (100, 2398) -> 3320 (count 208)
merge 3065: (1436, 36) -> 3321 (count 208)
merge 3066: (48, 50) -> 3322 (count 208)
merge 3067: (2771, 407) -> 3323 (count 208)
merge 3068: (320, 2563) -> 3324 (count 208)
merge 3069: (1503, 1232) -> 3325 (count 208)
merge 3070: (268, 263) -> 3326 (count 208)
merge 3071: (268, 2104) -> 3327 (count 208)
merge 3072: (1256, 491) -> 3328 (count 208)
merge 3073: (291, 1761) -> 3329 (count 208)
merge 3074: (536, 601) -> 3330 (count 208)
merge 3075: (122, 278) -> 3331 (count 207)
merge 3076: (715, 386) -> 3332 (count 207)
merge 3077: (320, 443) -> 3333 (count 207)
merge 3078: (2453, 616) -> 3334 (count 207)
merge 3079: (2983, 317) -> 3335 (count 207)
merge 3080: (1542, 2174) -> 3336 (count 207)
merge 3081: (476, 263) -> 3337 (count 207)
merge 3082: (378, 951) -> 3338 (count 207)
merge 3083: (380, 452) -> 3339 (count 206)
merge 3084: (258, 774) -> 3340 (count 206)
merge 3085: (269, 449) -> 3341 (count 206)
merge 3086: (832, 3115) -> 3342 (count 206)
merge 3087: (577, 286) -> 3343 (count 206)
merge 3088: (378, 714) -> 3344 (count 206)
merge 3089: (1235, 119) -> 3345 (count 206)
merge 3090: (622, 273) -> 3346 (count 205)
merge 3091: (1091, 276) -> 3347 (count 205)
merge 3092: (98, 2940) -> 3348 (count 205)
merge 3093: (71, 768) -> 3349 (count 205)
merge 3094: (49, 57) -> 3350 (count 205)
merge 3095: (36, 126) -> 3351 (count 205)
merge 3096: (1192, 444) -> 3352 (count 205)
merge 3097: (1094, 1604) -> 3353 (count 205)
merge 3098: (761, 2182) -> 3354 (count 205)
merge 3099: (541, 2637) -> 3355 (count 205)
merge 3100: (1602, 2212) -> 3356 (count 205)
merge 3101: (613, 110) -> 3357 (count 205)
merge 3102: (492, 372) -> 3358 (count 205)
merge 3103: (382, 302) -> 3359 (count 204)
merge 3104: (1598, 273) -> 3360 (count 204)
merge 3105: (541, 1016) -> 3361 (count 204)
merge 3106: (290, 332) -> 3362 (count 203)
merge 3107: (638, 424) -> 3363 (count 203)
merge 3108: (2946, 1812) -> 3364 (count 203)
merge 3109: (1336, 1109) -> 3365 (count 203)
merge 3110: (657, 72) -> 3366 (count 203)
merge 3111: (2411, 115) -> 3367 (count 203)
merge 3112: (1129, 98) -> 3368 (count 203)
merge 3113: (115, 794) -> 3369 (count 202)
merge 3114: (2877, 3300) -> 3370 (count 202)
merge 3115: (69, 84) -> 3371 (count 202)
merge 3116: (388, 962) -> 3372 (count 202)
merge 3117: (1423, 2699) -> 3373 (count 202)
merge 3118: (1011, 347) -> 3374 (count 201)
merge 3119: (439, 968) -> 3375 (count 201)
merge 3120: (105, 326) -> 3376 (count 201)
merge 3121: (105, 101) -> 3377 (count 201)
merge 3122: (1403, 2182) -> 3378 (count 201)
merge 3123: (1840, 116) -> 3379 (count 201)
merge 3124: (97, 379) -> 3380 (count 201)
merge 3125: (1763, 276) -> 3381 (count 201)
merge 3126: (428, 278) -> 3382 (count 201)
merge 3127: (2358, 317) -> 3383 (count 201)
merge 3128: (1557, 116) -> 3384 (count 201)
merge 3129: (778, 3270) -> 3385 (count 201)
merge 3130: (741, 479) -> 3386 (count 201)
merge 3131: (257, 102) -> 3387 (count 200)
merge 3132: (282, 336) -> 3388 (count 200)
merge 3133: (76, 65) -> 3389 (count 200)
merge 3134: (41, 422) -> 3390 (count 200)
merge 3135: (3139, 284) -> 3391 (count 200)
merge 3136: (2762, 284) -> 3392 (count 200)
merge 3137: (933, 116) -> 3393 (count 200)
merge 3138: (932, 2445) -> 3394 (count 200)
merge 3139: (32, 56) -> 3395 (count 200)
merge 3140: (1276, 92) -> 3396 (count 199)
merge 3141: (322, 1885) -> 3397 (count 199)
merge 3142: (309, 108) -> 3398 (count 199)
merge 3143: (263, 2928) -> 3399 (count 199)
merge 3144: (2488, 296) -> 3400 (count 199)
merge 3145: (1004, 1128) -> 3401 (count 199)
merge 3146: (1046, 326) -> 3402 (count 199)
merge 3147: (2317, 498) -> 3403 (count 199)
merge 3148: (280, 2090) -> 3404 (count 199)
merge 3149: (1931, 1108) -> 3405 (count 199)
merge 3150: (1224, 1407) -> 3406 (count 199)
merge 3151: (308, 572) -> 3407 (count 199)
merge 3152: (2911, 383) -> 3408 (count 199)
merge 3153: (637, 362) -> 3409 (count 198)
merge 3154: (108, 316) -> 3410 (count 198)
merge 3155: (102, 711) -> 3411 (count 198)
merge 3156: (413, 278) -> 3412 (count 198)
merge 3157: (302, 286) -> 3413 (count 198)
merge 3158: (716, 36) -> 3414 (count 198)
merge 3159: (41, 61) -> 3415 (count 198)
merge 3160: (1590, 2562) -> 3416 (count 198)
merge 3161: (609, 109) -> 3417 (count 198)
merge 3162: (903, 444) -> 3418 (count 198)
merge 3163: (2318, 344) -> 3419 (count 198)
merge 3164: (2785, 307) -> 3420 (count 198)
merge 3165: (331, 1455) -> 3421 (count 198)
merge 3166: (117, 404) -> 3422 (count 197)
merge 3167: (376, 408) -> 3423 (count 197)
merge 3168: (270, 110) -> 3424 (count 197)
merge 3169: (271, 264) -> 3425 (count 197)
merge 3170: (530, 1861) -> 3426 (count 197)
merge 3171: (46, 44) -> 3427 (count 197)
merge 3172: (1622, 115) -> 3428 (count 197)
merge 3173: (471, 3098) -> 3429 (count 197)
merge 3174: (719, 264) -> 3430 (count 197)
merge 3175: (274, 1146) -> 3431 (count 197)
merge 3176: (1319, 3193) -> 3432 (count 197)
merge 3177: (291, 2015) -> 3433 (count 197)
merge 3178: (812, 2697) -> 3434 (count 197)
merge 3179: (32, 999) -> 3435 (count 197)
merge 3180: (92, 33) -> 3436 (count 196)
merge 3181: (67, 84) -> 3437 (count 196)
merge 3182: (591, 48) -> 3438 (count 196)
merge 3183: (543, 263) -> 3439 (count 196)
merge 3184: (3247, 336) -> 3440 (count 196)
merge 3185: (708, 336) -> 3441 (count 196)
merge 3186: (343, 347) -> 3442 (count 196)
merge 3187: (818, 1073) -> 3443 (count 196)
merge 3188: (1510, 988) -> 3444 (count 196)
merge 3189: (399, 1654) -> 3445 (count 196)
merge 3190: (3410, 1427) -> 3446 (count 195)
merge 3191: (267, 362) -> 3447 (count 195)
merge 3192: (2273, 69) -> 3448 (count 195)
merge 3193: (77, 3282) -> 3449 (count 195)
merge 3194: (3263, 2727) -> 3450 (count 195)
merge 3195: (1399, 1334) -> 3451 (count 195)
merge 3196: (1178, 314) -> 3452 (count 195)
merge 3197: (1882, 2251) -> 3453 (count 195)
merge 3198: (989, 2941) -> 3454 (count 195)
merge 3199: (376, 1017) -> 3455 (count 194)
merge 3200: (102, 565) -> 3456 (count 194)
merge 3201: (358, 67) -> 3457 (count 194)
merge 3202: (3457, 3053) -> 3458 (count 194)
merge 3203: (82, 300) -> 3459 (count 194)
merge 3204: (68, 115) -> 3460 (count 194)
merge 3205: (2144, 278) -> 3461 (count 194)
merge 3206: (283, 697) -> 3462 (count 194)
merge 3207: (532, 452) -> 3463 (count 194)
merge 3208: (1418, 339) -> 3464 (count 194)
merge 3209: (1224, 1274) -> 3465 (count 194)
merge 3210: (524, 118) -> 3466 (count 194)
merge 3211: (1306, 314) -> 3467 (count 193)
merge 3212: (367, 263) -> 3468 (count 193)
merge 3213: (990, 2186) -> 3469 (count 193)
merge 3214: (265, 325) -> 3470 (count 193)
merge 3215: (1905, 535) -> 3471 (count 193)
merge 3216: (2804, 628) -> 3472 (count 193)
merge 3217: (597, 1185) -> 3473 (count 193)
merge 3218: (1644, 83) -> 3474 (count 193)
merge 3219: (907, 314) -> 3475 (count 192)
merge 3220: (892, 364) -> 3476 (count 192)
merge 3221: (1482, 506) -> 3477 (count 192)
merge 3222: (270, 534) -> 3478 (count 192)
merge 3223: (324, 278) -> 3479 (count 192)
merge 3224: (326, 347) -> 3480 (count 192)
merge 3225: (274, 2162) -> 3481 (count 192)
merge 3226: (1547, 756) -> 3482 (count 192)
merge 3227: (2912, 116) -> 3483 (count 191)
merge 3228: (107, 278) -> 3484 (count 191)
merge 3229: (339, 267) -> 3485 (count 191)
merge 3230: (104, 108) -> 3486 (count 191)
merge 3231: (994, 103) -> 3487 (count 191)
merge 3232: (2515, 2310) -> 3488 (count 191)
merge 3233: (1254, 278) -> 3489 (count 191)
merge 3234: (605, 2346) -> 3490 (count 191)
merge 3235: (3192, 311) -> 3491 (count 191)
merge 3236: (775, 278) -> 3492 (count 191)
merge 3237: (329, 3374) -> 3493 (count 191)
merge 3238: (1338, 444) -> 3494 (count 191)
merge 3239: (385, 2664) -> 3495 (count 191)
merge 3240: (3171, 1365) -> 3496 (count 191)
merge 3241: (512, 3399) -> 3497 (count 191)
merge 3242: (621, 121) -> 3498 (count 190)
merge 3243: (1426, 258) -> 3499 (count 190)
merge 3244: (111, 679) -> 3500 (count 190)
merge 3245: (105, 299) -> 3501 (count 190)
merge 3246: (346, 794) -> 3502 (count 190)
merge 3247: (482, 116) -> 3503 (count 190)
merge 3248: (36, 889) -> 3504 (count 190)
merge 3249: (375, 3332) -> 3505 (count 190)
merge 3250: (315, 358) -> 3506 (count 190)
merge 3251: (295, 851) -> 3507 (count 190)
merge 3252: (280, 1324) -> 3508 (count 190)
merge 3253: (1514, 2464) -> 3509 (count 190)
merge 3254: (741, 109) -> 3510 (count 190)
merge 3255: (415, 3458) -> 3511 (count 190)
merge 3256: (492, 2449) -> 3512 (count 190)
merge 3257: (470, 3271) -> 3513 (count 190)
merge 3258: (470, 297) -> 3514 (count 190)
merge 3259: (115, 659) -> 3515 (count 189)
merge 3260: (3163, 1268) -> 3516 (count 189)
merge 3261: (499, 589) -> 3517 (count 189)
merge 3262: (1628, 589) -> 3518 (count 189)
merge 3263: (1169, 568) -> 3519 (count 189)
merge 3264: (283, 2334) -> 3520 (count 189)
merge 3265: (2440, 653) -> 3521 (count 189)
merge 3266: (1938, 794) -> 3522 (count 189)
merge 3267: (291, 258) -> 3523 (count 189)
merge 3268: (3182, 579) -> 3524 (count 189)
merge 3269: (524, 2400) -> 3525 (count 189)
merge 3270: (509, 414) -> 3526 (count 188)
merge 3271: (951, 2814) -> 3527 (count 188)
merge 3272: (98, 3143) -> 3528 (count 188)
merge 3273: (1955, 890) -> 3529 (count 188)
merge 3274: (2989, 296) -> 3530 (count 188)
merge 3275: (3011, 396) -> 3531 (count 188)
merge 3276: (1039, 97) -> 3532 (count 188)
merge 3277: (320, 454) -> 3533 (count 188)
merge 3278: (280, 488) -> 3534 (count 188)
merge 3279: (1997, 108) -> 3535 (count 188)
merge 3280: (524, 3005) -> 3536 (count 188)
merge 3281: (122, 122) -> 3537 (count 187)
merge 3282: (352, 282) -> 3538 (count 187)
merge 3283: (364, 100) -> 3539 (count 187)
merge 3284: (405, 307) -> 3540 (count 187)
merge 3285: (41, 45) -> 3541 (count 187)
merge 3286: (829, 276) -> 3542 (count 187)
merge 3287: (281, 572) -> 3543 (count 187)
merge 3288: (1174, 1458) -> 3544 (count 187)
merge 3289: (1318, 278) -> 3545 (count 187)
merge 3290: (536, 111) -> 3546 (count 187)
merge 3291: (1028, 110) -> 3547 (count 186)
merge 3292: (334, 278) -> 3548 (count 186)
merge 3293: (326, 100) -> 3549 (count 186)
merge 3294: (107, 1696) -> 3550 (count 186)
merge 3295: (421, 2394) -> 3551 (count 186)
merge 3296: (2289, 686) -> 3552 (count 186)
merge 3297: (76, 76) -> 3553 (count 186)
merge 3298: (320, 3503) -> 3554 (count 186)
merge 3299: (586, 2661) -> 3555 (count 186)
merge 3300: (829, 286) -> 3556 (count 186)
merge 3301: (329, 729) -> 3557 (count 186)
merge 3302: (623, 3184) -> 3558 (count 186)
merge 3303: (435, 82) -> 3559 (count 186)
merge 3304: (1954, 486) -> 3560 (count 186)
merge 3305: (32, 424) -> 3561 (count 186)
merge 3306: (125, 704) -> 3562 (count 185)
merge 3307: (310, 2450) -> 3563 (count 185)
merge 3308: (115, 115) -> 3564 (count 185)
merge 3309: (364, 276) -> 3565 (count 185)
merge 3310: (480, 292) -> 3566 (count 185)
merge 3311: (264, 278) -> 3567 (count 185)
merge 3312: (1103, 3563) -> 3568 (count 185)
merge 3313: (101, 319) -> 3569 (count 185)
merge 3314: (491, 266) -> 3570 (count 185)
merge 3315: (2929, 282) -> 3571 (count 185)
merge 3316: (2285, 362) -> 3572 (count 185)
merge 3317: (318, 1429) -> 3573 (count 185)
merge 3318: (1068, 286) -> 3574 (count 185)
merge 3319: (451, 2807) -> 3575 (count 185)
merge 3320: (445, 273) -> 3576 (count 184)
merge 3321: (882, 362) -> 3577 (count 184)
merge 3322: (36, 94) -> 3578 (count 184)
merge 3323: (3402, 2140) -> 3579 (count 184)
merge 3324: (1080, 311) -> 3580 (count 184)
merge 3325: (265, 324) -> 3581 (count 184)
merge 3326: (388, 116) -> 3582 (count 184)
merge 3327: (1113, 1274) -> 3583 (count 184)
merge 3328: (1676, 111) -> 3584 (count 184)
merge 3329: (285, 1705) -> 3585 (count 184)
merge 3330: (1503, 570) -> 3586 (count 184)
merge 3331: (1700, 568) -> 3587 (count 184)
merge 3332: (387, 3287) -> 3588 (count 184)
merge 3333: (492, 80) -> 3589 (count 184)
merge 3334: (632, 568) -> 3590 (count 183)
merge 3335: (269, 1076) -> 3591 (count 183)
merge 3336: (1880, 296) -> 3592 (count 183)
merge 3337: (1598, 276) -> 3593 (count 183)
merge 3338: (1907, 296) -> 3594 (count 183)
merge 3339: (2568, 2500) -> 3595 (count 183)
merge 3340: (578, 569) -> 3596 (count 183)
merge 3341: (644, 271) -> 3597 (count 183)
merge 3342: (1686, 1461) -> 3598 (count 183)
merge 3343: (2243, 376) -> 3599 (count 183)
merge 3344: (2112, 671) -> 3600 (count 182)
merge 3345: (99, 334) -> 3601 (count 182)
merge 3346: (269, 112) -> 3602 (count 182)
merge 3347: (790, 117) -> 3603 (count 182)
merge 3348: (1369, 2972) -> 3604 (count 182)
merge 3349: (281, 2406) -> 3605 (count 182)
merge 3350: (329, 347) -> 3606 (count 182)
merge 3351: (330, 301) -> 3607 (count 182)
merge 3352: (689, 278) -> 3608 (count 182)
merge 3353: (701, 307) -> 3609 (count 182)
merge 3354: (512, 3253) -> 3610 (count 182)
merge 3355: (309, 2323) -> 3611 (count 181)
merge 3356: (112, 3244) -> 3612 (count 181)
merge 3357: (264, 449) -> 3613 (count 181)
merge 3358: (100, 911) -> 3614 (count 181)
merge 3359: (368, 1103) -> 3615 (count 181)
merge 3360: (1010, 568) -> 3616 (count 181)
merge 3361: (1302, 3527) -> 3617 (count 181)
merge 3362: (1125, 576) -> 3618 (count 181)
merge 3363: (531, 396) -> 3619 (count 181)
merge 3364: (395, 317) -> 3620 (count 181)
merge 3365: (436, 2858) -> 3621 (count 181)
merge 3366: (98, 2735) -> 3622 (count 180)
merge 3367: (725, 261) -> 3623 (count 180)
merge 3368: (256, 1050) -> 3624 (count 180)
merge 3369: (1709, 3319) -> 3625 (count 180)
merge 3370: (2383, 115) -> 3626 (count 180)
merge 3371: (2238, 101) -> 3627 (count 180)
merge 3372: (2436, 2140) -> 3628 (count 180)
merge 3373: (330, 117) -> 3629 (count 180)
merge 3374: (1611, 396) -> 3630 (count 180)
merge 3375: (771, 300) -> 3631 (count 180)
merge 3376: (331, 556) -> 3632 (count 180)
merge 3377: (32, 551) -> 3633 (count 180)
merge 3378: (121, 356) -> 3634 (count 179)
merge 3379: (115, 332) -> 3635 (count 179)
merge 3380: (73, 78) -> 3636 (count 179)
merge 3381: (917, 3500) -> 3637 (count 179)
merge 3382: (374, 263) -> 3638 (count 179)
merge 3383: (3067, 1236) -> 3639 (count 179)
merge 3384: (272, 2642) -> 3640 (count 179)
merge 3385: (1480, 2535) -> 3641 (count 179)
merge 3386: (291, 899) -> 3642 (count 179)
merge 3387: (1847, 694) -> 3643 (count 179)
merge 3388: (435, 3448) -> 3644 (count 179)
merge 3389: (117, 3537) -> 3645 (count 178)
merge 3390: (607, 1501) -> 3646 (count 178)
merge 3391: (284, 264) -> 3647 (count 178)
merge 3392: (316, 117) -> 3648 (count 178)
merge 3393: (473, 276) -> 3649 (count 178)
merge 3394: (1045, 109) -> 3650 (count 178)
merge 3395: (1173, 273) -> 3651 (count 178)
merge 3396: (2950, 336) -> 3652 (count 178)
merge 3397: (834, 968) -> 3653 (count 178)
merge 3398: (280, 1236) -> 3654 (count 178)
merge 3399: (461, 3286) -> 3655 (count 178)
merge 3400: (435, 282) -> 3656 (count 178)
merge 3401: (753, 1231) -> 3657 (count 177)
merge 3402: (361, 103) -> 3658 (count 177)
merge 3403: (108, 100) -> 3659 (count 177)
merge 3404: (99, 488) -> 3660 (count 177)
merge 3405: (99, 299) -> 3661 (count 177)
merge 3406: (269, 1421) -> 3662 (count 177)
merge 3407: (65, 110) -> 3663 (count 177)
merge 3408: (1408, 386) -> 3664 (count 177)
merge 3409: (2639, 112) -> 3665 (count 177)
merge 3410: (508, 697) -> 3666 (count 177)
merge 3411: (1031, 1135) -> 3667 (count 177)
merge 3412: (1416, 791) -> 3668 (count 177)
merge 3413: (1066, 341) -> 3669 (count 177)
merge 3414: (472, 485) -> 3670 (count 177)
merge 3415: (451, 2759) -> 3671 (count 177)
merge 3416: (3514, 289) -> 3672 (count 177)
merge 3417: (653, 1457) -> 3673 (count 176)
merge 3418: (284, 307) -> 3674 (count 176)
merge 3419: (103, 667) -> 3675 (count 176)
merge 3420: (2273, 79) -> 3676 (count 176)
merge 3421: (76, 70) -> 3677 (count 176)
merge 3422: (359, 477) -> 3678 (count 176)
merge 3423: (256, 305) -> 3679 (count 176)
merge 3424: (918, 634) -> 3680 (count 176)
merge 3425: (375, 2148) -> 3681 (count 176)
merge 3426: (2468, 121) -> 3682 (count 176)
merge 3427: (385, 808) -> 3683 (count 176)
merge 3428: (125, 47) -> 3684 (count 175)
merge 3429: (332, 112) -> 3685 (count 175)
merge 3430: (259, 263) -> 3686 (count 175)
merge 3431: (99, 2104) -> 3687 (count 175)
merge 3432: (868, 36) -> 3688 (count 175)
merge 3433: (265, 2465) -> 3689 (count 175)
merge 3434: (3068, 1766) -> 3690 (count 175)
merge 3435: (762, 3675) -> 3691 (count 175)
merge 3436: (1772, 115) -> 3692 (count 175)
merge 3437: (1741, 286) -> 3693 (count 175)
merge 3438: (2498, 1087) -> 3694 (count 175)
merge 3439: (3669, 2114) -> 3695 (count 175)
merge 3440: (459, 98) -> 3696 (count 175)
merge 3441: (613, 2793) -> 3697 (count 175)
merge 3442: (445, 878) -> 3698 (count 174)
merge 3443: (100, 1203) -> 3699 (count 174)
merge 3444: (301, 107) -> 3700 (count 174)
merge 3445: (1238, 550) -> 3701 (count 174)
merge 3446: (453, 284) -> 3702 (count 174)
merge 3447: (588, 278) -> 3703 (count 174)
merge 3448: (3106, 3370) -> 3704 (count 174)
merge 3449: (1646, 754) -> 3705 (count 174)
merge 3450: (1318, 668) -> 3706 (count 174)
merge 3451: (1878, 286) -> 3707 (count 174)
merge 3452: (1914, 3569) -> 3708 (count 174)
merge 3453: (657, 297) -> 3709 (count 174)
merge 3454: (99, 2969) -> 3710 (count 173)
merge 3455: (301, 99) -> 3711 (count 173)
merge 3456: (265, 2263) -> 3712 (count 173)
merge 3457: (298, 594) -> 3713 (count 173)
merge 3458: (2746, 2237) -> 3714 (count 173)
merge 3459: (609, 962) -> 3715 (count 173)
merge 3460: (910, 631) -> 3716 (count 173)
merge 3461: (1945, 3126) -> 3717 (count 173)
merge 3462: (1052, 292) -> 3718 (count 173)
merge 3463: (409, 390) -> 3719 (count 173)
merge 3464: (122, 305) -> 3720 (count 172)
merge 3465: (3720, 414) -> 3721 (count 172)
merge 3466: (112, 2890) -> 3722 (count 172)
merge 3467: (111, 336) -> 3723 (count 172)
merge 3468: (108, 813) -> 3724 (count 172)
merge 3469: (439, 449) -> 3725 (count 172)
merge 3470: (98, 576) -> 3726 (count 172)
merge 3471: (3401, 115) -> 3727 (count 172)
merge 3472: (547, 276) -> 3728 (count 172)
merge 3473: (268, 1143) -> 3729 (count 172)
merge 3474: (470, 1102) -> 3730 (count 172)
merge 3475: (310, 112) -> 3731 (count 171)
merge 3476: (263, 325) -> 3732 (count 171)
merge 3477: (257, 292) -> 3733 (count 171)
merge 3478: (1213, 773) -> 3734 (count 171)
merge 3479: (101, 261) -> 3735 (count 171)
merge 3480: (67, 77) -> 3736 (count 171)
merge 3481: (1529, 742) -> 3737 (count 171)
merge 3482: (375, 634) -> 3738 (count 171)
merge 3483: (462, 2258) -> 3739 (count 171)
merge 3484: (2534, 114) -> 3740 (count 171)
merge 3485: (446, 76) -> 3741 (count 171)
merge 3486: (2494, 292) -> 3742 (count 171)
merge 3487: (270, 336) -> 3743 (count 170)
merge 3488: (2480, 336) -> 3744 (count 170)
merge 3489: (103, 103) -> 3745 (count 170)
merge 3490: (271, 97) -> 3746 (count 170)
merge 3491: (68, 345) -> 3747 (count 170)
merge 3492: (66, 78) -> 3748 (count 170)
merge 3493: (50, 50) -> 3749 (count 170)
merge 3494: (1034, 631) -> 3750 (count 170)
merge 3495: (855, 479) -> 3751 (count 170)
merge 3496: (585, 3376) -> 3752 (count 170)
merge 3497: (2111, 115) -> 3753 (count 170)
merge 3498: (1597, 482) -> 3754 (count 170)
merge 3499: (980, 3475) -> 3755 (count 170)
merge 3500: (2243, 3722) -> 3756 (count 170)
merge 3501: (280, 286) -> 3757 (count 170)
merge 3502: (657, 300) -> 3758 (count 170)
merge 3503: (472, 101) -> 3759 (count 170)
merge 3504: (125, 124) -> 3760 (count 169)
merge 3505: (118, 267) -> 3761 (count 169)
merge 3506: (407, 1471) -> 3762 (count 169)
merge 3507: (2225, 115) -> 3763 (count 169)
merge 3508: (511, 2263) -> 3764 (count 169)
merge 3509: (308, 562) -> 3765 (count 169)
merge 3510: (512, 2422) -> 3766 (count 169)
merge 3511: (2102, 115) -> 3767 (count 169)
merge 3512: (1239, 338) -> 3768 (count 168)
merge 3513: (98, 324) -> 3769 (count 168)
merge 3514: (2240, 1427) -> 3770 (count 168)
merge 3515: (805, 264) -> 3771 (count 168)
merge 3516: (265, 2253) -> 3772 (count 168)
merge 3517: (596, 1343) -> 3773 (count 168)
merge 3518: (758, 286) -> 3774 (count 168)
merge 3519: (3104, 267) -> 3775 (count 168)
merge 3520: (820, 899) -> 3776 (count 168)
merge 3521: (608, 114) -> 3777 (count 168)
merge 3522: (2835, 296) -> 3778 (count 168)
merge 3523: (2668, 568) -> 3779 (count 168)
merge 3524: (417, 3032) -> 3780 (count 168)
merge 3525: (331, 2361) -> 3781 (count 168)
merge 3526: (378, 305) -> 3782 (count 168)
merge 3527: (393, 336) -> 3783 (count 167)
merge 3528: (103, 299) -> 3784 (count 167)
merge 3529: (99, 109) -> 3785 (count 167)
merge 3530: (98, 111) -> 3786 (count 167)
merge 3531: (83, 82) -> 3787 (count 167)
merge 3532: (298, 1109) -> 3788 (count 167)
merge 3533: (1025, 1204) -> 3789 (count 167)
merge 3534: (2558, 292) -> 3790 (count 167)
merge 3535: (3153, 400) -> 3791 (count 167)
merge 3536: (2468, 449) -> 3792 (count 167)
merge 3537: (623, 261) -> 3793 (count 167)
merge 3538: (434, 369) -> 3794 (count 167)
merge 3539: (673, 2162) -> 3795 (count 167)
merge 3540: (930, 482) -> 3796 (count 167)
merge 3541: (353, 392) -> 3797 (count 167)
merge 3542: (486, 101) -> 3798 (count 166)
merge 3543: (341, 1049) -> 3799 (count 166)
merge 3544: (604, 319) -> 3800 (count 166)
merge 3545: (101, 474) -> 3801 (count 166)
merge 3546: (413, 1982) -> 3802 (count 166)
merge 3547: (288, 115) -> 3803 (count 166)
merge 3548: (65, 115) -> 3804 (count 166)
merge 3549: (2943, 1135) -> 3805 (count 166)
merge 3550: (2808, 3281) -> 3806 (count 166)
merge 3551: (1521, 1743) -> 3807 (count 166)
merge 3552: (295, 112) -> 3808 (count 166)
merge 3553: (433, 807) -> 3809 (count 166)
merge 3554: (260, 305) -> 3810 (count 166)
merge 3555: (2359, 3611) -> 3811 (count 166)
merge 3556: (436, 427) -> 3812 (count 166)
merge 3557: (436, 1744) -> 3813 (count 166)
merge 3558: (1036, 48) -> 3814 (count 166)
merge 3559: (3721, 2478) -> 3815 (count 165)
merge 3560: (118, 731) -> 3816 (count 165)
merge 3561: (2919, 314) -> 3817 (count 165)
merge 3562: (1570, 346) -> 3818 (count 165)
merge 3563: (330, 2029) -> 3819 (count 165)
merge 3564: (3793, 263) -> 3820 (count 165)
merge 3565: (1460, 108) -> 3821 (count 165)
merge 3566: (399, 328) -> 3822 (count 165)
merge 3567: (291, 729) -> 3823 (count 165)
merge 3568: (284, 742) -> 3824 (count 164)
merge 3569: (103, 663) -> 3825 (count 164)
merge 3570: (272, 550) -> 3826 (count 164)
merge 3571: (3306, 292) -> 3827 (count 164)
merge 3572: (330, 697) -> 3828 (count 164)
merge 3573: (1476, 296) -> 3829 (count 164)
merge 3574: (294, 41) -> 3830 (count 164)
merge 3575: (665, 449) -> 3831 (count 163)
merge 3576: (100, 1761) -> 3832 (count 163)
merge 3577: (256, 3570) -> 3833 (count 163)
merge 3578: (265, 1609) -> 3834 (count 163)
merge 3579: (3151, 270) -> 3835 (count 163)
merge 3580: (1476, 444) -> 3836 (count 163)
merge 3581: (1255, 312) -> 3837 (count 163)
merge 3582: (1293, 100) -> 3838 (count 163)
merge 3583: (1514, 1234) -> 3839 (count 163)
merge 3584: (700, 3048) -> 3840 (count 163)
merge 3585: (258, 344) -> 3841 (count 162)
merge 3586: (70, 115) -> 3842 (count 162)
merge 3587: (680, 278) -> 3843 (count 162)
merge 3588: (1353, 292) -> 3844 (count 162)
merge 3589: (2238, 276) -> 3845 (count 162)
merge 3590: (1359, 278) -> 3846 (count 162)
merge 3591: (500, 864) -> 3847 (count 162)
merge 3592: (937, 1120) -> 3848 (count 162)
merge 3593: (260, 414) -> 3849 (count 162)
merge 3594: (700, 816) -> 3850 (count 162)
merge 3595: (1244, 3676) -> 3851 (count 162)
merge 3596: (122, 296) -> 3852 (count 161)
merge 3597: (290, 1109) -> 3853 (count 161)
merge 3598: (1221, 2450) -> 3854 (count 161)
merge 3599: (112, 1072) -> 3855 (count 161)
merge 3600: (335, 116) -> 3856 (count 161)
merge 3601: (97, 612) -> 3857 (count 161)
merge 3602: (1540, 125) -> 3858 (count 161)
merge 3603: (1347, 1747) -> 3859 (count 161)
merge 3604: (3417, 628) -> 3860 (count 161)
merge 3605: (545, 1603) -> 3861 (count 161)
merge 3606: (415, 102) -> 3862 (count 161)
merge 3607: (311, 276) -> 3863 (count 160)
merge 3608: (261, 1833) -> 3864 (count 160)
merge 3609: (115, 1568) -> 3865 (count 160)
merge 3610: (112, 774) -> 3866 (count 160)
merge 3611: (111, 1323) -> 3867 (count 160)
merge 3612: (258, 336) -> 3868 (count 160)
merge 3613: (269, 103) -> 3869 (count 160)
merge 3614: (2183, 2106) -> 3870 (count 160)
merge 3615: (50, 49) -> 3871 (count 160)
merge 3616: (3573, 342) -> 3872 (count 160)
merge 3617: (585, 1930) -> 3873 (count 160)
merge 3618: (769, 97) -> 3874 (count 160)
merge 3619: (1023, 286) -> 3875 (count 160)
merge 3620: (320, 3488) -> 3876 (count 160)
merge 3621: (2301, 273) -> 3877 (count 160)
merge 3622: (1514, 278) -> 3878 (count 160)
merge 3623: (512, 2588) -> 3879 (count 160)
merge 3624: (2174, 1497) -> 3880 (count 159)
merge 3625: (488, 286) -> 3881 (count 159)
merge 3626: (100, 300) -> 3882 (count 159)
merge 3627: (831, 664) -> 3883 (count 159)
merge 3628: (83, 112) -> 3884 (count 159)
merge 3629: (80, 67) -> 3885 (count 159)
merge 3630: (75, 77) -> 3886 (count 159)
merge 3631: (51, 57) -> 3887 (count 159)
merge 3632: (256, 3485) -> 3888 (count 159)
merge 3633: (375, 2333) -> 3889 (count 159)
merge 3634: (3239, 257) -> 3890 (count 159)
merge 3635: (1320, 955) -> 3891 (count 159)
merge 3636: (584, 1121) -> 3892 (count 159)
merge 3637: (761, 3298) -> 3893 (count 159)
merge 3638: (2839, 396) -> 3894 (count 159)
merge 3639: (334, 1549) -> 3895 (count 158)
merge 3640: (109, 2599) -> 3896 (count 158)
merge 3641: (292, 444) -> 3897 (count 158)
merge 3642: (604, 396) -> 3898 (count 158)
merge 3643: (265, 333) -> 3899 (count 158)
merge 3644: (1645, 391) -> 3900 (count 158)
merge 3645: (703, 333) -> 3901 (count 158)
merge 3646: (586, 282) -> 3902 (count 158)
merge 3647: (1521, 3423) -> 3903 (count 158)
merge 3648: (1831, 3647) -> 3904 (count 158)
merge 3649: (2560, 299) -> 3905 (count 158)
merge 3650: (2477, 2479) -> 3906 (count 158)
merge 3651: (119, 590) -> 3907 (count 157)
merge 3652: (3732, 1294) -> 3908 (count 157)
merge 3653: (102, 3071) -> 3909 (count 157)
merge 3654: (301, 307) -> 3910 (count 157)
merge 3655: (68, 69) -> 3911 (count 157)
merge 3656: (1598, 101) -> 3912 (count 157)
merge 3657: (528, 2705) -> 3913 (count 157)
merge 3658: (470, 3870) -> 3914 (count 157)
merge 3659: (118, 286) -> 3915 (count 156)
merge 3660: (520, 376) -> 3916 (count 156)
merge 3661: (951, 336) -> 3917 (count 156)
merge 3662: (479, 276) -> 3918 (count 156)
merge 3663: (284, 278) -> 3919 (count 156)
merge 3664: (45, 92) -> 3920 (count 156)
merge 3665: (2537, 336) -> 3921 (count 156)
merge 3666: (265, 627) -> 3922 (count 156)
merge 3667: (1084, 302) -> 3923 (count 156)
merge 3668: (1440, 332) -> 3924 (count 156)
merge 3669: (320, 1013) -> 3925 (count 156)
merge 3670: (1384, 2073) -> 3926 (count 156)
merge 3671: (410, 3735) -> 3927 (count 156)
merge 3672: (355, 1283) -> 3928 (count 156)
merge 3673: (1824, 344) -> 3929 (count 156)
merge 3674: (378, 2465) -> 3930 (count 156)
merge 3675: (657, 276) -> 3931 (count 156)
merge 3676: (104, 271) -> 3932 (count 155)
merge 3677: (100, 1536) -> 3933 (count 155)
merge 3678: (267, 289) -> 3934 (count 155)
merge 3679: (73, 257) -> 3935 (count 155)
merge 3680: (36, 751) -> 3936 (count 155)
merge 3681: (1529, 1568) -> 3937 (count 155)
merge 3682: (265, 3613) -> 3938 (count 155)
merge 3683: (468, 3832) -> 3939 (count 155)
merge 3684: (1192, 296) -> 3940 (count 155)
merge 3685: (281, 116) -> 3941 (count 155)
merge 3686: (308, 2003) -> 3942 (count 155)
merge 3687: (1977, 270) -> 3943 (count 155)
merge 3688: (376, 974) -> 3944 (count 154)
merge 3689: (3762, 311) -> 3945 (count 154)
merge 3690: (289, 113) -> 3946 (count 154)
merge 3691: (100, 3590) -> 3947 (count 154)
merge 3692: (83, 84) -> 3948 (count 154)
merge 3693: (487, 3234) -> 3949 (count 154)
merge 3694: (1882, 3252) -> 3950 (count 154)
merge 3695: (1484, 278) -> 3951 (count 154)
merge 3696: (330, 354) -> 3952 (count 154)
merge 3697: (3296, 371) -> 3953 (count 154)
merge 3698: (387, 1705) -> 3954 (count 154)
merge 3699: (2797, 755) -> 3955 (count 154)
merge 3700: (436, 1485) -> 3956 (count 154)
merge 3701: (332, 994) -> 3957 (count 153)
merge 3702: (309, 3517) -> 3958 (count 153)
merge 3703: (110, 115) -> 3959 (count 153)
merge 3704: (101, 431) -> 3960 (count 153)
merge 3705: (525, 101) -> 3961 (count 153)
merge 3706: (269, 311) -> 3962 (count 153)
merge 3707: (78, 79) -> 3963 (count 153)
merge 3708: (76, 101) -> 3964 (count 153)
merge 3709: (1281, 569) -> 3965 (count 153)
merge 3710: (359, 2757) -> 3966 (count 153)
merge 3711: (2773, 890) -> 3967 (count 153)
merge 3712: (3013, 734) -> 3968 (count 153)
merge 3713: (833, 899) -> 3969 (count 153)
merge 3714: (538, 2501) -> 3970 (count 153)
merge 3715: (696, 278) -> 3971 (count 153)
merge 3716: (280, 297) -> 3972 (count 153)
merge 3717: (2863, 593) -> 3973 (count 153)
merge 3718: (2749, 2588) -> 3974 (count 153)
merge 3719: (333, 101) -> 3975 (count 152)
merge 3720: (1380, 269) -> 3976 (count 152)
merge 3721: (115, 496) -> 3977 (count 152)
merge 3722: (626, 582) -> 3978 (count 152)
merge 3723: (442, 267) -> 3979 (count 152)
merge 3724: (2012, 102) -> 3980 (count 152)
merge 3725: (3576, 656) -> 3981 (count 152)
merge 3726: (1317, 334) -> 3982 (count 152)
merge 3727: (97, 554) -> 3983 (count 152)
merge 3728: (39, 36) -> 3984 (count 152)
merge 3729: (265, 3476) -> 3985 (count 152)
merge 3730: (618, 510) -> 3986 (count 152)
merge 3731: (2597, 1057) -> 3987 (count 152)
merge 3732: (1907, 286) -> 3988 (count 152)
merge 3733: (2790, 109) -> 3989 (count 152)
merge 3734: (3821, 1366) -> 3990 (count 152)
merge 3735: (312, 108) -> 3991 (count 151)
merge 3736: (301, 264) -> 3992 (count 151)
merge 3737: (729, 713) -> 3993 (count 151)
merge 3738: (313, 112) -> 3994 (count 151)
merge 3739: (3147, 449) -> 3995 (count 151)
merge 3740: (1238, 598) -> 3996 (count 151)
merge 3741: (1562, 109) -> 3997 (count 151)
merge 3742: (298, 1810) -> 3998 (count 151)
merge 3743: (375, 2008) -> 3999 (count 151)
merge 3744: (1859, 3008) -> 4000 (count 151)
merge 3745: (3757, 3897) -> 4001 (count 151)
merge 3746: (3316, 299) -> 4002 (count 151)
merge 3747: (3003, 2399) -> 4003 (count 151)
merge 3748: (1800, 2876) -> 4004 (count 151)
merge 3749: (1242, 449) -> 4005 (count 151)
merge 3750: (378, 3674) -> 4006 (count 151)
merge 3751: (263, 407) -> 4007 (count 150)
merge 3752: (103, 288) -> 4008 (count 150)
merge 3753: (266, 869) -> 4009 (count 150)
merge 3754: (1672, 392) -> 4010 (count 150)
merge 3755: (1685, 336) -> 4011 (count 150)
merge 3756: (400, 314) -> 4012 (count 150)
merge 3757: (3751, 2052) -> 4013 (count 150)
merge 3758: (3178, 1269) -> 4014 (count 150)
merge 3759: (3902, 1427) -> 4015 (count 150)
merge 3760: (3224, 564) -> 4016 (count 150)
merge 3761: (330, 263) -> 4017 (count 150)
merge 3762: (330, 266) -> 4018 (count 150)
merge 3763: (274, 813) -> 4019 (count 150)
merge 3764: (434, 3731) -> 4020 (count 150)
merge 3765: (2847, 3198) -> 4021 (count 150)
merge 3766: (291, 322) -> 4022 (count 150)
merge 3767: (521, 507) -> 4023 (count 150)
merge 3768: (260, 3815) -> 4024 (count 150)
merge 3769: (409, 101) -> 4025 (count 150)
merge 3770: (121, 653) -> 4026 (count 149)
merge 3771: (119, 269) -> 4027 (count 149)
merge 3772: (112, 3125) -> 4028 (count 149)
merge 3773: (270, 3659) -> 4029 (count 149)
merge 3774: (2114, 101) -> 4030 (count 149)
merge 3775: (2953, 401) -> 4031 (count 149)
merge 3776: (82, 66) -> 4032 (count 149)
merge 3777: (52, 52) -> 4033 (count 149)
merge 3778: (1095, 48) -> 4034 (count 149)
merge 3779: (43, 394) -> 4035 (count 149)
merge 3780: (487, 1939) -> 4036 (count 149)
merge 3781: (265, 259) -> 4037 (count 149)
merge 3782: (388, 888) -> 4038 (count 149)
merge 3783: (666, 968) -> 4039 (count 149)
merge 3784: (3094, 344) -> 4040 (count 149)
merge 3785: (268, 3978) -> 4041 (count 149)
merge 3786: (2573, 288) -> 4042 (count 149)
merge 3787: (4027, 102) -> 4043 (count 148)
merge 3788: (1057, 2742) -> 4044 (count 148)
merge 3789: (1819, 121) -> 4045 (count 148)
merge 3790: (109, 264) -> 4046 (count 148)
merge 3791: (101, 2400) -> 4047 (count 148)
merge 3792: (1959, 65) -> 4048 (count 148)
merge 3793: (65, 79) -> 4049 (count 148)
merge 3794: (1238, 622) -> 4050 (count 148)
merge 3795: (265, 2806) -> 4051 (count 148)
merge 3796: (838, 111) -> 4052 (count 148)
merge 3797: (1967, 3446) -> 4053 (count 148)
merge 3798: (283, 3255) -> 4054 (count 148)
merge 3799: (343, 324) -> 4055 (count 148)
merge 3800: (2362, 2604) -> 4056 (count 148)
merge 3801: (1048, 278) -> 4057 (count 148)
merge 3802: (2133, 383) -> 4058 (count 148)
merge 3803: (3588, 3566) -> 4059 (count 148)
merge 3804: (378, 498) -> 4060 (count 148)
merge 3805: (378, 3102) -> 4061 (count 148)
merge 3806: (870, 3540) -> 4062 (count 147)
merge 3807: (507, 1683) -> 4063 (count 147)
merge 3808: (1471, 480) -> 4064 (count 147)
merge 3809: (2988, 2577) -> 4065 (count 147)
merge 3810: (101, 365) -> 4066 (count 147)
merge 3811: (421, 756) -> 4067 (count 147)
merge 3812: (80, 1537) -> 4068 (count 147)
merge 3813: (1411, 3698) -> 4069 (count 147)
merge 3814: (606, 316) -> 4070 (count 147)
merge 3815: (1626, 555) -> 4071 (count 147)
merge 3816: (3295, 2040) -> 4072 (count 147)
merge 3817: (308, 3479) -> 4073 (count 147)
merge 3818: (1977, 564) -> 4074 (count 147)
merge 3819: (118, 1606) -> 4075 (count 146)
merge 3820: (4075, 3854) -> 4076 (count 146)
merge 3821: (263, 313) -> 4077 (count 146)
merge 3822: (3320, 444) -> 4078 (count 146)
merge 3823: (271, 1257) -> 4079 (count 146)
merge 3824: (313, 667) -> 4080 (count 146)
merge 3825: (491, 1055) -> 4081 (count 146)
merge 3826: (1141, 386) -> 4082 (count 146)
merge 3827: (1141, 942) -> 4083 (count 146)
merge 3828: (1553, 482) -> 4084 (count 146)
merge 3829: (1957, 1294) -> 4085 (count 146)
merge 3830: (385, 1296) -> 4086 (count 146)
merge 3831: (2420, 278) -> 4087 (count 146)
merge 3832: (410, 2716) -> 4088 (count 146)
merge 3833: (1506, 421) -> 4089 (count 146)
merge 3834: (1237, 344) -> 4090 (count 146)
merge 3835: (516, 2380) -> 4091 (count 146)
merge 3836: (332, 309) -> 4092 (count 145)
merge 3837: (675, 361) -> 4093 (count 145)
merge 3838: (65, 1642) -> 4094 (count 145)
merge 3839: (50, 57) -> 4095 (count 145)
merge 3840: (256, 4011) -> 4096 (count 145)
merge 3841: (588, 264) -> 4097 (count 145)
merge 3842: (838, 105) -> 4098 (count 145)
merge 3843: (543, 352) -> 4099 (count 145)
merge 3844: (2371, 553) -> 4100 (count 145)
merge 3845: (3892, 264) -> 4101 (count 145)
merge 3846: (649, 115) -> 4102 (count 145)
merge 3847: (3042, 1248) -> 4103 (count 145)
merge 3848: (3043, 457) -> 4104 (count 145)
merge 3849: (4041, 380) -> 4105 (count 145)
merge 3850: (2509, 2401) -> 4106 (count 145)
merge 3851: (2505, 286) -> 4107 (count 145)
merge 3852: (657, 71) -> 4108 (count 145)
merge 3853: (536, 2611) -> 4109 (count 145)
merge 3854: (1691, 3397) -> 4110 (count 144)
merge 3855: (379, 100) -> 4111 (count 144)
merge 3856: (566, 278) -> 4112 (count 144)
merge 3857: (101, 3117) -> 4113 (count 144)
merge 3858: (99, 1569) -> 4114 (count 144)
merge 3859: (72, 122) -> 4115 (count 144)
merge 3860: (2311, 115) -> 4116 (count 144)
merge 3861: (502, 336) -> 4117 (count 144)
merge 3862: (1388, 2842) -> 4118 (count 144)
merge 3863: (703, 317) -> 4119 (count 144)
merge 3864: (2737, 116) -> 4120 (count 144)
merge 3865: (471, 3734) -> 4121 (count 144)
merge 3866: (2640, 257) -> 4122 (count 144)
merge 3867: (315, 754) -> 4123 (count 144)
merge 3868: (274, 1637) -> 4124 (count 144)
merge 3869: (1198, 278) -> 4125 (count 144)
merge 3870: (661, 729) -> 4126 (count 144)
merge 3871: (2378, 745) -> 4127 (count 144)
merge 3872: (541, 2948) -> 4128 (count 144)
merge 3873: (2133, 1185) -> 4129 (count 144)
merge 3874: (268, 3711) -> 4130 (count 144)
merge 3875: (451, 373) -> 4131 (count 144)
merge 3876: (263, 376) -> 4132 (count 143)
merge 3877: (737, 441) -> 4133 (count 143)
merge 3878: (1055, 278) -> 4134 (count 143)
merge 3879: (98, 98) -> 4135 (count 143)
merge 3880: (3934, 108) -> 4136 (count 143)
merge 3881: (2276, 115) -> 4137 (count 143)
merge 3882: (256, 1600) -> 4138 (count 143)
merge 3883: (1001, 1062) -> 4139 (count 143)
merge 3884: (2658, 1861) -> 4140 (count 143)
merge 3885: (476, 3387) -> 4141 (count 143)
merge 3886: (903, 555) -> 4142 (count 143)
merge 3887: (937, 2173) -> 4143 (count 143)
merge 3888: (121, 108) -> 4144 (count 142)
merge 3889: (112, 99) -> 4145 (count 142)
merge 3890: (2499, 3798) -> 4146 (count 142)
merge 3891: (1507, 278) -> 4147 (count 142)
merge 3892: (1213, 441) -> 4148 (count 142)
merge 3893: (264, 257) -> 4149 (count 142)
merge 3894: (400, 341) -> 4150 (count 142)
merge 3895: (1590, 660) -> 4151 (count 142)
merge 3896: (2962, 569) -> 4152 (count 142)
merge 3897: (343, 4110) -> 4153 (count 142)
merge 3898: (578, 555) -> 4154 (count 142)
merge 3899: (330, 3857) -> 4155 (count 142)
merge 3900: (274, 3817) -> 4156 (count 142)
merge 3901: (277, 264) -> 4157 (count 141)
merge 3902: (697, 276) -> 4158 (count 141)
merge 3903: (617, 1049) -> 4159 (count 141)
merge 3904: (502, 325) -> 4160 (count 141)
merge 3905: (578, 656) -> 4161 (count 141)
merge 3906: (274, 454) -> 4162 (count 141)
merge 3907: (2402, 112) -> 4163 (count 141)
merge 3908: (759, 334) -> 4164 (count 141)
merge 3909: (531, 676) -> 4165 (count 141)
merge 3910: (524, 110) -> 4166 (count 141)
merge 3911: (1820, 332) -> 4167 (count 140)
merge 3912: (562, 1323) -> 4168 (count 140)
merge 3913: (2655, 278) -> 4169 (count 140)
merge 3914: (264, 114) -> 4170 (count 140)
merge 3915: (684, 2786) -> 4171 (count 140)
merge 3916: (1209, 807) -> 4172 (count 140)
merge 3917: (82, 71) -> 4173 (count 140)
merge 3918: (3066, 444) -> 4174 (count 140)
merge 3919: (3084, 314) -> 4175 (count 140)
merge 3920: (560, 3660) -> 4176 (count 140)
merge 3921: (528, 1532) -> 4177 (count 140)
merge 3922: (1882, 279) -> 4178 (count 140)
merge 3923: (2737, 513) -> 4179 (count 140)
merge 3924: (930, 569) -> 4180 (count 140)
merge 3925: (1492, 278) -> 4181 (count 140)
merge 3926: (395, 79) -> 4182 (count 140)
merge 3927: (3422, 365) -> 4183 (count 139)
merge 3928: (289, 120) -> 4184 (count 139)
merge 3929: (393, 307) -> 4185 (count 139)
merge 3930: (1681, 276) -> 4186 (count 139)
merge 3931: (615, 286) -> 4187 (count 139)
merge 3932: (346, 496) -> 4188 (count 139)
merge 3933: (265, 563) -> 4189 (count 139)
merge 3934: (3223, 807) -> 4190 (count 139)
merge 3935: (581, 115) -> 4191 (count 139)
merge 3936: (3124, 566) -> 4192 (count 139)
merge 3937: (747, 2859) -> 4193 (count 139)
merge 3938: (2472, 301) -> 4194 (count 139)
merge 3939: (1514, 286) -> 4195 (count 139)
merge 3940: (404, 112) -> 4196 (count 138)
merge 3941: (114, 2975) -> 4197 (count 138)
merge 3942: (73, 65) -> 4198 (count 138)
merge 3943: (298, 301) -> 4199 (count 138)
merge 3944: (3221, 273) -> 4200 (count 138)
merge 3945: (2220, 3565) -> 4201 (count 138)
merge 3946: (318, 1760) -> 4202 (count 138)
merge 3947: (2843, 477) -> 4203 (count 138)
merge 3948: (3430, 441) -> 4204 (count 138)
merge 3949: (1892, 386) -> 4205 (count 138)
merge 3950: (2250, 286) -> 4206 (count 138)
merge 3951: (2330, 288) -> 4207 (count 138)
merge 3952: (753, 44) -> 4208 (count 137)
merge 3953: (119, 1204) -> 4209 (count 137)
merge 3954: (319, 441) -> 4210 (count 137)
merge 3955: (439, 1461) -> 4211 (count 137)
merge 3956: (48, 53) -> 4212 (count 137)
merge 3957: (406, 3962) -> 4213 (count 137)
merge 3958: (894, 598) -> 4214 (count 137)
merge 3959: (295, 3945) -> 4215 (count 137)
merge 3960: (353, 3916) -> 4216 (count 137)
merge 3961: (308, 2698) -> 4217 (count 137)
merge 3962: (759, 1346) -> 4218 (count 137)
merge 3963: (759, 269) -> 4219 (count 137)
merge 3964: (2652, 391) -> 4220 (count 137)
merge 3965: (409, 83) -> 4221 (count 137)
merge 3966: (472, 4048) -> 4222 (count 137)
merge 3967: (119, 465) -> 4223 (count 136)
merge 3968: (464, 3486) -> 4224 (count 136)
merge 3969: (4224, 3658) -> 4225 (count 136)
merge 3970: (1634, 267) -> 4226 (count 136)
merge 3971: (115, 658) -> 4227 (count 136)
merge 3972: (57, 53) -> 4228 (count 136)
merge 3973: (374, 105) -> 4229 (count 136)
merge 3974: (374, 4186) -> 4230 (count 136)
merge 3975: (1207, 523) -> 4231 (count 136)
merge 3976: (3463, 1761) -> 4232 (count 136)
merge 3977: (2349, 296) -> 4233 (count 136)
merge 3978: (472, 3993) -> 4234 (count 136)
merge 3979: (524, 3991) -> 4235 (count 136)
merge 3980: (524, 474) -> 4236 (count 136)
merge 3981: (436, 407) -> 4237 (count 136)
merge 3982: (436, 3437) -> 4238 (count 136)
merge 3983: (121, 3733) -> 4239 (count 135)
merge 3984: (324, 270) -> 4240 (count 135)
merge 3985: (102, 3908) -> 4241 (count 135)
merge 3986: (301, 346) -> 4242 (count 135)
merge 3987: (756, 2976) -> 4243 (count 135)
merge 3988: (78, 82) -> 4244 (count 135)
merge 3989: (76, 1762) -> 4245 (count 135)
merge 3990: (48, 56) -> 4246 (count 135)
merge 3991: (866, 677) -> 4247 (count 135)
merge 3992: (585, 115) -> 4248 (count 135)
merge 3993: (350, 276) -> 4249 (count 135)
merge 3994: (303, 4080) -> 4250 (count 135)
merge 3995: (283, 302) -> 4251 (count 135)
merge 3996: (1553, 569) -> 4252 (count 135)
merge 3997: (2436, 1536) -> 4253 (count 135)
merge 3998: (116, 3101) -> 4254 (count 134)
merge 3999: (101, 1064) -> 4255 (count 134)
merge 4000: (1373, 278) -> 4256 (count 134)
merge 4001: (288, 267) -> 4257 (count 134)
merge 4002: (3736, 66) -> 4258 (count 134)
merge 4003: (50, 54) -> 4259 (count 134)
merge 4004: (1529, 513) -> 4260 (count 134)
merge 4005: (256, 713) -> 4261 (count 134)
merge 4006: (922, 444) -> 4262 (count 134)
merge 4007: (924, 4197) -> 4263 (count 134)
merge 4008: (1308, 276) -> 4264 (count 134)
merge 4009: (2133, 1949) -> 4265 (count 134)
merge 4010: (2409, 296) -> 4266 (count 134)
merge 4011: (536, 3603) -> 4267 (count 134)
merge 4012: (1368, 282) -> 4268 (count 134)
merge 4013: (875, 51) -> 4269 (count 134)
merge 4014: (892, 314) -> 4270 (count 133)
merge 4015: (870, 362) -> 4271 (count 133)
merge 4016: (289, 2258) -> 4272 (count 133)
merge 4017: (284, 257) -> 4273 (count 133)
merge 4018: (271, 267) -> 4274 (count 133)
merge 4019: (89, 288) -> 4275 (count 133)
merge 4020: (67, 83) -> 4276 (count 133)
merge 4021: (51, 3059) -> 4277 (count 133)
merge 4022: (1643, 444) -> 4278 (count 133)
merge 4023: (874, 3600) -> 4279 (count 133)
merge 4024: (918, 3958) -> 4280 (count 133)
merge 4025: (547, 278) -> 4281 (count 133)
merge 4026: (1037, 108) -> 4282 (count 133)
merge 4027: (283, 3623) -> 4283 (count 133)
merge 4028: (283, 2364) -> 4284 (count 133)
merge 4029: (3808, 1832) -> 4285 (count 133)
merge 4030: (623, 571) -> 4286 (count 133)
merge 4031: (989, 3824) -> 4287 (count 133)
merge 4032: (1893, 539) -> 4288 (count 133)
merge 4033: (470, 550) -> 4289 (count 133)
merge 4034: (2082, 288) -> 4290 (count 132)
merge 4035: (3194, 115) -> 4291 (count 132)
merge 4036: (65, 3348) -> 4292 (count 132)
merge 4037: (1411, 1274) -> 4293 (count 132)
merge 4038: (3103, 299) -> 4294 (count 132)
merge 4039: (841, 270) -> 4295 (count 132)
merge 4040: (471, 112) -> 4296 (count 132)
merge 4041: (1943, 257) -> 4297 (count 132)
merge 4042: (2026, 278) -> 4298 (count 132)
merge 4043: (1902, 4132) -> 4299 (count 132)
merge 4044: (2635, 53) -> 4300 (count 132)
merge 4045: (4064, 267) -> 4301 (count 131)
merge 4046: (1013, 3484) -> 4302 (count 131)
merge 4047: (80, 69) -> 4303 (count 131)
merge 4048: (71, 2286) -> 4304 (count 131)
merge 4049: (41, 94) -> 4305 (count 131)
merge 4050: (36, 3414) -> 4306 (count 131)
merge 4051: (640, 1438) -> 4307 (count 131)
merge 4052: (2055, 362) -> 4308 (count 131)
merge 4053: (1534, 115) -> 4309 (count 131)
merge 4054: (350, 404) -> 4310 (count 131)
merge 4055: (1059, 261) -> 4311 (count 131)
merge 4056: (3666, 1719) -> 4312 (count 131)
merge 4057: (3631, 1568) -> 4313 (count 131)
merge 4058: (2571, 344) -> 4314 (count 131)
merge 4059: (268, 4183) -> 4315 (count 131)
merge 4060: (812, 421) -> 4316 (count 131)
merge 4061: (384, 263) -> 4317 (count 131)
merge 4062: (524, 677) -> 4318 (count 131)
merge 4063: (112, 2052) -> 4319 (count 130)
merge 4064: (102, 3346) -> 4320 (count 130)
merge 4065: (98, 314) -> 4321 (count 130)
merge 4066: (570, 336) -> 4322 (count 130)
merge 4067: (2868, 105) -> 4323 (count 130)
merge 4068: (69, 2392) -> 4324 (count 130)
merge 4069: (57, 48) -> 4325 (count 130)
merge 4070: (51, 51) -> 4326 (count 130)
merge 4071: (306, 4111) -> 4327 (count 130)
merge 4072: (1201, 513) -> 4328 (count 130)
merge 4073: (388, 3254) -> 4329 (count 130)
merge 4074: (3471, 286) -> 4330 (count 130)
merge 4075: (933, 284) -> 4331 (count 130)
merge 4076: (2991, 4093) -> 4332 (count 130)
merge 4077: (275, 99) -> 4333 (count 130)
merge 4078: (4100, 1236) -> 4334 (count 130)
merge 4079: (1887, 276) -> 4335 (count 130)
merge 4080: (1480, 3079) -> 4336 (count 130)
merge 4081: (3495, 257) -> 4337 (count 130)
merge 4082: (308, 2322) -> 4338 (count 130)
merge 4083: (1961, 1475) -> 4339 (count 130)
merge 4084: (451, 809) -> 4340 (count 130)
merge 4085: (294, 1500) -> 4341 (count 130)
merge 4086: (32, 124) -> 4342 (count 130)
merge 4087: (1152, 3004) -> 4343 (count 129)
merge 4088: (3855, 404) -> 4344 (count 129)
merge 4089: (1436, 40) -> 4345 (count 129)
merge 4090: (85, 84) -> 4346 (count 129)
merge 4091: (83, 267) -> 4347 (count 129)
merge 4092: (80, 83) -> 4348 (count 129)
merge 4093: (50, 55) -> 4349 (count 129)
merge 4094: (2230, 1809) -> 4350 (count 129)
merge 4095: (256, 452) -> 4351 (count 129)
merge 4096: (1781, 2817) -> 4352 (count 129)
merge 4097: (3638, 2659) -> 4353 (count 129)
merge 4098: (1034, 791) -> 4354 (count 129)
merge 4099: (318, 103) -> 4355 (count 129)
merge 4100: (1504, 314) -> 4356 (count 129)
merge 4101: (4018, 117) -> 4357 (count 129)
merge 4102: (1198, 115) -> 4358 (count 129)
merge 4103: (2571, 1975) -> 4359 (count 129)
merge 4104: (2739, 2698) -> 4360 (count 129)
merge 4105: (610, 4322) -> 4361 (count 129)
merge 4106: (268, 590) -> 4362 (count 129)
merge 4107: (983, 77) -> 4363 (count 129)
merge 4108: (415, 335) -> 4364 (count 129)
merge 4109: (110, 3799) -> 4365 (count 128)
merge 4110: (292, 309) -> 4366 (count 128)
merge 4111: (292, 116) -> 4367 (count 128)
merge 4112: (445, 807) -> 4368 (count 128)
merge 4113: (530, 3256) -> 4369 (count 128)
merge 4114: (71, 67) -> 4370 (count 128)
merge 4115: (2459, 314) -> 4371 (count 128)
merge 4116: (1039, 257) -> 4372 (count 128)
merge 4117: (272, 3645) -> 4373 (count 128)
merge 4118: (1349, 791) -> 4374 (count 128)
merge 4119: (320, 3065) -> 4375 (count 128)
merge 4120: (673, 114) -> 4376 (count 128)
merge 4121: (673, 4366) -> 4377 (count 128)
merge 4122: (385, 112) -> 4378 (count 128)
merge 4123: (613, 114) -> 4379 (count 128)
merge 4124: (3358, 267) -> 4380 (count 128)
merge 4125: (4235, 4290) -> 4381 (count 128)
merge 4126: (2463, 3981) -> 4382 (count 128)
merge 4127: (599, 485) -> 4383 (count 127)
merge 4128: (116, 361) -> 4384 (count 127)
merge 4129: (116, 289) -> 4385 (count 127)
merge 4130: (106, 794) -> 4386 (count 127)
merge 4131: (265, 108) -> 4387 (count 127)
merge 4132: (3145, 571) -> 4388 (count 127)
merge 4133: (4199, 257) -> 4389 (count 127)
merge 4134: (3873, 396) -> 4390 (count 127)
merge 4135: (272, 641) -> 4391 (count 127)
merge 4136: (1784, 1835) -> 4392 (count 127)
merge 4137: (3543, 120) -> 4393 (count 127)
merge 4138: (2223, 278) -> 4394 (count 127)
merge 4139: (2301, 357) -> 4395 (count 127)
merge 4140: (610, 4242) -> 4396 (count 127)
merge 4141: (573, 1425) -> 4397 (count 127)
merge 4142: (119, 566) -> 4398 (count 126)
merge 4143: (118, 2757) -> 4399 (count 126)
merge 4144: (567, 286) -> 4400 (count 126)
merge 4145: (622, 357) -> 4401 (count 126)
merge 4146: (263, 1109) -> 4402 (count 126)
merge 4147: (114, 278) -> 4403 (count 126)
merge 4148: (257, 97) -> 4404 (count 126)
merge 4149: (1544, 754) -> 4405 (count 126)
merge 4150: (346, 259) -> 4406 (count 126)
merge 4151: (78, 1438) -> 4407 (count 126)
merge 4152: (306, 1724) -> 4408 (count 126)
merge 4153: (3899, 1840) -> 4409 (count 126)
merge 4154: (1388, 477) -> 4410 (count 126)
merge 4155: (272, 1371) -> 4411 (count 126)
merge 4156: (350, 358) -> 4412 (count 126)
merge 4157: (528, 3164) -> 4413 (count 126)
merge 4158: (1714, 276) -> 4414 (count 126)
merge 4159: (752, 1982) -> 4415 (count 126)
merge 4160: (771, 1065) -> 4416 (count 126)
merge 4161: (2827, 564) -> 4417 (count 126)
merge 4162: (268, 414) -> 4418 (count 126)
merge 4163: (879, 3099) -> 4419 (count 126)
merge 4164: (126, 999) -> 4420 (count 125)
merge 4165: (1276, 42) -> 4421 (count 125)
merge 4166: (505, 3769) -> 4422 (count 125)
merge 4167: (622, 286) -> 4423 (count 125)
merge 4168: (488, 3229) -> 4424 (count 125)
merge 4169: (111, 4423) -> 4425 (count 125)
merge 4170: (284, 391) -> 4426 (count 125)
merge 4171: (346, 121) -> 4427 (count 125)
merge 4172: (98, 102) -> 4428 (count 125)
merge 4173: (1193, 1229) -> 4429 (count 125)
merge 4174: (2671, 555) -> 4430 (count 125)
merge 4175: (661, 1694) -> 4431 (count 125)
merge 4176: (1375, 444) -> 4432 (count 125)
merge 4177: (1224, 3058) -> 4433 (count 125)
merge 4178: (1226, 292) -> 4434 (count 125)
merge 4179: (472, 90) -> 4435 (count 125)
merge 4180: (451, 908) -> 4436 (count 125)
merge 4181: (435, 4007) -> 4437 (count 125)
merge 4182: (2463, 83) -> 4438 (count 125)
merge 4183: (115, 107) -> 4439 (count 124)
merge 4184: (369, 449) -> 4440 (count 124)
merge 4185: (111, 356) -> 4441 (count 124)
merge 4186: (109, 3137) -> 4442 (count 124)
merge 4187: (693, 278) -> 4443 (count 124)
merge 4188: (102, 3363) -> 4444 (count 124)
merge 4189: (92, 41) -> 4445 (count 124)
merge 4190: (51, 54) -> 4446 (count 124)
merge 4191: (2516, 890) -> 4447 (count 124)
merge 4192: (596, 2017) -> 4448 (count 124)
merge 4193: (2755, 3483) -> 4449 (count 124)
merge 4194: (320, 449) -> 4450 (count 124)
merge 4195: (330, 1995) -> 4451 (count 124)
merge 4196: (260, 3297) -> 4452 (count 124)
merge 4197: (378, 1688) -> 4453 (count 124)
merge 4198: (378, 73) -> 4454 (count 124)
merge 4199: (32, 379) -> 4455 (count 124)
merge 4200: (611, 289) -> 4456 (count 123)
merge 4201: (115, 258) -> 4457 (count 123)
merge 4202: (366, 2275) -> 4458 (count 123)
merge 4203: (292, 107) -> 4459 (count 123)
merge 4204: (101, 335) -> 4460 (count 123)
merge 4205: (267, 804) -> 4461 (count 123)
merge 4206: (487, 3865) -> 4462 (count 123)
merge 4207: (406, 1849) -> 4463 (count 123)
merge 4208: (708, 396) -> 4464 (count 123)
merge 4209: (2554, 631) -> 4465 (count 123)
merge 4210: (1194, 444) -> 4466 (count 123)
merge 4211: (1629, 742) -> 4467 (count 123)
merge 4212: (1597, 344) -> 4468 (count 123)
merge 4213: (2790, 429) -> 4469 (count 123)
merge 4214: (1717, 98) -> 4470 (count 123)
merge 4215: (613, 607) -> 4471 (count 123)
merge 4216: (409, 810) -> 4472 (count 123)
merge 4217: (481, 2998) -> 4473 (count 123)
merge 4218: (294, 123) -> 4474 (count 123)
merge 4219: (522, 269) -> 4475 (count 122)
merge 4220: (104, 393) -> 4476 (count 122)
merge 4221: (61, 92) -> 4477 (count 122)
merge 4222: (3678, 278) -> 4478 (count 122)
merge 4223: (2744, 2818) -> 4479 (count 122)
merge 4224: (617, 449) -> 4480 (count 122)
merge 4225: (467, 3602) -> 4481 (count 122)
merge 4226: (1598, 278) -> 4482 (count 122)
merge 4227: (303, 3398) -> 4483 (count 122)
merge 4228: (3277, 267) -> 4484 (count 122)
merge 4229: (1094, 2501) -> 4485 (count 122)
merge 4230: (2993, 4405) -> 4486 (count 122)
merge 4231: (280, 4043) -> 4487 (count 122)
merge 4232: (417, 1297) -> 4488 (count 122)
merge 4233: (32, 120) -> 4489 (count 122)
merge 4234: (1276, 43) -> 4490 (count 121)
merge 4235: (379, 278) -> 4491 (count 121)
merge 4236: (1128, 1284) -> 4492 (count 121)
merge 4237: (43, 92) -> 4493 (count 121)
merge 4238: (2723, 1202) -> 4494 (count 121)
merge 4239: (3392, 2017) -> 4495 (count 121)
merge 4240: (4391, 4425) -> 4496 (count 121)
merge 4241: (933, 307) -> 4497 (count 121)
merge 4242: (894, 787) -> 4498 (count 121)
merge 4243: (803, 296) -> 4499 (count 121)
merge 4244: (2107, 418) -> 4500 (count 121)
merge 4245: (1176, 1461) -> 4501 (count 121)
merge 4246: (1094, 566) -> 4502 (count 121)
merge 4247: (1817, 2256) -> 4503 (count 121)
merge 4248: (433, 2129) -> 4504 (count 121)
merge 4249: (1448, 691) -> 4505 (count 121)
merge 4250: (395, 3886) -> 4506 (count 121)
merge 4251: (4289, 891) -> 4507 (count 121)
merge 4252: (1747, 1780) -> 4508 (count 120)
merge 4253: (257, 299) -> 4509 (count 120)
merge 4254: (443, 266) -> 4510 (count 120)
merge 4255: (100, 286) -> 4511 (count 120)
merge 4256: (98, 729) -> 4512 (count 120)
merge 4257: (80, 269) -> 4513 (count 120)
merge 4258: (71, 2449) -> 4514 (count 120)
merge 4259: (51, 49) -> 4515 (count 120)
merge 4260: (2671, 4045) -> 4516 (count 120)
merge 4261: (4295, 878) -> 4517 (count 120)
merge 4262: (3923, 523) -> 4518 (count 120)
merge 4263: (274, 456) -> 4519 (count 120)
merge 4264: (331, 4065) -> 4520 (count 120)
merge 4265: (328, 383) -> 4521 (count 119)
merge 4266: (364, 1016) -> 4522 (count 119)
merge 4267: (100, 100) -> 4523 (count 119)
merge 4268: (421, 279) -> 4524 (count 119)
merge 4269: (367, 485) -> 4525 (count 119)
merge 4270: (1692, 564) -> 4526 (count 119)
merge 4271: (256, 2334) -> 4527 (count 119)
merge 4272: (3470, 2542) -> 4528 (count 119)
merge 4273: (4037, 269) -> 4529 (count 119)
merge 4274: (2672, 121) -> 4530 (count 119)
merge 4275: (298, 1704) -> 4531 (count 119)
merge 4276: (997, 1185) -> 4532 (count 119)
merge 4277: (468, 4008) -> 4533 (count 119)
merge 4278: (283, 117) -> 4534 (count 119)
merge 4279: (320, 3992) -> 4535 (count 119)
merge 4280: (2358, 4113) -> 4536 (count 119)
merge 4281: (3023, 286) -> 4537 (count 119)
merge 4282: (629, 278) -> 4538 (count 119)
merge 4283: (531, 325) -> 4539 (count 119)
merge 4284: (1376, 105) -> 4540 (count 119)
merge 4285: (435, 3746) -> 4541 (count 119)
merge 4286: (3620, 1403) -> 4542 (count 119)
merge 4287: (3142, 1175) -> 4543 (count 119)
merge 4288: (470, 1313) -> 4544 (count 119)
merge 4289: (670, 109) -> 4545 (count 118)
merge 4290: (311, 576) -> 4546 (count 118)
merge 4291: (334, 563) -> 4547 (count 118)
merge 4292: (324, 443) -> 4548 (count 118)
merge 4293: (258, 4548) -> 4549 (count 118)
merge 4294: (364, 292) -> 4550 (count 118)
merge 4295: (266, 1218) -> 4551 (count 118)
merge 4296: (445, 452) -> 4552 (count 118)
merge 4297: (82, 101) -> 4553 (count 118)
merge 4298: (375, 264) -> 4554 (count 118)
merge 4299: (1362, 115) -> 4555 (count 118)
merge 4300: (281, 380) -> 4556 (count 118)
merge 4301: (752, 288) -> 4557 (count 118)
merge 4302: (1009, 314) -> 4558 (count 118)
merge 4303: (619, 276) -> 4559 (count 118)
merge 4304: (2420, 115) -> 4560 (count 118)
merge 4305: (932, 1980) -> 4561 (count 118)
merge 4306: (3927, 396) -> 4562 (count 118)
merge 4307: (2290, 3881) -> 4563 (count 118)
merge 4308: (291, 4424) -> 4564 (count 118)
merge 4309: (291, 4147) -> 4565 (count 118)
merge 4310: (3954, 273) -> 4566 (count 118)
merge 4311: (4316, 4426) -> 4567 (count 118)
merge 4312: (2477, 1690) -> 4568 (count 118)
merge 4313: (378, 101) -> 4569 (count 118)
merge 4314: (459, 2052) -> 4570 (count 118)
merge 4315: (2574, 1103) -> 4571 (count 118)
merge 4316: (470, 811) -> 4572 (count 118)
merge 4317: (32, 62) -> 4573 (count 118)
merge 4318: (369, 1982) -> 4574 (count 117)
merge 4319: (341, 3478) -> 4575 (count 117)
merge 4320: (103, 3409) -> 4576 (count 117)
merge 4321: (1436, 92) -> 4577 (count 117)
merge 4322: (78, 76) -> 4578 (count 117)
merge 4323: (65, 77) -> 4579 (count 117)
merge 4324: (2591, 101) -> 4580 (count 117)
merge 4325: (874, 3853) -> 4581 (count 117)
merge 4326: (272, 614) -> 4582 (count 117)
merge 4327: (2038, 334) -> 4583 (count 117)
merge 4328: (4502, 299) -> 4584 (count 117)
merge 4329: (2668, 270) -> 4585 (count 117)
merge 4330: (3159, 870) -> 4586 (count 117)
merge 4331: (353, 3526) -> 4587 (count 117)
merge 4332: (355, 3547) -> 4588 (count 117)
merge 4333: (1066, 263) -> 4589 (count 117)
merge 4334: (260, 377) -> 4590 (count 117)
merge 4335: (669, 108) -> 4591 (count 117)
merge 4336: (524, 1762) -> 4592 (count 117)
merge 4337: (32, 317) -> 4593 (count 117)
merge 4338: (310, 3498) -> 4594 (count 116)
merge 4339: (366, 257) -> 4595 (count 116)
merge 4340: (427, 286) -> 4596 (count 116)
merge 4341: (112, 424) -> 4597 (count 116)
merge 4342: (112, 101) -> 4598 (count 116)
merge 4343: (593, 311) -> 4599 (count 116)
merge 4344: (4547, 4254) -> 4600 (count 116)
merge 4345: (110, 338) -> 4601 (count 116)
merge 4346: (292, 386) -> 4602 (count 116)
merge 4347: (423, 821) -> 4603 (count 116)
merge 4348: (408, 276) -> 4604 (count 116)
merge 4349: (83, 89) -> 4605 (count 116)
merge 4350: (1058, 571) -> 4606 (count 116)
merge 4351: (2047, 401) -> 4607 (count 116)
merge 4352: (1411, 988) -> 4608 (count 116)
merge 4353: (2802, 276) -> 4609 (count 116)
merge 4354: (547, 116) -> 4610 (count 116)
merge 4355: (688, 115) -> 4611 (count 116)
merge 4356: (1037, 590) -> 4612 (count 116)
merge 4357: (4593, 346) -> 4613 (count 116)
merge 4358: (2923, 115) -> 4614 (count 116)
merge 4359: (283, 485) -> 4615 (count 116)
merge 4360: (329, 3662) -> 4616 (count 116)
merge 4361: (1082, 115) -> 4617 (count 116)
merge 4362: (2827, 3150) -> 4618 (count 116)
merge 4363: (3045, 292) -> 4619 (count 116)
merge 4364: (812, 1475) -> 4620 (count 116)
merge 4365: (700, 1494) -> 4621 (count 116)
merge 4366: (1745, 570) -> 4622 (count 116)
merge 4367: (1368, 2948) -> 4623 (count 116)
merge 4368: (470, 679) -> 4624 (count 116)
merge 4369: (2887, 296) -> 4625 (count 115)
merge 4370: (443, 564) -> 4626 (count 115)
merge 4371: (302, 276) -> 4627 (count 115)
merge 4372: (287, 4029) -> 4628 (count 115)
merge 4373: (3702, 571) -> 4629 (count 115)
merge 4374: (1080, 383) -> 4630 (count 115)
merge 4375: (318, 998) -> 4631 (count 115)
merge 4376: (318, 3856) -> 4632 (count 115)
merge 4377: (4251, 2251) -> 4633 (count 115)
merge 4378: (1375, 296) -> 4634 (count 115)
merge 4379: (937, 3331) -> 4635 (count 115)
merge 4380: (3268, 418) -> 4636 (count 115)
merge 4381: (3016, 310) -> 4637 (count 115)
merge 4382: (459, 97) -> 4638 (count 115)
merge 4383: (446, 4302) -> 4639 (count 115)
merge 4384: (395, 3744) -> 4640 (count 115)
merge 4385: (2112, 1297) -> 4641 (count 114)
merge 4386: (115, 271) -> 4642 (count 114)
merge 4387: (416, 523) -> 4643 (count 114)
merge 4388: (289, 269) -> 4644 (count 114)
merge 4389: (284, 1705) -> 4645 (count 114)
merge 4390: (728, 278) -> 4646 (count 114)
merge 4391: (84, 2361) -> 4647 (count 114)
merge 4392: (83, 83) -> 4648 (count 114)
merge 4393: (3459, 299) -> 4649 (count 114)
merge 4394: (76, 111) -> 4650 (count 114)
merge 4395: (65, 117) -> 4651 (count 114)
merge 4396: (426, 271) -> 4652 (count 114)
merge 4397: (3679, 278) -> 4653 (count 114)
merge 4398: (256, 270) -> 4654 (count 114)
merge 4399: (1484, 276) -> 4655 (count 114)
merge 4400: (1937, 314) -> 4656 (count 114)
merge 4401: (673, 3975) -> 4657 (count 114)
merge 4402: (971, 278) -> 4658 (count 114)
merge 4403: (417, 853) -> 4659 (count 114)
merge 4404: (3523, 3341) -> 4660 (count 114)
merge 4405: (125, 956) -> 4661 (count 113)
merge 4406: (116, 346) -> 4662 (count 113)
merge 4407: (115, 2103) -> 4663 (count 113)
merge 4408: (108, 2022) -> 4664 (count 113)
merge 4409: (4510, 1486) -> 4665 (count 113)
merge 4410: (2851, 3310) -> 4666 (count 113)
merge 4411: (301, 2212) -> 4667 (count 113)
merge 4412: (359, 663) -> 4668 (count 113)
merge 4413: (1045, 1120) -> 4669 (count 113)
merge 4414: (374, 288) -> 4670 (count 113)
merge 4415: (606, 278) -> 4671 (count 113)
merge 4416: (370, 408) -> 4672 (count 113)
merge 4417: (2789, 3825) -> 4673 (count 113)
merge 4418: (3105, 899) -> 4674 (count 113)
merge 4419: (578, 968) -> 4675 (count 113)
merge 4420: (433, 3982) -> 4676 (count 113)
merge 4421: (1510, 454) -> 4677 (count 113)
merge 4422: (355, 3917) -> 4678 (count 113)
merge 4423: (260, 445) -> 4679 (count 113)
merge 4424: (459, 4026) -> 4680 (count 113)
merge 4425: (536, 78) -> 4681 (count 113)
merge 4426: (4542, 1135) -> 4682 (count 113)
merge 4427: (436, 114) -> 4683 (count 113)
merge 4428: (334, 276) -> 4684 (count 112)
merge 4429: (109, 1488) -> 4685 (count 112)
merge 4430: (2125, 1109) -> 4686 (count 112)
merge 4431: (2125, 1669) -> 4687 (count 112)
merge 4432: (259, 1323) -> 4688 (count 112)
merge 4433: (77, 726) -> 4689 (count 112)
merge 4434: (50, 1095) -> 4690 (count 112)
merge 4435: (1758, 115) -> 4691 (count 112)
merge 4436: (256, 3700) -> 4692 (count 112)
merge 4437: (1590, 319) -> 4693 (count 112)
merge 4438: (370, 336) -> 4694 (count 112)
merge 4439: (3989, 667) -> 4695 (count 112)
merge 4440: (1014, 1274) -> 4696 (count 112)
merge 4441: (932, 1274) -> 4697 (count 112)
merge 4442: (308, 4461) -> 4698 (count 112)
merge 4443: (905, 49) -> 4699 (count 112)
merge 4444: (32, 278) -> 4700 (count 112)
merge 4445: (112, 488) -> 4701 (count 111)
merge 4446: (110, 3957) -> 4702 (count 111)
merge 4447: (706, 2256) -> 4703 (count 111)
merge 4448: (259, 694) -> 4704 (count 111)
merge 4449: (102, 533) -> 4705 (count 111)
merge 4450: (525, 2229) -> 4706 (count 111)
merge 4451: (83, 305) -> 4707 (count 111)
merge 4452: (79, 110) -> 4708 (count 111)
merge 4453: (67, 1333) -> 4709 (count 111)
merge 4454: (4277, 50) -> 4710 (count 111)
merge 4455: (2049, 477) -> 4711 (count 111)
merge 4456: (765, 1296) -> 4712 (count 111)
merge 4457: (1910, 110) -> 4713 (count 111)
merge 4458: (805, 899) -> 4714 (count 111)
merge 4459: (272, 441) -> 4715 (count 111)
merge 4460: (2093, 267) -> 4716 (count 111)
merge 4461: (329, 3516) -> 4717 (count 111)
merge 4462: (2641, 314) -> 4718 (count 111)
merge 4463: (2441, 115) -> 4719 (count 111)
merge 4464: (3366, 1762) -> 4720 (count 111)
merge 4465: (472, 4492) -> 4721 (count 111)
merge 4466: (435, 1959) -> 4722 (count 111)
merge 4467: (875, 57) -> 4723 (count 111)
merge 4468: (115, 346) -> 4724 (count 110)
merge 4469: (2125, 1704) -> 4725 (count 110)
merge 4470: (439, 489) -> 4726 (count 110)
merge 4471: (103, 1613) -> 4727 (count 110)
merge 4472: (102, 1006) -> 4728 (count 110)
merge 4473: (99, 278) -> 4729 (count 110)
merge 4474: (267, 498) -> 4730 (count 110)
merge 4475: (302, 336) -> 4731 (count 110)
merge 4476: (724, 664) -> 4732 (count 110)
merge 4477: (83, 116) -> 4733 (count 110)
merge 4478: (78, 257) -> 4734 (count 110)
merge 4479: (78, 68) -> 4735 (count 110)
merge 4480: (67, 2033) -> 4736 (count 110)
merge 4481: (50, 56) -> 4737 (count 110)
merge 4482: (3288, 1747) -> 4738 (count 110)
merge 4483: (1141, 571) -> 4739 (count 110)
merge 4484: (265, 3649) -> 4740 (count 110)
merge 4485: (298, 711) -> 4741 (count 110)
merge 4486: (406, 2687) -> 4742 (count 110)
merge 4487: (2060, 115) -> 4743 (count 110)
merge 4488: (283, 105) -> 4744 (count 110)
merge 4489: (895, 99) -> 4745 (count 110)
merge 4490: (462, 3412) -> 4746 (count 110)
merge 4491: (3819, 299) -> 4747 (count 110)
merge 4492: (661, 1580) -> 4748 (count 110)
merge 4493: (2534, 97) -> 4749 (count 110)
merge 4494: (1979, 1185) -> 4750 (count 110)
merge 4495: (1338, 344) -> 4751 (count 110)
merge 4496: (410, 2040) -> 4752 (count 110)
merge 4497: (741, 106) -> 4753 (count 110)
merge 4498: (780, 115) -> 4754 (count 110)
merge 4499: (290, 449) -> 4755 (count 109)
merge 4500: (261, 111) -> 4756 (count 109)
merge 4501: (257, 2386) -> 4757 (count 109)
merge 4502: (1757, 292) -> 4758 (count 109)
merge 4503: (498, 264) -> 4759 (count 109)
merge 4504: (1463, 299) -> 4760 (count 109)
merge 4505: (100, 465) -> 4761 (count 109)
merge 4506: (1343, 4398) -> 4762 (count 109)
merge 4507: (71, 79) -> 4763 (count 109)
merge 4508: (617, 3375) -> 4764 (count 109)
merge 4509: (382, 480) -> 4765 (count 109)
merge 4510: (2145, 631) -> 4766 (count 109)
merge 4511: (320, 4185) -> 4767 (count 109)
merge 4512: (4700, 441) -> 4768 (count 109)
merge 4513: (581, 286) -> 4769 (count 109)
merge 4514: (1823, 754) -> 4770 (count 109)
merge 4515: (1538, 579) -> 4771 (count 109)
merge 4516: (2349, 286) -> 4772 (count 109)
merge 4517: (3765, 322) -> 4773 (count 109)
merge 4518: (4130, 2364) -> 4774 (count 109)
merge 4519: (2487, 258) -> 4775 (count 109)
merge 4520: (492, 101) -> 4776 (count 109)
merge 4521: (2781, 92) -> 4777 (count 109)
merge 4522: (118, 2661) -> 4778 (count 108)
merge 4523: (309, 444) -> 4779 (count 108)
merge 4524: (3175, 427) -> 4780 (count 108)
merge 4525: (1796, 2121) -> 4781 (count 108)
merge 4526: (111, 867) -> 4782 (count 108)
merge 4527: (109, 4079) -> 4783 (count 108)
merge 4528: (3601, 362) -> 4784 (count 108)
merge 4529: (81, 2380) -> 4785 (count 108)
merge 4530: (2080, 1501) -> 4786 (count 108)
merge 4531: (72, 69) -> 4787 (count 108)
merge 4532: (990, 3515) -> 4788 (count 108)
merge 4533: (588, 663) -> 4789 (count 108)
merge 4534: (2871, 110) -> 4790 (count 108)
merge 4535: (318, 2482) -> 4791 (count 108)
merge 4536: (801, 1345) -> 4792 (count 108)
merge 4537: (719, 3340) -> 4793 (count 108)
merge 4538: (752, 2987) -> 4794 (count 108)
merge 4539: (1278, 3933) -> 4795 (count 108)
merge 4540: (1360, 745) -> 4796 (count 108)
merge 4541: (415, 336) -> 4797 (count 108)
merge 4542: (3589, 3460) -> 4798 (count 108)
merge 4543: (376, 441) -> 4799 (count 107)
merge 4544: (347, 480) -> 4800 (count 107)
merge 4545: (335, 270) -> 4801 (count 107)
merge 4546: (105, 263) -> 4802 (count 107)
merge 4547: (104, 734) -> 4803 (count 107)
merge 4548: (2998, 477) -> 4804 (count 107)
merge 4549: (572, 102) -> 4805 (count 107)
merge 4550: (99, 755) -> 4806 (count 107)
merge 4551: (4257, 121) -> 4807 (count 107)
merge 4552: (751, 394) -> 4808 (count 107)
merge 4553: (51, 50) -> 4809 (count 107)
merge 4554: (880, 257) -> 4810 (count 107)
merge 4555: (2949, 631) -> 4811 (count 107)
merge 4556: (1626, 569) -> 4812 (count 107)
merge 4557: (2062, 347) -> 4813 (count 107)
merge 4558: (2560, 456) -> 4814 (count 107)
merge 4559: (1938, 1065) -> 4815 (count 107)
merge 4560: (3213, 121) -> 4816 (count 107)
merge 4561: (268, 4274) -> 4817 (count 107)
merge 4562: (662, 4701) -> 4818 (count 107)
merge 4563: (260, 1064) -> 4819 (count 107)
merge 4564: (3564, 4225) -> 4820 (count 106)
merge 4565: (112, 115) -> 4821 (count 106)
merge 4566: (109, 4820) -> 4822 (count 106)
merge 4567: (109, 726) -> 4823 (count 106)
merge 4568: (693, 286) -> 4824 (count 106)
merge 4569: (4009, 292) -> 4825 (count 106)
merge 4570: (1313, 1898) -> 4826 (count 106)
merge 4571: (68, 1959) -> 4827 (count 106)
merge 4572: (51, 53) -> 4828 (count 106)
merge 4573: (4036, 4574) -> 4829 (count 106)
merge 4574: (636, 4601) -> 4830 (count 106)
merge 4575: (1518, 296) -> 4831 (count 106)
merge 4576: (1070, 301) -> 4832 (count 106)
merge 4577: (274, 590) -> 4833 (count 106)
merge 4578: (4126, 278) -> 4834 (count 106)
merge 4579: (1979, 383) -> 4835 (count 106)
merge 4580: (3063, 3038) -> 4836 (count 106)
merge 4581: (3943, 1234) -> 4837 (count 106)
merge 4582: (378, 104) -> 4838 (count 106)
merge 4583: (657, 361) -> 4839 (count 106)
merge 4584: (409, 326) -> 4840 (count 106)
merge 4585: (3078, 787) -> 4841 (count 106)
merge 4586: (4268, 614) -> 4842 (count 106)
merge 4587: (470, 4406) -> 4843 (count 106)
merge 4588: (270, 458) -> 4844 (count 105)
merge 4589: (339, 276) -> 4845 (count 105)
merge 4590: (2988, 3918) -> 4846 (count 105)
merge 4591: (70, 79) -> 4847 (count 105)
merge 4592: (67, 69) -> 4848 (count 105)
merge 4593: (65, 82) -> 4849 (count 105)
merge 4594: (1238, 718) -> 4850 (count 105)
merge 4595: (2537, 513) -> 4851 (count 105)
merge 4596: (440, 4243) -> 4852 (count 105)
merge 4597: (2516, 2073) -> 4853 (count 105)
merge 4598: (2516, 369) -> 4854 (count 105)
merge 4599: (3640, 4365) -> 4855 (count 105)
merge 4600: (4282, 697) -> 4856 (count 105)
merge 4601: (303, 338) -> 4857 (count 105)
merge 4602: (2107, 745) -> 4858 (count 105)
merge 4603: (4192, 296) -> 4859 (count 105)
merge 4604: (3849, 341) -> 4860 (count 105)
merge 4605: (1650, 571) -> 4861 (count 105)
merge 4606: (119, 1606) -> 4862 (count 104)
merge 4607: (3339, 286) -> 4863 (count 104)
merge 4608: (1103, 404) -> 4864 (count 104)
merge 4609: (100, 347) -> 4865 (count 104)
merge 4610: (98, 558) -> 4866 (count 104)
merge 4611: (98, 99) -> 4867 (count 104)
merge 4612: (728, 105) -> 4868 (count 104)
merge 4613: (52, 56) -> 4869 (count 104)
merge 4614: (359, 302) -> 4870 (count 104)
merge 4615: (487, 2148) -> 4871 (count 104)
merge 4616: (866, 830) -> 4872 (count 104)
merge 4617: (3103, 1135) -> 4873 (count 104)
merge 4618: (2565, 1312) -> 4874 (count 104)
merge 4619: (298, 1491) -> 4875 (count 104)
merge 4620: (606, 490) -> 4876 (count 104)
merge 4621: (4715, 2398) -> 4877 (count 104)
merge 4622: (1520, 267) -> 4878 (count 104)
merge 4623: (375, 2237) -> 4879 (count 104)
merge 4624: (2558, 115) -> 4880 (count 104)
merge 4625: (320, 2002) -> 4881 (count 104)
merge 4626: (3442, 2479) -> 4882 (count 104)
merge 4627: (623, 1724) -> 4883 (count 104)
merge 4628: (1014, 3058) -> 4884 (count 104)
merge 4629: (1510, 2451) -> 4885 (count 104)
merge 4630: (1237, 386) -> 4886 (count 104)
merge 4631: (657, 3083) -> 4887 (count 104)
merge 4632: (892, 1861) -> 4888 (count 103)
merge 4633: (116, 3895) -> 4889 (count 103)
merge 4634: (279, 407) -> 4890 (count 103)
merge 4635: (108, 3783) -> 4891 (count 103)
merge 4636: (316, 109) -> 4892 (count 103)
merge 4637: (264, 116) -> 4893 (count 103)
merge 4638: (101, 441) -> 4894 (count 103)
merge 4639: (2018, 1401) -> 4895 (count 103)
merge 4640: (41, 394) -> 4896 (count 103)
merge 4641: (2047, 276) -> 4897 (count 103)
merge 4642: (1891, 477) -> 4898 (count 103)
merge 4643: (265, 1624) -> 4899 (count 103)
merge 4644: (1645, 257) -> 4900 (count 103)
merge 4645: (388, 2253) -> 4901 (count 103)
merge 4646: (4355, 973) -> 4902 (count 103)
merge 4647: (425, 4150) -> 4903 (count 103)
merge 4648: (761, 267) -> 4904 (count 103)
merge 4649: (2288, 1285) -> 4905 (count 103)
merge 4650: (2498, 332) -> 4906 (count 103)
merge 4651: (1558, 513) -> 4907 (count 103)
merge 4652: (125, 1437) -> 4908 (count 102)
merge 4653: (354, 352) -> 4909 (count 102)
merge 4654: (111, 364) -> 4910 (count 102)
merge 4655: (3245, 342) -> 4911 (count 102)
merge 4656: (292, 362) -> 4912 (count 102)
merge 4657: (105, 325) -> 4913 (count 102)
merge 4658: (300, 652) -> 4914 (count 102)
merge 4659: (100, 3502) -> 4915 (count 102)
merge 4660: (2777, 4509) -> 4916 (count 102)
merge 4661: (413, 362) -> 4917 (count 102)
merge 4662: (751, 125) -> 4918 (count 102)
merge 4663: (1540, 753) -> 4919 (count 102)
merge 4664: (83, 290) -> 4920 (count 102)
merge 4665: (68, 101) -> 4921 (count 102)
merge 4666: (990, 4010) -> 4922 (count 102)
merge 4667: (2285, 314) -> 4923 (count 102)
merge 4668: (3826, 1854) -> 4924 (count 102)
merge 4669: (528, 2381) -> 4925 (count 102)
merge 4670: (3028, 105) -> 4926 (count 102)
merge 4671: (283, 3539) -> 4927 (count 102)
merge 4672: (4455, 263) -> 4928 (count 102)
merge 4673: (532, 4440) -> 4929 (count 102)
merge 4674: (546, 257) -> 4930 (count 102)
merge 4675: (1979, 2800) -> 4931 (count 102)
merge 4676: (927, 109) -> 4932 (count 102)
merge 4677: (1945, 1110) -> 4933 (count 102)
merge 4678: (1793, 115) -> 4934 (count 102)
merge 4679: (4679, 4369) -> 4935 (count 102)
merge 4680: (531, 4599) -> 4936 (count 102)
merge 4681: (669, 4157) -> 4937 (count 102)
merge 4682: (451, 489) -> 4938 (count 102)
merge 4683: (451, 3724) -> 4939 (count 102)
merge 4684: (118, 288) -> 4940 (count 101)
merge 4685: (332, 264) -> 4941 (count 101)
merge 4686: (2129, 292) -> 4942 (count 101)
merge 4687: (297, 115) -> 4943 (count 101)
merge 4688: (56, 53) -> 4944 (count 101)
merge 4689: (48, 55) -> 4945 (count 101)
merge 4690: (48, 54) -> 4946 (count 101)
merge 4691: (494, 1236) -> 4947 (count 101)
merge 4692: (368, 101) -> 4948 (count 101)
merge 4693: (2169, 742) -> 4949 (count 101)
merge 4694: (4900, 1131) -> 4950 (count 101)
merge 4695: (4877, 4012) -> 4951 (count 101)
merge 4696: (4497, 3100) -> 4952 (count 101)
merge 4697: (703, 296) -> 4953 (count 101)
merge 4698: (4283, 2173) -> 4954 (count 101)
merge 4699: (1629, 116) -> 4955 (count 101)
merge 4700: (1943, 317) -> 4956 (count 101)
merge 4701: (1336, 1669) -> 4957 (count 101)
merge 4702: (1892, 296) -> 4958 (count 101)
merge 4703: (4589, 273) -> 4959 (count 101)
merge 4704: (409, 292) -> 4960 (count 101)
merge 4705: (472, 73) -> 4961 (count 101)
merge 4706: (446, 3634) -> 4962 (count 101)
merge 4707: (395, 2323) -> 4963 (count 101)
merge 4708: (118, 278) -> 4964 (count 100)
merge 4709: (309, 555) -> 4965 (count 100)
merge 4710: (116, 454) -> 4966 (count 100)
merge 4711: (587, 564) -> 4967 (count 100)
merge 4712: (4063, 121) -> 4968 (count 100)
merge 4713: (264, 1049) -> 4969 (count 100)
merge 4714: (4460, 104) -> 4970 (count 100)
merge 4715: (302, 278) -> 4971 (count 100)
merge 4716: (2240, 4784) -> 4972 (count 100)
merge 4717: (1973, 362) -> 4973 (count 100)
merge 4718: (1873, 2831) -> 4974 (count 100)
merge 4719: (2991, 2716) -> 4975 (count 100)
merge 4720: (2353, 314) -> 4976 (count 100)
merge 4721: (1319, 379) -> 4977 (count 100)
merge 4722: (3756, 121) -> 4978 (count 100)
merge 4723: (1513, 2464) -> 4979 (count 100)
merge 4724: (308, 2913) -> 4980 (count 100)
merge 4725: (1256, 4822) -> 4981 (count 100)
merge 4726: (536, 83) -> 4982 (count 100)
merge 4727: (121, 1867) -> 4983 (count 99)
merge 4728: (432, 257) -> 4984 (count 99)
merge 4729: (111, 83) -> 4985 (count 99)
merge 4730: (108, 1013) -> 4986 (count 99)
merge 4731: (421, 1685) -> 4987 (count 99)
merge 4732: (97, 105) -> 4988 (count 99)
merge 4733: (1231, 44) -> 4989 (count 99)
merge 4734: (1038, 2655) -> 4990 (count 99)
merge 4735: (2564, 2456) -> 4991 (count 99)
merge 4736: (1199, 4491) -> 4992 (count 99)
merge 4737: (585, 3661) -> 4993 (count 99)
merge 4738: (4672, 4892) -> 4994 (count 99)
merge 4739: (2306, 391) -> 4995 (count 99)
merge 4740: (2603, 286) -> 4996 (count 99)
merge 4741: (462, 1146) -> 4997 (count 99)
merge 4742: (3558, 377) -> 4998 (count 99)
merge 4743: (1957, 1135) -> 4999 (count 99)
merge 4744: (280, 3994) -> 5000 (count 99)
merge 4745: (932, 988) -> 5001 (count 99)
merge 4746: (1742, 264) -> 5002 (count 99)
merge 4747: (812, 869) -> 5003 (count 99)
merge 4748: (3016, 115) -> 5004 (count 99)
merge 4749: (1163, 754) -> 5005 (count 98)
merge 4750: (427, 278) -> 5006 (count 98)
merge 4751: (534, 4550) -> 5007 (count 98)
merge 4752: (4598, 307) -> 5008 (count 98)
merge 4753: (109, 1110) -> 5009 (count 98)
merge 4754: (2229, 383) -> 5010 (count 98)
merge 4755: (3801, 962) -> 5011 (count 98)
merge 4756: (84, 72) -> 5012 (count 98)
merge 4757: (82, 65) -> 5013 (count 98)
merge 4758: (74, 76) -> 5014 (count 98)
merge 4759: (36, 95) -> 5015 (count 98)
merge 4760: (1238, 1087) -> 5016 (count 98)
merge 4761: (1880, 344) -> 5017 (count 98)
merge 4762: (265, 2082) -> 5018 (count 98)
merge 4763: (4463, 611) -> 5019 (count 98)
merge 4764: (542, 962) -> 5020 (count 98)
merge 4765: (272, 112) -> 5021 (count 98)
merge 4766: (924, 4969) -> 5022 (count 98)
merge 4767: (639, 4891) -> 5023 (count 98)
merge 4768: (4357, 454) -> 5024 (count 98)
merge 4769: (752, 1719) -> 5025 (count 98)
merge 4770: (1360, 418) -> 5026 (count 98)
merge 4771: (3337, 1232) -> 5027 (count 98)
merge 4772: (4698, 564) -> 5028 (count 98)
merge 4773: (3109, 948) -> 5029 (count 98)
merge 4774: (290, 1049) -> 5030 (count 97)
merge 4775: (111, 361) -> 5031 (count 97)
merge 4776: (111, 1140) -> 5032 (count 97)
merge 4777: (335, 288) -> 5033 (count 97)
merge 4778: (555, 449) -> 5034 (count 97)
merge 4779: (2515, 386) -> 5035 (count 97)
merge 4780: (430, 1500) -> 5036 (count 97)
merge 4781: (73, 82) -> 5037 (count 97)
merge 4782: (72, 65) -> 5038 (count 97)
merge 4783: (69, 77) -> 5039 (count 97)
merge 4784: (494, 3054) -> 5040 (count 97)
merge 4785: (487, 4726) -> 5041 (count 97)
merge 4786: (990, 2029) -> 5042 (count 97)
merge 4787: (758, 3426) -> 5043 (count 97)
merge 4788: (3013, 1371) -> 5044 (count 97)
merge 4789: (924, 421) -> 5045 (count 97)
merge 4790: (3493, 3101) -> 5046 (count 97)
merge 4791: (330, 853) -> 5047 (count 97)
merge 4792: (4376, 3038) -> 5048 (count 97)
merge 4793: (930, 444) -> 5049 (count 97)
merge 4794: (268, 333) -> 5050 (count 97)
merge 4795: (1424, 5033) -> 5051 (count 97)
merge 4796: (459, 3880) -> 5052 (count 97)
merge 4797: (451, 691) -> 5053 (count 97)
merge 4798: (394, 45) -> 5054 (count 96)
merge 4799: (620, 401) -> 5055 (count 96)
merge 4800: (404, 326) -> 5056 (count 96)
merge 4801: (116, 2405) -> 5057 (count 96)
merge 4802: (257, 110) -> 5058 (count 96)
merge 4803: (111, 365) -> 5059 (count 96)
merge 4804: (277, 341) -> 5060 (count 96)
merge 4805: (106, 612) -> 5061 (count 96)
merge 4806: (2531, 269) -> 5062 (count 96)
merge 4807: (313, 369) -> 5063 (count 96)
merge 4808: (518, 45) -> 5064 (count 96)
merge 4809: (1141, 4427) -> 5065 (count 96)
merge 4810: (256, 264) -> 5066 (count 96)
merge 4811: (2943, 299) -> 5067 (count 96)
merge 4812: (272, 2040) -> 5068 (count 96)
merge 4813: (2545, 267) -> 5069 (count 96)
merge 4814: (303, 346) -> 5070 (count 96)
merge 4815: (1521, 4888) -> 5071 (count 96)
merge 4816: (281, 104) -> 5072 (count 96)
merge 4817: (1070, 109) -> 5073 (count 96)
merge 4818: (4557, 296) -> 5074 (count 96)
merge 4819: (1338, 482) -> 5075 (count 96)
merge 4820: (673, 264) -> 5076 (count 96)
merge 4821: (2682, 115) -> 5077 (count 96)
merge 4822: (646, 333) -> 5078 (count 96)
merge 4823: (378, 78) -> 5079 (count 96)
merge 4824: (481, 99) -> 5080 (count 96)
merge 4825: (470, 72) -> 5081 (count 96)
merge 4826: (125, 1400) -> 5082 (count 95)
merge 4827: (310, 120) -> 5083 (count 95)
merge 4828: (1012, 755) -> 5084 (count 95)
merge 4829: (112, 390) -> 5085 (count 95)
merge 4830: (2480, 286) -> 5086 (count 95)
merge 4831: (110, 358) -> 5087 (count 95)
merge 4832: (107, 115) -> 5088 (count 95)
merge 4833: (284, 286) -> 5089 (count 95)
merge 4834: (421, 1297) -> 5090 (count 95)
merge 4835: (269, 115) -> 5091 (count 95)
merge 4836: (452, 292) -> 5092 (count 95)
merge 4837: (41, 704) -> 5093 (count 95)
merge 4838: (1973, 344) -> 5094 (count 95)
merge 4839: (3529, 116) -> 5095 (count 95)
merge 4840: (370, 1760) -> 5096 (count 95)
merge 4841: (283, 3869) -> 5097 (count 95)
merge 4842: (2048, 401) -> 5098 (count 95)
merge 4843: (584, 5087) -> 5099 (count 95)
merge 4844: (274, 4184) -> 5100 (count 95)
merge 4845: (2349, 579) -> 5101 (count 95)
merge 4846: (1902, 720) -> 5102 (count 95)
merge 4847: (410, 1346) -> 5103 (count 95)
merge 4848: (410, 4112) -> 5104 (count 95)
merge 4849: (700, 465) -> 5105 (count 95)
merge 4850: (2874, 513) -> 5106 (count 95)
merge 4851: (657, 1896) -> 5107 (count 95)
merge 4852: (409, 364) -> 5108 (count 95)
merge 4853: (446, 1371) -> 5109 (count 95)
merge 4854: (366, 5030) -> 5110 (count 94)
merge 4855: (341, 853) -> 5111 (count 94)
merge 4856: (109, 4665) -> 5112 (count 94)
merge 4857: (289, 376) -> 5113 (count 94)
merge 4858: (282, 480) -> 5114 (count 94)
merge 4859: (269, 278) -> 5115 (count 94)
merge 4860: (729, 101) -> 5116 (count 94)
merge 4861: (2919, 2283) -> 5117 (count 94)
merge 4862: (4245, 69) -> 5118 (count 94)
merge 4863: (256, 119) -> 5119 (count 94)
merge 4864: (3997, 269) -> 5120 (count 94)
merge 4865: (4229, 4825) -> 5121 (count 94)
merge 4866: (1628, 3852) -> 5122 (count 94)
merge 4867: (406, 4551) -> 5123 (count 94)
merge 4868: (1169, 278) -> 5124 (count 94)
merge 4869: (283, 258) -> 5125 (count 94)
merge 4870: (4830, 5010) -> 5126 (count 94)
merge 4871: (584, 271) -> 5127 (count 94)
merge 4872: (1359, 276) -> 5128 (count 94)
merge 4873: (3904, 424) -> 5129 (count 94)
merge 4874: (268, 4092) -> 5130 (count 94)
merge 4875: (2128, 115) -> 5131 (count 94)
merge 4876: (291, 4168) -> 5132 (count 94)
merge 4877: (4023, 593) -> 5133 (count 94)
merge 4878: (5108, 2272) -> 5134 (count 94)
merge 4879: (415, 82) -> 5135 (count 94)
merge 4880: (492, 4346) -> 5136 (count 94)
merge 4881: (451, 4782) -> 5137 (count 94)
merge 4882: (436, 99) -> 5138 (count 94)
merge 4883: (125, 753) -> 5139 (count 93)
merge 4884: (4780, 1580) -> 5140 (count 93)
merge 4885: (115, 325) -> 5141 (count 93)
merge 4886: (108, 1770) -> 5142 (count 93)
merge 4887: (1939, 112) -> 5143 (count 93)
merge 4888: (297, 2563) -> 5144 (count 93)
merge 4889: (5062, 122) -> 5145 (count 93)
merge 4890: (98, 1861) -> 5146 (count 93)
merge 4891: (413, 5144) -> 5147 (count 93)
merge 4892: (5117, 5116) -> 5148 (count 93)
merge 4893: (57, 2688) -> 5149 (count 93)
merge 4894: (2870, 110) -> 5150 (count 93)
merge 4895: (4050, 296) -> 5151 (count 93)
merge 4896: (467, 4158) -> 5152 (count 93)
merge 4897: (1777, 278) -> 5153 (count 93)
merge 4898: (466, 4549) -> 5154 (count 93)
merge 4899: (2789, 1486) -> 5155 (count 93)
merge 4900: (283, 709) -> 5156 (count 93)
merge 4901: (1887, 278) -> 5157 (count 93)
merge 4902: (274, 2327) -> 5158 (count 93)
merge 4903: (3740, 270) -> 5159 (count 93)
merge 4904: (3454, 4511) -> 5160 (count 93)
merge 4905: (353, 118) -> 5161 (count 93)
merge 4906: (308, 4456) -> 5162 (count 93)
merge 4907: (2847, 2975) -> 5163 (count 93)
merge 4908: (384, 379) -> 5164 (count 93)
merge 4909: (646, 744) -> 5165 (count 93)
merge 4910: (524, 325) -> 5166 (count 93)
merge 4911: (125, 999) -> 5167 (count 92)
merge 4912: (414, 276) -> 5168 (count 92)
merge 4913: (630, 1341) -> 5169 (count 92)
merge 4914: (338, 663) -> 5170 (count 92)
merge 4915: (632, 286) -> 5171 (count 92)
merge 4916: (2913, 1604) -> 5172 (count 92)
merge 4917: (102, 450) -> 5173 (count 92)
merge 4918: (3960, 460) -> 5174 (count 92)
merge 4919: (264, 785) -> 5175 (count 92)
merge 4920: (83, 79) -> 5176 (count 92)
merge 4921: (71, 4146) -> 5177 (count 92)
merge 4922: (65, 2858) -> 5178 (count 92)
merge 4923: (48, 52) -> 5179 (count 92)
merge 4924: (1952, 5056) -> 5180 (count 92)
merge 4925: (487, 98) -> 5181 (count 92)
merge 4926: (1590, 678) -> 5182 (count 92)
merge 4927: (1781, 1120) -> 5183 (count 92)
merge 4928: (2226, 115) -> 5184 (count 92)
merge 4929: (857, 115) -> 5185 (count 92)
merge 4930: (4070, 270) -> 5186 (count 92)
merge 4931: (388, 2275) -> 5187 (count 92)
merge 4932: (1321, 893) -> 5188 (count 92)
merge 4933: (298, 1687) -> 5189 (count 92)
merge 4934: (298, 2014) -> 5190 (count 92)
merge 4935: (318, 319) -> 5191 (count 92)
merge 4936: (1033, 1810) -> 5192 (count 92)
merge 4937: (4554, 344) -> 5193 (count 92)
merge 4938: (1382, 292) -> 5194 (count 92)
merge 4939: (1563, 344) -> 5195 (count 92)
merge 4940: (3258, 3816) -> 5196 (count 92)
merge 4941: (337, 4800) -> 5197 (count 92)
merge 4942: (1824, 1787) -> 5198 (count 92)
merge 4943: (459, 2642) -> 5199 (count 92)
merge 4944: (613, 1167) -> 5200 (count 92)
merge 4945: (3109, 257) -> 5201 (count 92)
merge 4946: (409, 2599) -> 5202 (count 92)
merge 4947: (524, 1117) -> 5203 (count 92)
merge 4948: (2035, 373) -> 5204 (count 92)
merge 4949: (470, 3424) -> 5205 (count 92)
merge 4950: (125, 823) -> 5206 (count 91)
merge 4951: (125, 1225) -> 5207 (count 91)
merge 4952: (361, 105) -> 5208 (count 91)
merge 4953: (921, 497) -> 5209 (count 91)
merge 4954: (4642, 122) -> 5210 (count 91)
merge 4955: (258, 3944) -> 5211 (count 91)
merge 4956: (292, 273) -> 5212 (count 91)
merge 4957: (480, 110) -> 5213 (count 91)
merge 4958: (2030, 278) -> 5214 (count 91)
merge 4959: (266, 290) -> 5215 (count 91)
merge 4960: (1147, 278) -> 5216 (count 91)
merge 4961: (301, 342) -> 5217 (count 91)
merge 4962: (69, 110) -> 5218 (count 91)
merge 4963: (1331, 667) -> 5219 (count 91)
merge 4964: (502, 286) -> 5220 (count 91)
merge 4965: (543, 5060) -> 5221 (count 91)
merge 4966: (406, 301) -> 5222 (count 91)
merge 4967: (272, 322) -> 5223 (count 91)
merge 4968: (275, 4523) -> 5224 (count 91)
merge 4969: (375, 3725) -> 5225 (count 91)
merge 4970: (283, 3910) -> 5226 (count 91)
merge 4971: (462, 575) -> 5227 (count 91)
merge 4972: (762, 2605) -> 5228 (count 91)
merge 4973: (2667, 314) -> 5229 (count 91)
merge 4974: (1070, 5216) -> 5230 (count 91)
merge 4975: (2882, 286) -> 5231 (count 91)
merge 4976: (3794, 3413) -> 5232 (count 91)
merge 4977: (771, 2677) -> 5233 (count 91)
merge 4978: (353, 1840) -> 5234 (count 91)
merge 4979: (1754, 362) -> 5235 (count 91)
merge 4980: (1416, 1390) -> 5236 (count 91)
merge 4981: (268, 2604) -> 5237 (count 91)
merge 4982: (384, 121) -> 5238 (count 91)
merge 4983: (1927, 4605) -> 5239 (count 91)
merge 4984: (409, 65) -> 5240 (count 91)
merge 4985: (2035, 1032) -> 5241 (count 91)
merge 4986: (294, 94) -> 5242 (count 91)
merge 4987: (125, 45) -> 5243 (count 90)
merge 4988: (309, 344) -> 5244 (count 90)
merge 4989: (117, 97) -> 5245 (count 90)
merge 4990: (356, 112) -> 5246 (count 90)
merge 4991: (356, 4301) -> 5247 (count 90)
merge 4992: (416, 103) -> 5248 (count 90)
merge 4993: (1403, 763) -> 5249 (count 90)
merge 4994: (297, 849) -> 5250 (count 90)
merge 4995: (301, 104) -> 5251 (count 90)
merge 4996: (76, 67) -> 5252 (count 90)
merge 4997: (75, 5148) -> 5253 (count 90)
merge 4998: (5066, 5110) -> 5254 (count 90)
merge 4999: (1026, 3743) -> 5255 (count 90)
merge 5000: (2760, 314) -> 5256 (count 90)
merge 5001: (3680, 362) -> 5257 (count 90)
merge 5002: (918, 314) -> 5258 (count 90)
merge 5003: (5186, 593) -> 5259 (count 90)
merge 5004: (2871, 1055) -> 5260 (count 90)
merge 5005: (320, 465) -> 5261 (count 90)
merge 5006: (2038, 102) -> 5262 (count 90)
merge 5007: (330, 104) -> 5263 (count 90)
merge 5008: (2426, 286) -> 5264 (count 90)
merge 5009: (2438, 1978) -> 5265 (count 90)
merge 5010: (434, 5005) -> 5266 (count 90)
merge 5011: (4377, 116) -> 5267 (count 90)
merge 5012: (2281, 296) -> 5268 (count 90)
merge 5013: (3338, 3375) -> 5269 (count 90)
merge 5014: (472, 1077) -> 5270 (count 90)
merge 5015: (2231, 115) -> 5271 (count 90)
merge 5016: (436, 5118) -> 5272 (count 90)
merge 5017: (2593, 1864) -> 5273 (count 89)
merge 5018: (371, 121) -> 5274 (count 89)
merge 5019: (1809, 101) -> 5275 (count 89)
merge 5020: (341, 4149) -> 5276 (count 89)
merge 5021: (339, 299) -> 5277 (count 89)
merge 5022: (912, 589) -> 5278 (count 89)
merge 5023: (100, 282) -> 5279 (count 89)
merge 5024: (98, 4667) -> 5280 (count 89)
merge 5025: (271, 333) -> 5281 (count 89)
merge 5026: (76, 1117) -> 5282 (count 89)
merge 5027: (72, 393) -> 5283 (count 89)
merge 5028: (68, 105) -> 5284 (count 89)
merge 5029: (51, 55) -> 5285 (count 89)
merge 5030: (51, 52) -> 5286 (count 89)
merge 5031: (1347, 3863) -> 5287 (count 89)
merge 5032: (1347, 457) -> 5288 (count 89)
merge 5033: (1046, 2399) -> 5289 (count 89)
merge 5034: (256, 485) -> 5290 (count 89)
merge 5035: (256, 4846) -> 5291 (count 89)
merge 5036: (281, 1630) -> 5292 (count 89)
merge 5037: (608, 1346) -> 5293 (count 89)
merge 5038: (274, 267) -> 5294 (count 89)
merge 5039: (2020, 286) -> 5295 (count 89)
merge 5040: (2739, 2786) -> 5296 (count 89)
merge 5041: (2070, 362) -> 5297 (count 89)
merge 5042: (896, 4402) -> 5298 (count 89)
merge 5043: (4470, 3648) -> 5299 (count 89)
merge 5044: (1977, 299) -> 5300 (count 89)
merge 5045: (1961, 486) -> 5301 (count 89)
merge 5046: (492, 852) -> 5302 (count 89)
merge 5047: (470, 111) -> 5303 (count 89)
merge 5048: (122, 975) -> 5304 (count 88)
merge 5049: (115, 2831) -> 5305 (count 88)
merge 5050: (115, 421) -> 5306 (count 88)
merge 5051: (366, 116) -> 5307 (count 88)
merge 5052: (2029, 333) -> 5308 (count 88)
merge 5053: (270, 1864) -> 5309 (count 88)
merge 5054: (277, 663) -> 5310 (count 88)
merge 5055: (110, 663) -> 5311 (count 88)
merge 5056: (1820, 444) -> 5312 (count 88)
merge 5057: (4552, 2256) -> 5313 (count 88)
merge 5058: (684, 361) -> 5314 (count 88)
merge 5059: (729, 1012) -> 5315 (count 88)
merge 5060: (83, 3102) -> 5316 (count 88)
merge 5061: (4068, 115) -> 5317 (count 88)
merge 5062: (80, 2228) -> 5318 (count 88)
merge 5063: (76, 83) -> 5319 (count 88)
merge 5064: (2914, 115) -> 5320 (count 88)
merge 5065: (487, 3550) -> 5321 (count 88)
merge 5066: (3122, 110) -> 5322 (count 88)
merge 5067: (1955, 2023) -> 5323 (count 88)
merge 5068: (866, 4801) -> 5324 (count 88)
merge 5069: (440, 4367) -> 5325 (count 88)
merge 5070: (3773, 296) -> 5326 (count 88)
merge 5071: (1059, 523) -> 5327 (count 88)
merge 5072: (4155, 286) -> 5328 (count 88)
merge 5073: (274, 1600) -> 5329 (count 88)
merge 5074: (2101, 305) -> 5330 (count 88)
merge 5075: (1100, 116) -> 5331 (count 88)
merge 5076: (308, 522) -> 5332 (count 88)
merge 5077: (337, 4966) -> 5333 (count 88)
merge 5078: (2704, 982) -> 5334 (count 88)
merge 5079: (613, 380) -> 5335 (count 88)
merge 5080: (536, 65) -> 5336 (count 88)
merge 5081: (312, 286) -> 5337 (count 87)
merge 5082: (258, 3487) -> 5338 (count 87)
merge 5083: (101, 677) -> 5339 (count 87)
merge 5084: (100, 3235) -> 5340 (count 87)
merge 5085: (99, 774) -> 5341 (count 87)
merge 5086: (499, 3033) -> 5342 (count 87)
merge 5087: (97, 1120) -> 5343 (count 87)
merge 5088: (4347, 5008) -> 5344 (count 87)
merge 5089: (69, 87) -> 5345 (count 87)
merge 5090: (2292, 115) -> 5346 (count 87)
merge 5091: (1080, 1185) -> 5347 (count 87)
merge 5092: (3582, 1719) -> 5348 (count 87)
merge 5093: (2773, 2073) -> 5349 (count 87)
merge 5094: (4176, 1234) -> 5350 (count 87)
merge 5095: (1033, 4148) -> 5351 (count 87)
merge 5096: (1194, 961) -> 5352 (count 87)
merge 5097: (750, 115) -> 5353 (count 87)
merge 5098: (4616, 292) -> 5354 (count 87)
merge 5099: (330, 1683) -> 5355 (count 87)
merge 5100: (315, 98) -> 5356 (count 87)
merge 5101: (2426, 278) -> 5357 (count 87)
merge 5102: (274, 109) -> 5358 (count 87)
merge 5103: (2317, 3866) -> 5359 (count 87)
merge 5104: (1523, 565) -> 5360 (count 87)
merge 5105: (3420, 278) -> 5361 (count 87)
merge 5106: (710, 101) -> 5362 (count 87)
merge 5107: (360, 1500) -> 5363 (count 87)
merge 5108: (4540, 2848) -> 5364 (count 87)
merge 5109: (2487, 598) -> 5365 (count 87)
merge 5110: (459, 77) -> 5366 (count 87)
merge 5111: (5137, 278) -> 5367 (count 87)
merge 5112: (875, 52) -> 5368 (count 87)
merge 5113: (120, 121) -> 5369 (count 86)
merge 5114: (4913, 339) -> 5370 (count 86)
merge 5115: (258, 110) -> 5371 (count 86)
merge 5116: (4705, 339) -> 5372 (count 86)
merge 5117: (3882, 465) -> 5373 (count 86)
merge 5118: (99, 115) -> 5374 (count 86)
merge 5119: (4730, 418) -> 5375 (count 86)
merge 5120: (73, 335) -> 5376 (count 86)
merge 5121: (68, 1802) -> 5377 (count 86)
merge 5122: (765, 108) -> 5378 (count 86)
merge 5123: (265, 734) -> 5379 (count 86)
merge 5124: (596, 449) -> 5380 (count 86)
merge 5125: (605, 4757) -> 5381 (count 86)
merge 5126: (841, 334) -> 5382 (count 86)
merge 5127: (4534, 317) -> 5383 (count 86)
merge 5128: (1023, 386) -> 5384 (count 86)
merge 5129: (320, 3377) -> 5385 (count 86)
merge 5130: (1792, 314) -> 5386 (count 86)
merge 5131: (1176, 2401) -> 5387 (count 86)
merge 5132: (5073, 4889) -> 5388 (count 86)
merge 5133: (3893, 299) -> 5389 (count 86)
merge 5134: (3558, 3726) -> 5390 (count 86)
merge 5135: (3403, 286) -> 5391 (count 86)
merge 5136: (353, 4911) -> 5392 (count 86)
merge 5137: (4219, 2333) -> 5393 (count 86)
merge 5138: (4564, 314) -> 5394 (count 86)
merge 5139: (700, 575) -> 5395 (count 86)
merge 5140: (1376, 496) -> 5396 (count 86)
merge 5141: (2936, 671) -> 5397 (count 86)
merge 5142: (3025, 1704) -> 5398 (count 86)
merge 5143: (395, 2887) -> 5399 (count 86)
merge 5144: (3812, 279) -> 5400 (count 86)
merge 5145: (294, 91) -> 5401 (count 86)
merge 5146: (4644, 1284) -> 5402 (count 85)
merge 5147: (108, 333) -> 5403 (count 85)
merge 5148: (98, 420) -> 5404 (count 85)
merge 5149: (97, 305) -> 5405 (count 85)
merge 5150: (3200, 82) -> 5406 (count 85)
merge 5151: (78, 601) -> 5407 (count 85)
merge 5152: (69, 115) -> 5408 (count 85)
merge 5153: (36, 1053) -> 5409 (count 85)
merge 5154: (382, 4646) -> 5410 (count 85)
merge 5155: (1709, 292) -> 5411 (count 85)
merge 5156: (388, 4806) -> 5412 (count 85)
merge 5157: (786, 279) -> 5413 (count 85)
merge 5158: (298, 369) -> 5414 (count 85)
merge 5159: (1207, 551) -> 5415 (count 85)
merge 5160: (1967, 474) -> 5416 (count 85)
merge 5161: (283, 4256) -> 5417 (count 85)
merge 5162: (3777, 3868) -> 5418 (count 85)
merge 5163: (2426, 115) -> 5419 (count 85)
merge 5164: (1877, 296) -> 5420 (count 85)
merge 5165: (2010, 742) -> 5421 (count 85)
merge 5166: (2453, 299) -> 5422 (count 85)
merge 5167: (1384, 988) -> 5423 (count 85)
merge 5168: (268, 4688) -> 5424 (count 85)
merge 5169: (3697, 2310) -> 5425 (count 85)
merge 5170: (472, 4864) -> 5426 (count 85)
merge 5171: (3317, 365) -> 5427 (count 85)
merge 5172: (1111, 84) -> 5428 (count 85)
merge 5173: (470, 3748) -> 5429 (count 85)
merge 5174: (1490, 3635) -> 5430 (count 85)
merge 5175: (3956, 3538) -> 5431 (count 85)
merge 5176: (436, 117) -> 5432 (count 85)
merge 5177: (875, 53) -> 5433 (count 85)
merge 5178: (309, 105) -> 5434 (count 84)
merge 5179: (309, 386) -> 5435 (count 84)
merge 5180: (699, 276) -> 5436 (count 84)
merge 5181: (258, 4804) -> 5437 (count 84)
merge 5182: (258, 102) -> 5438 (count 84)
merge 5183: (258, 569) -> 5439 (count 84)
merge 5184: (258, 482) -> 5440 (count 84)
merge 5185: (1864, 264) -> 5441 (count 84)
merge 5186: (358, 105) -> 5442 (count 84)
merge 5187: (98, 101) -> 5443 (count 84)
merge 5188: (4868, 1737) -> 5444 (count 84)
merge 5189: (80, 310) -> 5445 (count 84)
merge 5190: (3677, 86) -> 5446 (count 84)
merge 5191: (67, 70) -> 5447 (count 84)
merge 5192: (1141, 668) -> 5448 (count 84)
merge 5193: (1238, 4522) -> 5449 (count 84)
merge 5194: (4409, 3864) -> 5450 (count 84)
merge 5195: (4899, 314) -> 5451 (count 84)
merge 5196: (298, 314) -> 5452 (count 84)
merge 5197: (1626, 961) -> 5453 (count 84)
merge 5198: (1037, 2095) -> 5454 (count 84)
merge 5199: (2353, 594) -> 5455 (count 84)
merge 5200: (2048, 449) -> 5456 (count 84)
merge 5201: (578, 961) -> 5457 (count 84)
merge 5202: (508, 1609) -> 5458 (count 84)
merge 5203: (3972, 465) -> 5459 (count 84)
merge 5204: (1184, 115) -> 5460 (count 84)
merge 5205: (3837, 513) -> 5461 (count 84)
merge 5206: (5102, 101) -> 5462 (count 84)
merge 5207: (291, 561) -> 5463 (count 84)
merge 5208: (512, 5009) -> 5464 (count 84)
merge 5209: (3759, 825) -> 5465 (count 84)
merge 5210: (415, 277) -> 5466 (count 84)
merge 5211: (5430, 278) -> 5467 (count 84)
merge 5212: (121, 99) -> 5468 (count 83)
merge 5213: (380, 2345) -> 5469 (count 83)
merge 5214: (332, 527) -> 5470 (count 83)
merge 5215: (115, 2116) -> 5471 (count 83)
merge 5216: (326, 276) -> 5472 (count 83)
merge 5217: (258, 1969) -> 5473 (count 83)
merge 5218: (1947, 114) -> 5474 (count 83)
merge 5219: (299, 286) -> 5475 (count 83)
merge 5220: (3273, 2637) -> 5476 (count 83)
merge 5221: (5315, 2175) -> 5477 (count 83)
merge 5222: (711, 115) -> 5478 (count 83)
merge 5223: (85, 88) -> 5479 (count 83)
merge 5224: (84, 556) -> 5480 (count 83)
merge 5225: (78, 115) -> 5481 (count 83)
merge 5226: (73, 115) -> 5482 (count 83)
merge 5227: (67, 65) -> 5483 (count 83)
merge 5228: (1141, 296) -> 5484 (count 83)
merge 5229: (467, 3867) -> 5485 (count 83)
merge 5230: (265, 107) -> 5486 (count 83)
merge 5231: (265, 284) -> 5487 (count 83)
merge 5232: (388, 404) -> 5488 (count 83)
merge 5233: (1034, 2902) -> 5489 (count 83)
merge 5234: (3690, 314) -> 5490 (count 83)
merge 5235: (2057, 1630) -> 5491 (count 83)
merge 5236: (2430, 611) -> 5492 (count 83)
merge 5237: (2083, 1928) -> 5493 (count 83)
merge 5238: (924, 259) -> 5494 (count 83)
merge 5239: (2950, 116) -> 5495 (count 83)
merge 5240: (3629, 339) -> 5496 (count 83)
merge 5241: (4977, 401) -> 5497 (count 83)
merge 5242: (3043, 835) -> 5498 (count 83)
merge 5243: (353, 3379) -> 5499 (count 83)
merge 5244: (1100, 273) -> 5500 (count 83)
merge 5245: (1224, 2002) -> 5501 (count 83)
merge 5246: (759, 5405) -> 5502 (count 83)
merge 5247: (268, 1606) -> 5503 (count 83)
merge 5248: (291, 267) -> 5504 (count 83)
merge 5249: (4818, 344) -> 5505 (count 83)
merge 5250: (3695, 344) -> 5506 (count 83)
merge 5251: (409, 1456) -> 5507 (count 83)
merge 5252: (2494, 746) -> 5508 (count 83)
merge 5253: (395, 267) -> 5509 (count 83)
merge 5254: (4575, 292) -> 5510 (count 82)
merge 5255: (4524, 5441) -> 5511 (count 82)
merge 5256: (83, 658) -> 5512 (count 82)
merge 5257: (76, 485) -> 5513 (count 82)
merge 5258: (368, 4077) -> 5514 (count 82)
merge 5259: (4742, 4626) -> 5515 (count 82)
merge 5260: (4373, 289) -> 5516 (count 82)
merge 5261: (560, 3144) -> 5517 (count 82)
merge 5262: (894, 333) -> 5518 (count 82)
merge 5263: (2145, 791) -> 5519 (count 82)
merge 5264: (924, 4114) -> 5520 (count 82)
merge 5265: (320, 271) -> 5521 (count 82)
merge 5266: (4055, 444) -> 5522 (count 82)
merge 5267: (2568, 1284) -> 5523 (count 82)
merge 5268: (1660, 278) -> 5524 (count 82)
merge 5269: (295, 380) -> 5525 (count 82)
merge 5270: (3181, 1981) -> 5526 (count 82)
merge 5271: (3327, 634) -> 5527 (count 82)
merge 5272: (1841, 571) -> 5528 (count 82)
merge 5273: (268, 4917) -> 5529 (count 82)
merge 5274: (291, 1989) -> 5530 (count 82)
merge 5275: (657, 266) -> 5531 (count 82)
merge 5276: (472, 5479) -> 5532 (count 82)
merge 5277: (983, 4170) -> 5533 (count 82)
merge 5278: (395, 69) -> 5534 (count 82)
merge 5279: (470, 756) -> 5535 (count 82)
merge 5280: (1276, 2707) -> 5536 (count 81)
merge 5281: (263, 103) -> 5537 (count 81)
merge 5282: (263, 5214) -> 5538 (count 81)
merge 5283: (652, 551) -> 5539 (count 81)
merge 5284: (108, 110) -> 5540 (count 81)
merge 5285: (108, 264) -> 5541 (count 81)
merge 5286: (107, 501) -> 5542 (count 81)
merge 5287: (282, 115) -> 5543 (count 81)
merge 5288: (364, 284) -> 5544 (count 81)
merge 5289: (300, 5442) -> 5545 (count 81)
merge 5290: (4067, 278) -> 5546 (count 81)
merge 5291: (2232, 999) -> 5547 (count 81)
merge 5292: (85, 110) -> 5548 (count 81)
merge 5293: (81, 2096) -> 5549 (count 81)
merge 5294: (66, 101) -> 5550 (count 81)
merge 5295: (4094, 115) -> 5551 (count 81)
merge 5296: (4668, 333) -> 5552 (count 81)
merge 5297: (3364, 1875) -> 5553 (count 81)
merge 5298: (1233, 513) -> 5554 (count 81)
merge 5299: (2056, 1916) -> 5555 (count 81)
merge 5300: (786, 309) -> 5556 (count 81)
merge 5301: (3221, 357) -> 5557 (count 81)
merge 5302: (5019, 734) -> 5558 (count 81)
merge 5303: (370, 4136) -> 5559 (count 81)
merge 5304: (797, 3800) -> 5560 (count 81)
merge 5305: (1476, 569) -> 5561 (count 81)
merge 5306: (3336, 1407) -> 5562 (count 81)
merge 5307: (1925, 2800) -> 5563 (count 81)
merge 5308: (1318, 386) -> 5564 (count 81)
merge 5309: (1506, 101) -> 5565 (count 81)
merge 5310: (2472, 5538) -> 5566 (count 81)
merge 5311: (4317, 1654) -> 5567 (count 81)
merge 5312: (384, 110) -> 5568 (count 81)
merge 5313: (459, 2321) -> 5569 (count 81)
merge 5314: (524, 87) -> 5570 (count 81)
merge 5315: (470, 316) -> 5571 (count 81)
merge 5316: (436, 73) -> 5572 (count 81)
merge 5317: (32, 126) -> 5573 (count 81)
merge 5318: (1291, 667) -> 5574 (count 80)
merge 5319: (311, 362) -> 5575 (count 80)
merge 5320: (1072, 449) -> 5576 (count 80)
merge 5321: (2323, 1407) -> 5577 (count 80)
merge 5322: (277, 115) -> 5578 (count 80)
merge 5323: (475, 278) -> 5579 (count 80)
merge 5324: (99, 593) -> 5580 (count 80)
merge 5325: (4707, 317) -> 5581 (count 80)
merge 5326: (77, 65) -> 5582 (count 80)
merge 5327: (2744, 3079) -> 5583 (count 80)
merge 5328: (1249, 631) -> 5584 (count 80)
merge 5329: (990, 4685) -> 5585 (count 80)
merge 5330: (1521, 3898) -> 5586 (count 80)
merge 5331: (1597, 444) -> 5587 (count 80)
merge 5332: (1364, 458) -> 5588 (count 80)
merge 5333: (2658, 5544) -> 5589 (count 80)
merge 5334: (1379, 383) -> 5590 (count 80)
merge 5335: (3507, 477) -> 5591 (count 80)
merge 5336: (1538, 296) -> 5592 (count 80)
merge 5337: (1938, 2677) -> 5593 (count 80)
merge 5338: (1680, 2061) -> 5594 (count 80)
merge 5339: (3197, 1864) -> 5595 (count 80)
merge 5340: (3328, 115) -> 5596 (count 80)
merge 5341: (337, 5210) -> 5597 (count 80)
merge 5342: (378, 5145) -> 5598 (count 80)
merge 5343: (536, 82) -> 5599 (count 80)
merge 5344: (435, 3502) -> 5600 (count 80)
merge 5345: (5204, 2399) -> 5601 (count 80)
merge 5346: (119, 278) -> 5602 (count 79)
merge 5347: (4940, 2818) -> 5603 (count 79)
merge 5348: (115, 336) -> 5604 (count 79)
merge 5349: (890, 116) -> 5605 (count 79)
merge 5350: (534, 2042) -> 5606 (count 79)
merge 5351: (773, 962) -> 5607 (count 79)
merge 5352: (1164, 121) -> 5608 (count 79)
merge 5353: (297, 278) -> 5609 (count 79)
merge 5354: (300, 107) -> 5610 (count 79)
merge 5355: (83, 1128) -> 5611 (count 79)
merge 5356: (3017, 694) -> 5612 (count 79)
merge 5357: (55, 54) -> 5613 (count 79)
merge 5358: (265, 5275) -> 5614 (count 79)
merge 5359: (3372, 742) -> 5615 (count 79)
merge 5360: (5413, 955) -> 5616 (count 79)
merge 5361: (298, 358) -> 5617 (count 79)
merge 5362: (1628, 1502) -> 5618 (count 79)
merge 5363: (3392, 579) -> 5619 (count 79)
merge 5364: (2762, 362) -> 5620 (count 79)
merge 5365: (1873, 794) -> 5621 (count 79)
merge 5366: (1310, 4209) -> 5622 (count 79)
merge 5367: (283, 309) -> 5623 (count 79)
merge 5368: (586, 3347) -> 5624 (count 79)
merge 5369: (1484, 273) -> 5625 (count 79)
merge 5370: (471, 2562) -> 5626 (count 79)
merge 5371: (1003, 3311) -> 5627 (count 79)
merge 5372: (1746, 115) -> 5628 (count 79)
merge 5373: (2835, 386) -> 5629 (count 79)
merge 5374: (3169, 115) -> 5630 (count 79)
merge 5375: (3432, 282) -> 5631 (count 79)
merge 5376: (771, 391) -> 5632 (count 79)
merge 5377: (378, 5511) -> 5633 (count 79)
merge 5378: (459, 5545) -> 5634 (count 79)
merge 5379: (409, 2489) -> 5635 (count 79)
merge 5380: (451, 114) -> 5636 (count 79)
merge 5381: (3078, 465) -> 5637 (count 79)
merge 5382: (470, 792) -> 5638 (count 79)
merge 5383: (921, 628) -> 5639 (count 78)
merge 5384: (328, 1251) -> 5640 (count 78)
merge 5385: (310, 1171) -> 5641 (count 78)
merge 5386: (5306, 3539) -> 5642 (count 78)
merge 5387: (112, 121) -> 5643 (count 78)
merge 5388: (1585, 292) -> 5644 (count 78)
merge 5389: (107, 1055) -> 5645 (count 78)
merge 5390: (282, 951) -> 5646 (count 78)
merge 5391: (266, 286) -> 5647 (count 78)
merge 5392: (88, 763) -> 5648 (count 78)
merge 5393: (2289, 5371) -> 5649 (count 78)
merge 5394: (2513, 65) -> 5650 (count 78)
merge 5395: (426, 774) -> 5651 (count 78)
merge 5396: (4870, 5245) -> 5652 (count 78)
merge 5397: (3147, 121) -> 5653 (count 78)
merge 5398: (2771, 365) -> 5654 (count 78)
merge 5399: (3359, 276) -> 5655 (count 78)
merge 5400: (2723, 899) -> 5656 (count 78)
merge 5401: (2754, 278) -> 5657 (count 78)
merge 5402: (997, 1949) -> 5658 (count 78)
merge 5403: (4331, 641) -> 5659 (count 78)
merge 5404: (3223, 2456) -> 5660 (count 78)
merge 5405: (428, 286) -> 5661 (count 78)
merge 5406: (2060, 278) -> 5662 (count 78)
merge 5407: (636, 109) -> 5663 (count 78)
merge 5408: (1381, 653) -> 5664 (count 78)
merge 5409: (3740, 2665) -> 5665 (count 78)
merge 5410: (476, 282) -> 5666 (count 78)
merge 5411: (573, 3983) -> 5667 (count 78)
merge 5412: (2505, 278) -> 5668 (count 78)
merge 5413: (409, 776) -> 5669 (count 78)
merge 5414: (492, 263) -> 5670 (count 78)
merge 5415: (451, 5114) -> 5671 (count 78)
merge 5416: (524, 3118) -> 5672 (count 78)
merge 5417: (112, 3380) -> 5673 (count 77)
merge 5418: (347, 4758) -> 5674 (count 77)
merge 5419: (736, 376) -> 5675 (count 77)
merge 5420: (111, 2793) -> 5676 (count 77)
merge 5421: (106, 1870) -> 5677 (count 77)
merge 5422: (258, 362) -> 5678 (count 77)
merge 5423: (2888, 1352) -> 5679 (count 77)
merge 5424: (445, 365) -> 5680 (count 77)
merge 5425: (684, 4210) -> 5681 (count 77)
merge 5426: (99, 773) -> 5682 (count 77)
merge 5427: (301, 2451) -> 5683 (count 77)
merge 5428: (302, 449) -> 5684 (count 77)
merge 5429: (422, 40) -> 5685 (count 77)
merge 5430: (89, 5012) -> 5686 (count 77)
merge 5431: (5686, 4198) -> 5687 (count 77)
merge 5432: (80, 115) -> 5688 (count 77)
merge 5433: (78, 71) -> 5689 (count 77)
merge 5434: (76, 81) -> 5690 (count 77)
merge 5435: (48, 49) -> 5691 (count 77)
merge 5436: (1973, 296) -> 5692 (count 77)
merge 5437: (487, 362) -> 5693 (count 77)
merge 5438: (304, 109) -> 5694 (count 77)
merge 5439: (4351, 1949) -> 5695 (count 77)
merge 5440: (256, 655) -> 5696 (count 77)
merge 5441: (440, 535) -> 5697 (count 77)
merge 5442: (2305, 314) -> 5698 (count 77)
merge 5443: (1489, 568) -> 5699 (count 77)
merge 5444: (272, 1471) -> 5700 (count 77)
merge 5445: (283, 5092) -> 5701 (count 77)
merge 5446: (2058, 1103) -> 5702 (count 77)
merge 5447: (803, 386) -> 5703 (count 77)
merge 5448: (2118, 1544) -> 5704 (count 77)
merge 5449: (4932, 361) -> 5705 (count 77)
merge 5450: (3197, 116) -> 5706 (count 77)
merge 5451: (1782, 1525) -> 5707 (count 77)
merge 5452: (1717, 5031) -> 5708 (count 77)
merge 5453: (360, 41) -> 5709 (count 77)
merge 5454: (381, 4144) -> 5710 (count 77)
merge 5455: (378, 907) -> 5711 (count 77)
merge 5456: (459, 5687) -> 5712 (count 77)
merge 5457: (536, 1783) -> 5713 (count 77)
merge 5458: (409, 271) -> 5714 (count 77)
merge 5459: (395, 299) -> 5715 (count 77)
merge 5460: (470, 566) -> 5716 (count 77)
merge 5461: (119, 321) -> 5717 (count 76)
merge 5462: (389, 441) -> 5718 (count 76)
merge 5463: (4941, 401) -> 5719 (count 76)
merge 5464: (117, 276) -> 5720 (count 76)
merge 5465: (4384, 278) -> 5721 (count 76)
merge 5466: (1747, 336) -> 5722 (count 76)
merge 5467: (279, 103) -> 5723 (count 76)
merge 5468: (110, 111) -> 5724 (count 76)
merge 5469: (720, 278) -> 5725 (count 76)
merge 5470: (1206, 299) -> 5726 (count 76)
merge 5471: (2851, 3144) -> 5727 (count 76)
merge 5472: (5683, 111) -> 5728 (count 76)
merge 5473: (302, 869) -> 5729 (count 76)
merge 5474: (76, 3636) -> 5730 (count 76)
merge 5475: (70, 3842) -> 5731 (count 76)
merge 5476: (66, 1313) -> 5732 (count 76)
merge 5477: (65, 1485) -> 5733 (count 76)
merge 5478: (43, 36) -> 5734 (count 76)
merge 5479: (1214, 615) -> 5735 (count 76)
merge 5480: (5379, 314) -> 5736 (count 76)
merge 5481: (318, 116) -> 5737 (count 76)
merge 5482: (2079, 278) -> 5738 (count 76)
merge 5483: (2083, 2156) -> 5739 (count 76)
merge 5484: (320, 5370) -> 5740 (count 76)
merge 5485: (4556, 742) -> 5741 (count 76)
merge 5486: (608, 3548) -> 5742 (count 76)
merge 5487: (584, 569) -> 5743 (count 76)
merge 5488: (315, 653) -> 5744 (count 76)
merge 5489: (1794, 2229) -> 5745 (count 76)
merge 5490: (1014, 2002) -> 5746 (count 76)
merge 5491: (2785, 2350) -> 5747 (count 76)
merge 5492: (3953, 115) -> 5748 (count 76)
merge 5493: (1742, 2659) -> 5749 (count 76)
merge 5494: (472, 70) -> 5750 (count 76)
merge 5495: (446, 111) -> 5751 (count 76)
merge 5496: (102, 391) -> 5752 (count 75)
merge 5497: (475, 286) -> 5753 (count 75)
merge 5498: (301, 1568) -> 5754 (count 75)
merge 5499: (2289, 345) -> 5755 (count 75)
merge 5500: (81, 77) -> 5756 (count 75)
merge 5501: (1593, 2393) -> 5757 (count 75)
merge 5502: (272, 5170) -> 5758 (count 75)
merge 5503: (1520, 569) -> 5759 (count 75)
merge 5504: (723, 322) -> 5760 (count 75)
merge 5505: (1521, 3362) -> 5761 (count 75)
merge 5506: (2214, 3032) -> 5762 (count 75)
merge 5507: (4020, 579) -> 5763 (count 75)
merge 5508: (1014, 258) -> 5764 (count 75)
merge 5509: (2454, 513) -> 5765 (count 75)
merge 5510: (1224, 454) -> 5766 (count 75)
merge 5511: (3386, 742) -> 5767 (count 75)
merge 5512: (1977, 5675) -> 5768 (count 75)
merge 5513: (5598, 5642) -> 5769 (count 75)
merge 5514: (378, 659) -> 5770 (count 75)
merge 5515: (1961, 4546) -> 5771 (count 75)
merge 5516: (446, 734) -> 5772 (count 75)
merge 5517: (3466, 299) -> 5773 (count 75)
merge 5518: (395, 301) -> 5774 (count 75)
merge 5519: (436, 830) -> 5775 (count 75)
merge 5520: (125, 952) -> 5776 (count 74)
merge 5521: (125, 46) -> 5777 (count 74)
merge 5522: (119, 264) -> 5778 (count 74)
merge 5523: (361, 358) -> 5779 (count 74)
merge 5524: (261, 288) -> 5780 (count 74)
merge 5525: (116, 556) -> 5781 (count 74)
merge 5526: (116, 756) -> 5782 (count 74)
merge 5527: (115, 1087) -> 5783 (count 74)
merge 5528: (4781, 2073) -> 5784 (count 74)
merge 5529: (3220, 1030) -> 5785 (count 74)
merge 5530: (104, 2676) -> 5786 (count 74)
merge 5531: (266, 397) -> 5787 (count 74)
merge 5532: (392, 1427) -> 5788 (count 74)
merge 5533: (100, 276) -> 5789 (count 74)
merge 5534: (3273, 1016) -> 5790 (count 74)
merge 5535: (98, 322) -> 5791 (count 74)
merge 5536: (456, 286) -> 5792 (count 74)
merge 5537: (90, 2457) -> 5793 (count 74)
merge 5538: (5793, 5730) -> 5794 (count 74)
merge 5539: (77, 810) -> 5795 (count 74)
merge 5540: (76, 5728) -> 5796 (count 74)
merge 5541: (73, 77) -> 5797 (count 74)
merge 5542: (287, 114) -> 5798 (count 74)
merge 5543: (2240, 5580) -> 5799 (count 74)
merge 5544: (1880, 444) -> 5800 (count 74)
merge 5545: (2672, 1461) -> 5801 (count 74)
merge 5546: (272, 458) -> 5802 (count 74)
merge 5547: (1001, 1339) -> 5803 (count 74)
merge 5548: (281, 4386) -> 5804 (count 74)
merge 5549: (281, 1948) -> 5805 (count 74)
merge 5550: (2640, 317) -> 5806 (count 74)
merge 5551: (274, 339) -> 5807 (count 74)
merge 5552: (295, 1410) -> 5808 (count 74)
merge 5553: (5000, 278) -> 5809 (count 74)
merge 5554: (3326, 296) -> 5810 (count 74)
merge 5555: (2318, 296) -> 5811 (count 74)
merge 5556: (308, 4778) -> 5812 (count 74)
merge 5557: (2675, 115) -> 5813 (count 74)
merge 5558: (5566, 564) -> 5814 (count 74)
merge 5559: (1558, 336) -> 5815 (count 74)
merge 5560: (531, 116) -> 5816 (count 74)
merge 5561: (796, 821) -> 5817 (count 74)
merge 5562: (646, 565) -> 5818 (count 74)
merge 5563: (378, 72) -> 5819 (count 74)
merge 5564: (459, 263) -> 5820 (count 74)
merge 5565: (3330, 269) -> 5821 (count 74)
merge 5566: (3546, 4270) -> 5822 (count 74)
merge 5567: (1244, 346) -> 5823 (count 74)
merge 5568: (32, 122) -> 5824 (count 74)
merge 5569: (341, 121) -> 5825 (count 73)
merge 5570: (289, 258) -> 5826 (count 73)
merge 5571: (106, 1065) -> 5827 (count 73)
merge 5572: (2080, 84) -> 5828 (count 73)
merge 5573: (74, 4404) -> 5829 (count 73)
merge 5574: (69, 365) -> 5830 (count 73)
merge 5575: (67, 79) -> 5831 (count 73)
merge 5576: (66, 111) -> 5832 (count 73)
merge 5577: (2921, 386) -> 5833 (count 73)
merge 5578: (990, 112) -> 5834 (count 73)
merge 5579: (4854, 278) -> 5835 (count 73)
merge 5580: (1905, 312) -> 5836 (count 73)
merge 5581: (526, 5034) -> 5837 (count 73)
merge 5582: (1180, 264) -> 5838 (count 73)
merge 5583: (586, 5342) -> 5839 (count 73)
merge 5584: (1932, 115) -> 5840 (count 73)
merge 5585: (4017, 271) -> 5841 (count 73)
merge 5586: (3952, 277) -> 5842 (count 73)
merge 5587: (1610, 4755) -> 5843 (count 73)
merge 5588: (5744, 2683) -> 5844 (count 73)
merge 5589: (661, 288) -> 5845 (count 73)
merge 5590: (4585, 357) -> 5846 (count 73)
merge 5591: (4141, 2445) -> 5847 (count 73)
merge 5592: (1184, 564) -> 5848 (count 73)
merge 5593: (4338, 3841) -> 5849 (count 73)
merge 5594: (417, 379) -> 5850 (count 73)
merge 5595: (268, 109) -> 5851 (count 73)
merge 5596: (814, 286) -> 5852 (count 73)
merge 5597: (399, 103) -> 5853 (count 73)
merge 5598: (1396, 296) -> 5854 (count 73)
merge 5599: (378, 278) -> 5855 (count 73)
merge 5600: (5199, 4081) -> 5856 (count 73)
merge 5601: (459, 685) -> 5857 (count 73)
merge 5602: (409, 346) -> 5858 (count 73)
merge 5603: (409, 4762) -> 5859 (count 73)
merge 5604: (446, 4578) -> 5860 (count 73)
merge 5605: (4963, 1274) -> 5861 (count 73)
merge 5606: (395, 5213) -> 5862 (count 73)
merge 5607: (470, 300) -> 5863 (count 73)
merge 5608: (436, 3348) -> 5864 (count 73)
merge 5609: (125, 93) -> 5865 (count 72)
merge 5610: (352, 257) -> 5866 (count 72)
merge 5611: (119, 787) -> 5867 (count 72)
merge 5612: (117, 296) -> 5868 (count 72)
merge 5613: (3175, 276) -> 5869 (count 72)
merge 5614: (463, 266) -> 5870 (count 72)
merge 5615: (2283, 278) -> 5871 (count 72)
merge 5616: (106, 5870) -> 5872 (count 72)
merge 5617: (258, 5469) -> 5873 (count 72)
merge 5618: (259, 522) -> 5874 (count 72)
merge 5619: (1939, 5090) -> 5875 (count 72)
merge 5620: (266, 962) -> 5876 (count 72)
merge 5621: (572, 2488) -> 5877 (count 72)
merge 5622: (525, 276) -> 5878 (count 72)
merge 5623: (99, 4865) -> 5879 (count 72)
merge 5624: (98, 309) -> 5880 (count 72)
merge 5625: (882, 276) -> 5881 (count 72)
merge 5626: (1211, 307) -> 5882 (count 72)
merge 5627: (54, 54) -> 5883 (count 72)
merge 5628: (53, 55) -> 5884 (count 72)
merge 5629: (640, 1665) -> 5885 (count 72)
merge 5630: (1154, 325) -> 5886 (count 72)
merge 5631: (1952, 603) -> 5887 (count 72)
merge 5632: (886, 299) -> 5888 (count 72)
merge 5633: (5324, 267) -> 5889 (count 72)
merge 5634: (894, 344) -> 5890 (count 72)
merge 5635: (936, 278) -> 5891 (count 72)
merge 5636: (993, 1229) -> 5892 (count 72)
merge 5637: (320, 5477) -> 5893 (count 72)
merge 5638: (5100, 1427) -> 5894 (count 72)
merge 5639: (1338, 568) -> 5895 (count 72)
merge 5640: (3337, 570) -> 5896 (count 72)
merge 5641: (280, 344) -> 5897 (count 72)
merge 5642: (5050, 112) -> 5898 (count 72)
merge 5643: (4586, 336) -> 5899 (count 72)
merge 5644: (4819, 1087) -> 5900 (count 72)
merge 5645: (3045, 115) -> 5901 (count 72)
merge 5646: (524, 77) -> 5902 (count 72)
merge 5647: (435, 1536) -> 5903 (count 72)
merge 5648: (395, 259) -> 5904 (count 72)
merge 5649: (1822, 92) -> 5905 (count 72)
merge 5650: (3339, 278) -> 5906 (count 71)
merge 5651: (432, 948) -> 5907 (count 71)
merge 5652: (464, 112) -> 5908 (count 71)
merge 5653: (112, 458) -> 5909 (count 71)
merge 5654: (112, 314) -> 5910 (count 71)
merge 5655: (5785, 2272) -> 5911 (count 71)
merge 5656: (258, 121) -> 5912 (count 71)
merge 5657: (276, 3866) -> 5913 (count 71)
merge 5658: (286, 383) -> 5914 (count 71)
merge 5659: (756, 117) -> 5915 (count 71)
merge 5660: (69, 474) -> 5916 (count 71)
merge 5661: (52, 54) -> 5917 (count 71)
merge 5662: (45, 41) -> 5918 (count 71)
merge 5663: (842, 3768) -> 5919 (count 71)
merge 5664: (585, 109) -> 5920 (count 71)
merge 5665: (4332, 362) -> 5921 (count 71)
merge 5666: (343, 5869) -> 5922 (count 71)
merge 5667: (608, 792) -> 5923 (count 71)
merge 5668: (1259, 5874) -> 5924 (count 71)
merge 5669: (5263, 1110) -> 5925 (count 71)
merge 5670: (2020, 278) -> 5926 (count 71)
merge 5671: (5845, 1843) -> 5927 (count 71)
merge 5672: (1538, 278) -> 5928 (count 71)
merge 5673: (3326, 444) -> 5929 (count 71)
merge 5674: (353, 5061) -> 5930 (count 71)
merge 5675: (410, 288) -> 5931 (count 71)
merge 5676: (410, 5729) -> 5932 (count 71)
merge 5677: (541, 5035) -> 5933 (count 71)
merge 5678: (5503, 1334) -> 5934 (count 71)
merge 5679: (291, 269) -> 5935 (count 71)
merge 5680: (2505, 276) -> 5936 (count 71)
merge 5681: (384, 1358) -> 5937 (count 71)
merge 5682: (613, 112) -> 5938 (count 71)
merge 5683: (481, 115) -> 5939 (count 71)
merge 5684: (524, 80) -> 5940 (count 71)
merge 5685: (435, 1087) -> 5941 (count 71)
merge 5686: (5863, 2699) -> 5942 (count 71)
merge 5687: (470, 5273) -> 5943 (count 71)
merge 5688: (470, 627) -> 5944 (count 71)
merge 5689: (436, 109) -> 5945 (count 71)
merge 5690: (119, 2082) -> 5946 (count 70)
merge 5691: (2248, 286) -> 5947 (count 70)
merge 5692: (1291, 362) -> 5948 (count 70)
merge 5693: (380, 921) -> 5949 (count 70)
merge 5694: (5949, 1119) -> 5950 (count 70)
merge 5695: (342, 100) -> 5951 (count 70)
merge 5696: (522, 482) -> 5952 (count 70)
merge 5697: (4439, 105) -> 5953 (count 70)
merge 5698: (114, 301) -> 5954 (count 70)
merge 5699: (111, 985) -> 5955 (count 70)
merge 5700: (1030, 4133) -> 5956 (count 70)
merge 5701: (104, 1471) -> 5957 (count 70)
merge 5702: (383, 113) -> 5958 (count 70)
merge 5703: (2888, 358) -> 5959 (count 70)
merge 5704: (5915, 1854) -> 5960 (count 70)
merge 5705: (87, 87) -> 5961 (count 70)
merge 5706: (83, 78) -> 5962 (count 70)
merge 5707: (80, 77) -> 5963 (count 70)
merge 5708: (77, 2599) -> 5964 (count 70)
merge 5709: (71, 1019) -> 5965 (count 70)
merge 5710: (70, 3724) -> 5966 (count 70)
merge 5711: (3185, 369) -> 5967 (count 70)
merge 5712: (68, 71) -> 5968 (count 70)
merge 5713: (61, 45) -> 5969 (count 70)
merge 5714: (1306, 264) -> 5970 (count 70)
merge 5715: (494, 276) -> 5971 (count 70)
merge 5716: (3066, 344) -> 5972 (count 70)
merge 5717: (1193, 3831) -> 5973 (count 70)
merge 5718: (799, 963) -> 5974 (count 70)
merge 5719: (4247, 2813) -> 5975 (count 70)
merge 5720: (440, 97) -> 5976 (count 70)
merge 5721: (837, 115) -> 5977 (count 70)
merge 5722: (265, 2135) -> 5978 (count 70)
merge 5723: (596, 3577) -> 5979 (count 70)
merge 5724: (862, 257) -> 5980 (count 70)
merge 5725: (1216, 1502) -> 5981 (count 70)
merge 5726: (1227, 569) -> 5982 (count 70)
merge 5727: (5760, 571) -> 5983 (count 70)
merge 5728: (281, 1426) -> 5984 (count 70)
merge 5729: (578, 579) -> 5985 (count 70)
merge 5730: (3454, 1864) -> 5986 (count 70)
merge 5731: (3534, 3110) -> 5987 (count 70)
merge 5732: (2993, 2800) -> 5988 (count 70)
merge 5733: (3756, 449) -> 5989 (count 70)
merge 5734: (1841, 3426) -> 5990 (count 70)
merge 5735: (291, 5646) -> 5991 (count 70)
merge 5736: (3610, 292) -> 5992 (count 70)
merge 5737: (2875, 2186) -> 5993 (count 70)
merge 5738: (4060, 1245) -> 5994 (count 70)
merge 5739: (492, 3409) -> 5995 (count 70)
merge 5740: (5053, 1366) -> 5996 (count 70)
merge 5741: (1893, 112) -> 5997 (count 70)
merge 5742: (470, 263) -> 5998 (count 70)
merge 5743: (470, 4049) -> 5999 (count 70)
merge 5744: (505, 288) -> 6000 (count 69)
merge 5745: (319, 263) -> 6001 (count 69)
merge 5746: (906, 115) -> 6002 (count 69)
merge 5747: (116, 270) -> 6003 (count 69)
merge 5748: (347, 259) -> 6004 (count 69)
merge 5749: (270, 416) -> 6005 (count 69)
merge 5750: (341, 776) -> 6006 (count 69)
merge 5751: (830, 4602) -> 6007 (count 69)
merge 5752: (706, 278) -> 6008 (count 69)
merge 5753: (105, 593) -> 6009 (count 69)
merge 5754: (104, 104) -> 6010 (count 69)
merge 5755: (102, 284) -> 6011 (count 69)
merge 5756: (102, 101) -> 6012 (count 69)
merge 5757: (566, 258) -> 6013 (count 69)
merge 5758: (100, 345) -> 6014 (count 69)
merge 5759: (1343, 424) -> 6015 (count 69)
merge 5760: (302, 1569) -> 6016 (count 69)
merge 5761: (84, 69) -> 6017 (count 69)
merge 5762: (70, 70) -> 6018 (count 69)
merge 5763: (67, 111) -> 6019 (count 69)
merge 5764: (51, 56) -> 6020 (count 69)
merge 5765: (4387, 2577) -> 6021 (count 69)
merge 5766: (502, 6001) -> 6022 (count 69)
merge 5767: (265, 429) -> 6023 (count 69)
merge 5768: (1374, 570) -> 6024 (count 69)
merge 5769: (2602, 944) -> 6025 (count 69)
merge 5770: (350, 4169) -> 6026 (count 69)
merge 5771: (3462, 115) -> 6027 (count 69)
merge 5772: (1821, 314) -> 6028 (count 69)
merge 5773: (320, 550) -> 6029 (count 69)
merge 5774: (4311, 1502) -> 6030 (count 69)
merge 5775: (2088, 267) -> 6031 (count 69)
merge 5776: (2882, 101) -> 6032 (count 69)
merge 5777: (3797, 944) -> 6033 (count 69)
merge 5778: (2318, 482) -> 6034 (count 69)
merge 5779: (5331, 667) -> 6035 (count 69)
merge 5780: (740, 282) -> 6036 (count 69)
merge 5781: (4042, 4521) -> 6037 (count 69)
merge 5782: (2409, 555) -> 6038 (count 69)
merge 5783: (700, 4759) -> 6039 (count 69)
merge 5784: (1745, 1585) -> 6040 (count 69)
merge 5785: (472, 346) -> 6041 (count 69)
merge 5786: (470, 5872) -> 6042 (count 69)
merge 5787: (3812, 1425) -> 6043 (count 69)
merge 5788: (1282, 48) -> 6044 (count 69)
merge 5789: (32, 123) -> 6045 (count 69)
merge 5790: (118, 299) -> 6046 (count 68)
merge 5791: (290, 109) -> 6047 (count 68)
merge 5792: (404, 322) -> 6048 (count 68)
merge 5793: (261, 103) -> 6049 (count 68)
merge 5794: (1747, 6047) -> 6050 (count 68)
merge 5795: (116, 1913) -> 6051 (count 68)
merge 5796: (115, 3898) -> 6052 (count 68)
merge 5797: (973, 278) -> 6053 (count 68)
merge 5798: (870, 261) -> 6054 (count 68)
merge 5799: (338, 510) -> 6055 (count 68)
merge 5800: (533, 4594) -> 6056 (count 68)
merge 5801: (822, 1429) -> 6057 (count 68)
merge 5802: (2759, 5780) -> 6058 (count 68)
merge 5803: (297, 2002) -> 6059 (count 68)
merge 5804: (1541, 664) -> 6060 (count 68)
merge 5805: (85, 108) -> 6061 (count 68)
merge 5806: (77, 115) -> 6062 (count 68)
merge 5807: (5886, 667) -> 6063 (count 68)
merge 5808: (874, 2478) -> 6064 (count 68)
merge 5809: (368, 973) -> 6065 (count 68)
merge 5810: (2629, 286) -> 6066 (count 68)
merge 5811: (543, 121) -> 6067 (count 68)
merge 5812: (1116, 667) -> 6068 (count 68)
merge 5813: (2299, 115) -> 6069 (count 68)
merge 5814: (580, 631) -> 6070 (count 68)
merge 5815: (1520, 482) -> 6071 (count 68)
merge 5816: (2545, 791) -> 6072 (count 68)
merge 5817: (904, 369) -> 6073 (count 68)
merge 5818: (283, 345) -> 6074 (count 68)
merge 5819: (462, 116) -> 6075 (count 68)
merge 5820: (803, 482) -> 6076 (count 68)
merge 5821: (281, 1403) -> 6077 (count 68)
merge 5822: (329, 5718) -> 6078 (count 68)
merge 5823: (797, 299) -> 6079 (count 68)
merge 5824: (3169, 278) -> 6080 (count 68)
merge 5825: (3820, 314) -> 6081 (count 68)
merge 5826: (434, 102) -> 6082 (count 68)
merge 5827: (778, 3110) -> 6083 (count 68)
merge 5828: (793, 569) -> 6084 (count 68)
merge 5829: (4569, 2105) -> 6085 (count 68)
merge 5830: (905, 1095) -> 6086 (count 68)
merge 5831: (125, 43) -> 6087 (count 67)
merge 5832: (567, 1533) -> 6088 (count 67)
merge 5833: (261, 264) -> 6089 (count 67)
merge 5834: (4595, 400) -> 6090 (count 67)
merge 5835: (113, 113) -> 6091 (count 67)
merge 5836: (334, 266) -> 6092 (count 67)
merge 5837: (257, 314) -> 6093 (count 67)
merge 5838: (324, 5510) -> 6094 (count 67)
merge 5839: (108, 105) -> 6095 (count 67)
merge 5840: (284, 122) -> 6096 (count 67)
merge 5841: (75, 65) -> 6097 (count 67)
merge 5842: (2870, 278) -> 6098 (count 67)
merge 5843: (1643, 569) -> 6099 (count 67)
merge 5844: (4654, 457) -> 6100 (count 67)
merge 5845: (368, 5281) -> 6101 (count 67)
merge 5846: (1351, 1429) -> 6102 (count 67)
merge 5847: (3068, 108) -> 6103 (count 67)
merge 5848: (1196, 1904) -> 6104 (count 67)
merge 5849: (2843, 2842) -> 6105 (count 67)
merge 5850: (3293, 482) -> 6106 (count 67)
merge 5851: (343, 5783) -> 6107 (count 67)
merge 5852: (661, 334) -> 6108 (count 67)
merge 5853: (3023, 101) -> 6109 (count 67)
merge 5854: (1823, 4729) -> 6110 (count 67)
merge 5855: (1682, 1119) -> 6111 (count 67)
merge 5856: (3124, 297) -> 6112 (count 67)
merge 5857: (291, 108) -> 6113 (count 67)
merge 5858: (291, 1606) -> 6114 (count 67)
merge 5859: (3386, 116) -> 6115 (count 67)
merge 5860: (1066, 5309) -> 6116 (count 67)
merge 5861: (384, 3979) -> 6117 (count 67)
merge 5862: (2936, 529) -> 6118 (count 67)
merge 5863: (2874, 5911) -> 6119 (count 67)
merge 5864: (378, 496) -> 6120 (count 67)
merge 5865: (5335, 590) -> 6121 (count 67)
merge 5866: (32, 744) -> 6122 (count 67)
merge 5867: (120, 614) -> 6123 (count 66)
merge 5868: (907, 3726) -> 6124 (count 66)
merge 5869: (310, 589) -> 6125 (count 66)
merge 5870: (115, 907) -> 6126 (count 66)
merge 5871: (369, 111) -> 6127 (count 66)
merge 5872: (2480, 278) -> 6128 (count 66)
merge 5873: (607, 103) -> 6129 (count 66)
merge 5874: (4664, 292) -> 6130 (count 66)
merge 5875: (379, 114) -> 6131 (count 66)
merge 5876: (305, 379) -> 6132 (count 66)
merge 5877: (105, 571) -> 6133 (count 66)
merge 5878: (346, 480) -> 6134 (count 66)
merge 5879: (495, 278) -> 6135 (count 66)
merge 5880: (4067, 286) -> 6136 (count 66)
merge 5881: (99, 4625) -> 6137 (count 66)
merge 5882: (3119, 1313) -> 6138 (count 66)
merge 5883: (41, 93) -> 6139 (count 66)
merge 5884: (487, 4458) -> 6140 (count 66)
merge 5885: (256, 1625) -> 6141 (count 66)
merge 5886: (4693, 352) -> 6142 (count 66)
merge 5887: (874, 3245) -> 6143 (count 66)
merge 5888: (922, 344) -> 6144 (count 66)
merge 5889: (1763, 278) -> 6145 (count 66)
merge 5890: (2213, 5957) -> 6146 (count 66)
merge 5891: (298, 408) -> 6147 (count 66)
merge 5892: (547, 336) -> 6148 (count 66)
merge 5893: (560, 3649) -> 6149 (count 66)
merge 5894: (3028, 333) -> 6150 (count 66)
merge 5895: (2597, 5375) -> 6151 (count 66)
merge 5896: (723, 1496) -> 6152 (count 66)
merge 5897: (5072, 3516) -> 6153 (count 66)
merge 5898: (281, 302) -> 6154 (count 66)
merge 5899: (1070, 286) -> 6155 (count 66)
merge 5900: (2412, 314) -> 6156 (count 66)
merge 5901: (4020, 296) -> 6157 (count 66)
merge 5902: (4378, 653) -> 6158 (count 66)
merge 5903: (385, 615) -> 6159 (count 66)
merge 5904: (308, 380) -> 6160 (count 66)
merge 5905: (4164, 667) -> 6161 (count 66)
merge 5906: (2320, 115) -> 6162 (count 66)
merge 5907: (3015, 3447) -> 6163 (count 66)
merge 5908: (2675, 100) -> 6164 (count 66)
merge 5909: (4362, 286) -> 6165 (count 66)
merge 5910: (2693, 2346) -> 6166 (count 66)
merge 5911: (1945, 5779) -> 6167 (count 66)
merge 5912: (531, 336) -> 6168 (count 66)
merge 5913: (260, 4223) -> 6169 (count 66)
merge 5914: (700, 463) -> 6170 (count 66)
merge 5915: (331, 479) -> 6171 (count 66)
merge 5916: (378, 361) -> 6172 (count 66)
merge 5917: (472, 97) -> 6173 (count 66)
merge 5918: (5670, 266) -> 6174 (count 66)
merge 5919: (1860, 115) -> 6175 (count 66)
merge 5920: (261, 444) -> 6176 (count 65)
merge 5921: (5209, 311) -> 6177 (count 65)
merge 5922: (112, 1151) -> 6178 (count 65)
merge 5923: (1054, 631) -> 6179 (count 65)
merge 5924: (108, 3065) -> 6180 (count 65)
merge 5925: (2125, 1444) -> 6181 (count 65)
merge 5926: (439, 116) -> 6182 (count 65)
merge 5927: (4805, 988) -> 6183 (count 65)
merge 5928: (377, 846) -> 6184 (count 65)
merge 5929: (728, 264) -> 6185 (count 65)
merge 5930: (74, 346) -> 6186 (count 65)
merge 5931: (72, 760) -> 6187 (count 65)
merge 5932: (66, 269) -> 6188 (count 65)
merge 5933: (3887, 1095) -> 6189 (count 65)
merge 5934: (487, 6136) -> 6190 (count 65)
merge 5935: (2009, 3983) -> 6191 (count 65)
merge 5936: (304, 111) -> 6192 (count 65)
merge 5937: (453, 6184) -> 6193 (count 65)
merge 5938: (3470, 1606) -> 6194 (count 65)
merge 5939: (4765, 401) -> 6195 (count 65)
merge 5940: (2755, 2912) -> 6196 (count 65)
merge 5941: (933, 115) -> 6197 (count 65)
merge 5942: (4744, 6049) -> 6198 (count 65)
merge 5943: (4121, 2350) -> 6199 (count 65)
merge 5944: (329, 735) -> 6200 (count 65)
merge 5945: (3334, 314) -> 6201 (count 65)
merge 5946: (5590, 311) -> 6202 (count 65)
merge 5947: (1979, 1949) -> 6203 (count 65)
merge 5948: (1557, 336) -> 6204 (count 65)
merge 5949: (434, 299) -> 6205 (count 65)
merge 5950: (4676, 311) -> 6206 (count 65)
merge 5951: (2288, 5168) -> 6207 (count 65)
merge 5952: (5931, 424) -> 6208 (count 65)
merge 5953: (2609, 1120) -> 6209 (count 65)
merge 5954: (4567, 342) -> 6210 (count 65)
merge 5955: (2674, 449) -> 6211 (count 65)
merge 5956: (1693, 1698) -> 6212 (count 65)
merge 5957: (2487, 391) -> 6213 (count 65)
merge 5958: (459, 81) -> 6214 (count 65)
merge 5959: (1235, 2211) -> 6215 (count 65)
merge 5960: (409, 6013) -> 6216 (count 65)
merge 5961: (5751, 1434) -> 6217 (count 65)
merge 5962: (32, 47) -> 6218 (count 65)
merge 5963: (352, 116) -> 6219 (count 64)
merge 5964: (117, 273) -> 6220 (count 64)
merge 5965: (488, 264) -> 6221 (count 64)
merge 5966: (114, 317) -> 6222 (count 64)
merge 5967: (109, 810) -> 6223 (count 64)
merge 5968: (99, 1595) -> 6224 (count 64)
merge 5969: (99, 1604) -> 6225 (count 64)
merge 5970: (697, 115) -> 6226 (count 64)
merge 5971: (97, 940) -> 6227 (count 64)
merge 5972: (71, 372) -> 6228 (count 64)
merge 5973: (2513, 78) -> 6229 (count 64)
merge 5974: (68, 68) -> 6230 (count 64)
merge 5975: (41, 40) -> 6231 (count 64)
merge 5976: (842, 115) -> 6232 (count 64)
merge 5977: (287, 787) -> 6233 (count 64)
merge 5978: (5150, 5609) -> 6234 (count 64)
merge 5979: (990, 4576) -> 6235 (count 64)
merge 5980: (5697, 2211) -> 6236 (count 64)
merge 5981: (6103, 2535) -> 6237 (count 64)
merge 5982: (318, 404) -> 6238 (count 64)
merge 5983: (6197, 443) -> 6239 (count 64)
merge 5984: (2057, 5311) -> 6240 (count 64)
merge 5985: (1196, 112) -> 6241 (count 64)
merge 5986: (1520, 344) -> 6242 (count 64)
merge 5987: (1074, 506) -> 6243 (count 64)
merge 5988: (5097, 1990) -> 6244 (count 64)
merge 5989: (283, 4134) -> 6245 (count 64)
merge 5990: (3493, 259) -> 6246 (count 64)
merge 5991: (4163, 2848) -> 6247 (count 64)
merge 5992: (3081, 3919) -> 6248 (count 64)
merge 5993: (323, 356) -> 6249 (count 64)
merge 5994: (295, 4703) -> 6250 (count 64)
merge 5995: (2571, 5684) -> 6251 (count 64)
merge 5996: (3327, 117) -> 6252 (count 64)
merge 5997: (2477, 5576) -> 6253 (count 64)
merge 5998: (741, 697) -> 6254 (count 64)
merge 5999: (5051, 749) -> 6255 (count 64)
merge 6000: (409, 345) -> 6256 (count 64)
merge 6001: (446, 5650) -> 6257 (count 64)
merge 6002: (492, 1613) -> 6258 (count 64)
merge 6003: (451, 1272) -> 6259 (count 64)
merge 6004: (451, 108) -> 6260 (count 64)
merge 6005: (435, 3235) -> 6261 (count 64)
merge 6006: (435, 4188) -> 6262 (count 64)
merge 6007: (2494, 1229) -> 6263 (count 64)
merge 6008: (395, 4844) -> 6264 (count 64)
merge 6009: (436, 1410) -> 6265 (count 64)
merge 6010: (753, 41) -> 6266 (count 63)
merge 6011: (3526, 286) -> 6267 (count 63)
merge 6012: (3723, 5908) -> 6268 (count 63)
merge 6013: (109, 278) -> 6269 (count 63)
merge 6014: (108, 2375) -> 6270 (count 63)
merge 6015: (99, 324) -> 6271 (count 63)
merge 6016: (994, 116) -> 6272 (count 63)
merge 6017: (68, 3235) -> 6273 (count 63)
merge 6018: (52, 53) -> 6274 (count 63)
merge 6019: (256, 5912) -> 6275 (count 63)
merge 6020: (256, 266) -> 6276 (count 63)
merge 6021: (2802, 278) -> 6277 (count 63)
merge 6022: (5976, 485) -> 6278 (count 63)
merge 6023: (440, 6008) -> 6279 (count 63)
merge 6024: (388, 691) -> 6280 (count 63)
merge 6025: (4790, 400) -> 6281 (count 63)
merge 6026: (862, 5577) -> 6282 (count 63)
merge 6027: (3011, 1603) -> 6283 (count 63)
merge 6028: (2808, 397) -> 6284 (count 63)
merge 6029: (2249, 4321) -> 6285 (count 63)
merge 6030: (1196, 2406) -> 6286 (count 63)
merge 6031: (4928, 5788) -> 6287 (count 63)
merge 6032: (329, 2499) -> 6288 (count 63)
merge 6033: (2640, 296) -> 6289 (count 63)
merge 6034: (1563, 444) -> 6290 (count 63)
merge 6035: (274, 3802) -> 6291 (count 63)
merge 6036: (2185, 278) -> 6292 (count 63)
merge 6037: (508, 2253) -> 6293 (count 63)
merge 6038: (3534, 319) -> 6294 (count 63)
merge 6039: (433, 2615) -> 6295 (count 63)
merge 6040: (3904, 2386) -> 6296 (count 63)
merge 6041: (3197, 100) -> 6297 (count 63)
merge 6042: (412, 97) -> 6298 (count 63)
merge 6043: (2573, 1698) -> 6299 (count 63)
merge 6044: (459, 861) -> 6300 (count 63)
merge 6045: (459, 501) -> 6301 (count 63)
merge 6046: (1235, 677) -> 6302 (count 63)
merge 6047: (409, 3137) -> 6303 (count 63)
merge 6048: (395, 82) -> 6304 (count 63)
merge 6049: (1814, 48) -> 6305 (count 63)
merge 6050: (125, 1404) -> 6306 (count 62)
merge 6051: (125, 1670) -> 6307 (count 62)
merge 6052: (582, 322) -> 6308 (count 62)
merge 6053: (5909, 286) -> 6309 (count 62)
merge 6054: (6309, 5475) -> 6310 (count 62)
merge 6055: (369, 288) -> 6311 (count 62)
merge 6056: (534, 570) -> 6312 (count 62)
merge 6057: (1055, 496) -> 6313 (count 62)
merge 6058: (326, 101) -> 6314 (count 62)
merge 6059: (5877, 344) -> 6315 (count 62)
merge 6060: (728, 286) -> 6316 (count 62)
merge 6061: (97, 4863) -> 6317 (count 62)
merge 6062: (1540, 4035) -> 6318 (count 62)
merge 6063: (3246, 753) -> 6319 (count 62)
merge 6064: (80, 3880) -> 6320 (count 62)
merge 6065: (47, 40) -> 6321 (count 62)
merge 6066: (43, 125) -> 6322 (count 62)
merge 6067: (487, 6310) -> 6323 (count 62)
merge 6068: (3122, 3959) -> 6324 (count 62)
merge 6069: (5694, 4968) -> 6325 (count 62)
merge 6070: (256, 475) -> 6326 (count 62)
merge 6071: (1590, 5085) -> 6327 (count 62)
merge 6072: (265, 2275) -> 6328 (count 62)
merge 6073: (5382, 267) -> 6329 (count 62)
merge 6074: (272, 1146) -> 6330 (count 62)
merge 6075: (947, 101) -> 6331 (count 62)
merge 6076: (743, 314) -> 6332 (count 62)
merge 6077: (466, 317) -> 6333 (count 62)
merge 6078: (3106, 667) -> 6334 (count 62)
merge 6079: (3178, 1140) -> 6335 (count 62)
merge 6080: (462, 1494) -> 6336 (count 62)
merge 6081: (320, 551) -> 6337 (count 62)
merge 6082: (608, 314) -> 6338 (count 62)
merge 6083: (4311, 589) -> 6339 (count 62)
merge 6084: (2440, 115) -> 6340 (count 62)
merge 6085: (5158, 449) -> 6341 (count 62)
merge 6086: (323, 3388) -> 6342 (count 62)
merge 6087: (5525, 121) -> 6343 (count 62)
merge 6088: (1979, 3784) -> 6344 (count 62)
merge 6089: (989, 282) -> 6345 (count 62)
merge 6090: (5808, 5876) -> 6346 (count 62)
merge 6091: (295, 116) -> 6347 (count 62)
merge 6092: (4885, 273) -> 6348 (count 62)
merge 6093: (778, 3915) -> 6349 (count 62)
merge 6094: (419, 3388) -> 6350 (count 62)
merge 6095: (419, 1640) -> 6351 (count 62)
merge 6096: (932, 3071) -> 6352 (count 62)
merge 6097: (5530, 383) -> 6353 (count 62)
merge 6098: (1842, 3477) -> 6354 (count 62)
merge 6099: (4906, 893) -> 6355 (count 62)
merge 6100: (2652, 1890) -> 6356 (count 62)
merge 6101: (3709, 3577) -> 6357 (count 62)
merge 6102: (3758, 299) -> 6358 (count 62)
merge 6103: (983, 75) -> 6359 (count 62)
merge 6104: (2181, 102) -> 6360 (count 62)
merge 6105: (1857, 663) -> 6361 (count 62)
merge 6106: (5715, 264) -> 6362 (count 62)
merge 6107: (5945, 529) -> 6363 (count 62)
merge 6108: (763, 579) -> 6364 (count 61)
merge 6109: (316, 480) -> 6365 (count 61)
merge 6110: (423, 3786) -> 6366 (count 61)
merge 6111: (276, 336) -> 6367 (count 61)
merge 6112: (604, 944) -> 6368 (count 61)
merge 6113: (100, 83) -> 6369 (count 61)
merge 6114: (590, 338) -> 6370 (count 61)
merge 6115: (2187, 121) -> 6371 (count 61)
merge 6116: (530, 6366) -> 6372 (count 61)
merge 6117: (79, 114) -> 6373 (count 61)
merge 6118: (73, 277) -> 6374 (count 61)
merge 6119: (69, 3005) -> 6375 (count 61)
merge 6120: (52, 51) -> 6376 (count 61)
merge 6121: (41, 753) -> 6377 (count 61)
merge 6122: (426, 121) -> 6378 (count 61)
merge 6123: (4850, 264) -> 6379 (count 61)
merge 6124: (256, 551) -> 6380 (count 61)
merge 6125: (502, 266) -> 6381 (count 61)
merge 6126: (265, 4422) -> 6382 (count 61)
merge 6127: (3283, 513) -> 6383 (count 61)
merge 6128: (585, 5752) -> 6384 (count 61)
merge 6129: (5494, 4643) -> 6385 (count 61)
merge 6130: (3791, 257) -> 6386 (count 61)
merge 6131: (6154, 2769) -> 6387 (count 61)
merge 6132: (4832, 4603) -> 6388 (count 61)
merge 6133: (3654, 362) -> 6389 (count 61)
merge 6134: (1187, 457) -> 6390 (count 61)
merge 6135: (2158, 314) -> 6391 (count 61)
merge 6136: (629, 115) -> 6392 (count 61)
merge 6137: (927, 418) -> 6393 (count 61)
merge 6138: (914, 2148) -> 6394 (count 61)
merge 6139: (5708, 116) -> 6395 (count 61)
merge 6140: (516, 1326) -> 6396 (count 61)
merge 6141: (409, 111) -> 6397 (count 61)
merge 6142: (409, 4443) -> 6398 (count 61)
merge 6143: (446, 65) -> 6399 (count 61)
merge 6144: (4236, 5169) -> 6400 (count 61)
merge 6145: (524, 4985) -> 6401 (count 61)
merge 6146: (395, 4240) -> 6402 (count 61)
merge 6147: (395, 6229) -> 6403 (count 61)
merge 6148: (2360, 2168) -> 6404 (count 61)
merge 6149: (478, 276) -> 6405 (count 60)
merge 6150: (5782, 851) -> 6406 (count 60)
merge 6151: (341, 4046) -> 6407 (count 60)
merge 6152: (305, 264) -> 6408 (count 60)
merge 6153: (364, 278) -> 6409 (count 60)
merge 6154: (103, 852) -> 6410 (count 60)
merge 6155: (3302, 1352) -> 6411 (count 60)
merge 6156: (430, 40) -> 6412 (count 60)
merge 6157: (4032, 115) -> 6413 (count 60)
merge 6158: (82, 297) -> 6414 (count 60)
merge 6159: (79, 77) -> 6415 (count 60)
merge 6160: (76, 82) -> 6416 (count 60)
merge 6161: (5967, 2987) -> 6417 (count 60)
merge 6162: (57, 54) -> 6418 (count 60)
merge 6163: (57, 50) -> 6419 (count 60)
merge 6164: (868, 44) -> 6420 (count 60)
merge 6165: (2544, 5878) -> 6421 (count 60)
merge 6166: (5182, 278) -> 6422 (count 60)
merge 6167: (1026, 851) -> 6423 (count 60)
merge 6168: (382, 322) -> 6424 (count 60)
merge 6169: (3581, 4273) -> 6425 (count 60)
merge 6170: (265, 1964) -> 6426 (count 60)
merge 6171: (5556, 835) -> 6427 (count 60)
merge 6172: (4389, 571) -> 6428 (count 60)
merge 6173: (298, 1425) -> 6429 (count 60)
merge 6174: (3151, 2665) -> 6430 (count 60)
merge 6175: (708, 513) -> 6431 (count 60)
merge 6176: (272, 390) -> 6432 (count 60)
merge 6177: (4333, 4662) -> 6433 (count 60)
merge 6178: (375, 899) -> 6434 (count 60)
merge 6179: (945, 5754) -> 6435 (count 60)
merge 6180: (2093, 656) -> 6436 (count 60)
merge 6181: (283, 3478) -> 6437 (count 60)
merge 6182: (471, 3761) -> 6438 (count 60)
merge 6183: (546, 5212) -> 6439 (count 60)
merge 6184: (4163, 324) -> 6440 (count 60)
merge 6185: (761, 5474) -> 6441 (count 60)
merge 6186: (434, 107) -> 6442 (count 60)
merge 6187: (1510, 6005) -> 6443 (count 60)
merge 6188: (778, 319) -> 6444 (count 60)
merge 6189: (1361, 878) -> 6445 (count 60)
merge 6190: (1149, 3864) -> 6446 (count 60)
merge 6191: (417, 6092) -> 6447 (count 60)
merge 6192: (5504, 568) -> 6448 (count 60)
merge 6193: (337, 311) -> 6449 (count 60)
merge 6194: (512, 5867) -> 6450 (count 60)
merge 6195: (260, 379) -> 6451 (count 60)
merge 6196: (331, 101) -> 6452 (count 60)
merge 6197: (459, 5175) -> 6453 (count 60)
merge 6198: (536, 5719) -> 6454 (count 60)
merge 6199: (536, 1762) -> 6455 (count 60)
merge 6200: (472, 6000) -> 6456 (count 60)
merge 6201: (435, 5913) -> 6457 (count 60)
merge 6202: (395, 5539) -> 6458 (count 60)
merge 6203: (395, 2457) -> 6459 (count 60)
merge 6204: (470, 2706) -> 6460 (count 60)
merge 6205: (121, 2514) -> 6461 (count 59)
merge 6206: (115, 376) -> 6462 (count 59)
merge 6207: (112, 1182) -> 6463 (count 59)
merge 6208: (533, 101) -> 6464 (count 59)
merge 6209: (108, 305) -> 6465 (count 59)
merge 6210: (258, 656) -> 6466 (count 59)
merge 6211: (572, 4967) -> 6467 (count 59)
merge 6212: (99, 4240) -> 6468 (count 59)
merge 6213: (413, 257) -> 6469 (count 59)
merge 6214: (271, 421) -> 6470 (count 59)
merge 6215: (1373, 286) -> 6471 (count 59)
merge 6216: (302, 878) -> 6472 (count 59)
merge 6217: (95, 42) -> 6473 (count 59)
merge 6218: (3884, 258) -> 6474 (count 59)
merge 6219: (5611, 1218) -> 6475 (count 59)
merge 6220: (82, 3083) -> 6476 (count 59)
merge 6221: (3389, 84) -> 6477 (count 59)
merge 6222: (72, 86) -> 6478 (count 59)
merge 6223: (68, 282) -> 6479 (count 59)
merge 6224: (66, 4049) -> 6480 (count 59)
merge 6225: (1141, 568) -> 6481 (count 59)
merge 6226: (2744, 1248) -> 6482 (count 59)
merge 6227: (837, 270) -> 6483 (count 59)
merge 6228: (4160, 616) -> 6484 (count 59)
merge 6229: (2962, 668) -> 6485 (count 59)
merge 6230: (2761, 745) -> 6486 (count 59)
merge 6231: (2761, 418) -> 6487 (count 59)
merge 6232: (4332, 1217) -> 6488 (count 59)
merge 6233: (970, 569) -> 6489 (count 59)
merge 6234: (303, 6227) -> 6490 (count 59)
merge 6235: (1349, 314) -> 6491 (count 59)
merge 6236: (1629, 513) -> 6492 (count 59)
merge 6237: (3777, 2687) -> 6493 (count 59)
merge 6238: (1176, 449) -> 6494 (count 59)
merge 6239: (3277, 97) -> 6495 (count 59)
merge 6240: (6246, 523) -> 6496 (count 59)
merge 6241: (1134, 631) -> 6497 (count 59)
merge 6242: (274, 364) -> 6498 (count 59)
merge 6243: (3633, 1496) -> 6499 (count 59)
merge 6244: (4141, 988) -> 6500 (count 59)
merge 6245: (280, 1580) -> 6501 (count 59)
merge 6246: (2607, 317) -> 6502 (count 59)
merge 6247: (3213, 449) -> 6503 (count 59)
merge 6248: (291, 6124) -> 6504 (count 59)
merge 6249: (812, 1647) -> 6505 (count 59)
merge 6250: (2561, 2406) -> 6506 (count 59)
merge 6251: (2573, 568) -> 6507 (count 59)
merge 6252: (3510, 558) -> 6508 (count 59)
merge 6253: (2409, 444) -> 6509 (count 59)
merge 6254: (381, 5338) -> 6510 (count 59)
merge 6255: (700, 510) -> 6511 (count 59)
merge 6256: (669, 5282) -> 6512 (count 59)
merge 6257: (378, 4914) -> 6513 (count 59)
merge 6258: (378, 5406) -> 6514 (count 59)
merge 6259: (536, 1579) -> 6515 (count 59)
merge 6260: (4960, 3252) -> 6516 (count 59)
merge 6261: (435, 5866) -> 6517 (count 59)
merge 6262: (395, 6372) -> 6518 (count 59)
merge 6263: (124, 92) -> 6519 (count 58)
merge 6264: (290, 288) -> 6520 (count 58)
merge 6265: (900, 403) -> 6521 (count 58)
merge 6266: (764, 1708) -> 6522 (count 58)
merge 6267: (111, 270) -> 6523 (count 58)
merge 6268: (289, 660) -> 6524 (count 58)
merge 6269: (3320, 400) -> 6525 (count 58)
merge 6270: (1373, 1128) -> 6526 (count 58)
merge 6271: (288, 1268) -> 6527 (count 58)
merge 6272: (267, 101) -> 6528 (count 58)
merge 6273: (3246, 394) -> 6529 (count 58)
merge 6274: (85, 965) -> 6530 (count 58)
merge 6275: (83, 3961) -> 6531 (count 58)
merge 6276: (78, 105) -> 6532 (count 58)
merge 6277: (2031, 2165) -> 6533 (count 58)
merge 6278: (306, 258) -> 6534 (count 58)
merge 6279: (4692, 115) -> 6535 (count 58)
merge 6280: (1620, 115) -> 6536 (count 58)
merge 6281: (382, 2478) -> 6537 (count 58)
merge 6282: (2649, 571) -> 6538 (count 58)
merge 6283: (5411, 4031) -> 6539 (count 58)
merge 6284: (1034, 1390) -> 6540 (count 58)
merge 6285: (2538, 269) -> 6541 (count 58)
merge 6286: (2680, 314) -> 6542 (count 58)
merge 6287: (283, 339) -> 6543 (count 58)
merge 6288: (283, 6185) -> 6544 (count 58)
merge 6289: (4296, 1797) -> 6545 (count 58)
merge 6290: (2804, 1358) -> 6546 (count 58)
merge 6291: (1134, 1390) -> 6547 (count 58)
merge 6292: (546, 6472) -> 6548 (count 58)
merge 6293: (274, 98) -> 6549 (count 58)
merge 6294: (3633, 342) -> 6550 (count 58)
merge 6295: (1338, 296) -> 6551 (count 58)
merge 6296: (434, 1316) -> 6552 (count 58)
merge 6297: (1510, 1890) -> 6553 (count 58)
merge 6298: (3159, 6002) -> 6554 (count 58)
merge 6299: (353, 6048) -> 6555 (count 58)
merge 6300: (3015, 267) -> 6556 (count 58)
merge 6301: (1742, 314) -> 6557 (count 58)
merge 6302: (5991, 3362) -> 6558 (count 58)
merge 6303: (2652, 1065) -> 6559 (count 58)
merge 6304: (6170, 278) -> 6560 (count 58)
merge 6305: (4637, 273) -> 6561 (count 58)
merge 6306: (378, 371) -> 6562 (count 58)
merge 6307: (4680, 257) -> 6563 (count 58)
merge 6308: (459, 5276) -> 6564 (count 58)
merge 6309: (3330, 4600) -> 6565 (count 58)
merge 6310: (4961, 86) -> 6566 (count 58)
merge 6311: (415, 97) -> 6567 (count 58)
merge 6312: (451, 4401) -> 6568 (count 58)
merge 6313: (451, 2351) -> 6569 (count 58)
merge 6314: (2373, 1890) -> 6570 (count 58)
merge 6315: (524, 2869) -> 6571 (count 58)
merge 6316: (395, 76) -> 6572 (count 58)
merge 6317: (875, 50) -> 6573 (count 58)
merge 6318: (125, 1790) -> 6574 (count 57)
merge 6319: (5141, 2542) -> 6575 (count 57)
merge 6320: (270, 513) -> 6576 (count 57)
merge 6321: (364, 6272) -> 6577 (count 57)
merge 6322: (439, 653) -> 6578 (count 57)
merge 6323: (102, 109) -> 6579 (count 57)
merge 6324: (473, 286) -> 6580 (count 57)
merge 6325: (525, 278) -> 6581 (count 57)
merge 6326: (99, 4031) -> 6582 (count 57)
merge 6327: (82, 72) -> 6583 (count 57)
merge 6328: (67, 115) -> 6584 (count 57)
merge 6329: (65, 65) -> 6585 (count 57)
merge 6330: (55, 53) -> 6586 (count 57)
merge 6331: (54, 56) -> 6587 (count 57)
merge 6332: (53, 1095) -> 6588 (count 57)
merge 6333: (43, 43) -> 6589 (count 57)
merge 6334: (1347, 2333) -> 6590 (count 57)
merge 6335: (990, 684) -> 6591 (count 57)
merge 6336: (453, 365) -> 6592 (count 57)
merge 6337: (1880, 1787) -> 6593 (count 57)
merge 6338: (992, 1218) -> 6594 (count 57)
merge 6339: (6122, 314) -> 6595 (count 57)
merge 6340: (885, 1285) -> 6596 (count 57)
merge 6341: (303, 317) -> 6597 (count 57)
merge 6342: (904, 1656) -> 6598 (count 57)
merge 6343: (3140, 278) -> 6599 (count 57)
merge 6344: (320, 530) -> 6600 (count 57)
merge 6345: (343, 2071) -> 6601 (count 57)
merge 6346: (538, 1333) -> 6602 (count 57)
merge 6347: (5496, 568) -> 6603 (count 57)
merge 6348: (5388, 292) -> 6604 (count 57)
merge 6349: (2020, 115) -> 6605 (count 57)
merge 6350: (295, 485) -> 6606 (count 57)
merge 6351: (1360, 115) -> 6607 (count 57)
merge 6352: (2097, 115) -> 6608 (count 57)
merge 6353: (280, 1838) -> 6609 (count 57)
merge 6354: (4587, 276) -> 6610 (count 57)
merge 6355: (4004, 278) -> 6611 (count 57)
merge 6356: (1514, 101) -> 6612 (count 57)
merge 6357: (3931, 309) -> 6613 (count 57)
merge 6358: (4221, 1313) -> 6614 (count 57)
merge 6359: (5636, 405) -> 6615 (count 57)
merge 6360: (3466, 888) -> 6616 (count 57)
merge 6361: (5774, 6132) -> 6617 (count 57)
merge 6362: (5998, 284) -> 6618 (count 57)
merge 6363: (470, 82) -> 6619 (count 57)
merge 6364: (3215, 36) -> 6620 (count 57)
merge 6365: (677, 342) -> 6621 (count 56)
merge 6366: (2112, 278) -> 6622 (count 56)
merge 6367: (522, 4077) -> 6623 (count 56)
merge 6368: (431, 5645) -> 6624 (count 56)
merge 6369: (870, 4136) -> 6625 (count 56)
merge 6370: (507, 401) -> 6626 (count 56)
merge 6371: (2332, 338) -> 6627 (count 56)
merge 6372: (3648, 278) -> 6628 (count 56)
merge 6373: (339, 362) -> 6629 (count 56)
merge 6374: (105, 893) -> 6630 (count 56)
merge 6375: (383, 441) -> 6631 (count 56)
merge 6376: (100, 4188) -> 6632 (count 56)
merge 6377: (98, 108) -> 6633 (count 56)
merge 6378: (288, 376) -> 6634 (count 56)
merge 6379: (598, 418) -> 6635 (count 56)
merge 6380: (97, 101) -> 6636 (count 56)
merge 6381: (831, 995) -> 6637 (count 56)
merge 6382: (84, 6055) -> 6638 (count 56)
merge 6383: (2868, 352) -> 6639 (count 56)
merge 6384: (80, 279) -> 6640 (count 56)
merge 6385: (69, 3963) -> 6641 (count 56)
merge 6386: (48, 57) -> 6642 (count 56)
merge 6387: (1973, 444) -> 6643 (count 56)
merge 6388: (4872, 344) -> 6644 (count 56)
merge 6389: (2537, 742) -> 6645 (count 56)
merge 6390: (874, 115) -> 6646 (count 56)
merge 6391: (368, 296) -> 6647 (count 56)
merge 6392: (3986, 278) -> 6648 (count 56)
merge 6393: (3283, 273) -> 6649 (count 56)
merge 6394: (838, 2017) -> 6650 (count 56)
merge 6395: (406, 4866) -> 6651 (count 56)
merge 6396: (2339, 258) -> 6652 (count 56)
merge 6397: (468, 653) -> 6653 (count 56)
merge 6398: (1178, 1703) -> 6654 (count 56)
merge 6399: (320, 5470) -> 6655 (count 56)
merge 6400: (343, 6313) -> 6656 (count 56)
merge 6401: (586, 2253) -> 6657 (count 56)
merge 6402: (3557, 289) -> 6658 (count 56)
merge 6403: (578, 386) -> 6659 (count 56)
merge 6404: (434, 5681) -> 6660 (count 56)
merge 6405: (433, 2078) -> 6661 (count 56)
merge 6406: (1902, 5215) -> 6662 (count 56)
merge 6407: (4193, 296) -> 6663 (count 56)
merge 6408: (268, 5468) -> 6664 (count 56)
merge 6409: (1650, 1665) -> 6665 (count 56)
merge 6410: (4539, 4802) -> 6666 (count 56)
merge 6411: (6562, 4081) -> 6667 (count 56)
merge 6412: (378, 84) -> 6668 (count 56)
merge 6413: (5858, 966) -> 6669 (count 56)
merge 6414: (5426, 2387) -> 6670 (count 56)
merge 6415: (415, 6007) -> 6671 (count 56)
merge 6416: (524, 335) -> 6672 (count 56)
merge 6417: (435, 69) -> 6673 (count 56)
merge 6418: (122, 97) -> 6674 (count 55)
merge 6419: (946, 267) -> 6675 (count 55)
merge 6420: (118, 269) -> 6676 (count 55)
merge 6421: (1071, 117) -> 6677 (count 55)
merge 6422: (6308, 358) -> 6678 (count 55)
merge 6423: (458, 4910) -> 6679 (count 55)
merge 6424: (1731, 676) -> 6680 (count 55)
merge 6425: (6407, 5173) -> 6681 (count 55)
merge 6426: (773, 2028) -> 6682 (count 55)
merge 6427: (5438, 1502) -> 6683 (count 55)
merge 6428: (258, 4187) -> 6684 (count 55)
merge 6429: (105, 106) -> 6685 (count 55)
merge 6430: (271, 290) -> 6686 (count 55)
merge 6431: (390, 5171) -> 6687 (count 55)
merge 6432: (87, 321) -> 6688 (count 55)
merge 6433: (80, 73) -> 6689 (count 55)
merge 6434: (4244, 1773) -> 6690 (count 55)
merge 6435: (78, 5014) -> 6691 (count 55)
merge 6436: (3389, 80) -> 6692 (count 55)
merge 6437: (2380, 3460) -> 6693 (count 55)
merge 6438: (71, 78) -> 6694 (count 55)
merge 6439: (69, 78) -> 6695 (count 55)
merge 6440: (67, 3744) -> 6696 (count 55)
merge 6441: (67, 6128) -> 6697 (count 55)
merge 6442: (1994, 2513) -> 6698 (count 55)
merge 6443: (48, 51) -> 6699 (count 55)
merge 6444: (367, 3783) -> 6700 (count 55)
merge 6445: (1281, 386) -> 6701 (count 55)
merge 6446: (304, 121) -> 6702 (count 55)
merge 6447: (304, 5778) -> 6703 (count 55)
merge 6448: (5696, 4239) -> 6704 (count 55)
merge 6449: (5042, 568) -> 6705 (count 55)
merge 6450: (874, 6525) -> 6706 (count 55)
merge 6451: (1649, 4862) -> 6707 (count 55)
merge 6452: (1227, 2310) -> 6708 (count 55)
merge 6453: (526, 278) -> 6709 (count 55)
merge 6454: (703, 4600) -> 6710 (count 55)
merge 6455: (320, 1146) -> 6711 (count 55)
merge 6456: (471, 3100) -> 6712 (count 55)
merge 6457: (4768, 6630) -> 6713 (count 55)
merge 6458: (608, 1425) -> 6714 (count 55)
merge 6459: (2639, 1365) -> 6715 (count 55)
merge 6460: (3819, 893) -> 6716 (count 55)
merge 6461: (1470, 276) -> 6717 (count 55)
merge 6462: (797, 604) -> 6718 (count 55)
merge 6463: (6108, 342) -> 6719 (count 55)
merge 6464: (469, 3743) -> 6720 (count 55)
merge 6465: (433, 757) -> 6721 (count 55)
merge 6466: (385, 870) -> 6722 (count 55)
merge 6467: (3003, 111) -> 6723 (count 55)
merge 6468: (3213, 1461) -> 6724 (count 55)
merge 6469: (1602, 292) -> 6725 (count 55)
merge 6470: (2441, 278) -> 6726 (count 55)
merge 6471: (5333, 1501) -> 6727 (count 55)
merge 6472: (512, 6524) -> 6728 (count 55)
merge 6473: (669, 112) -> 6729 (count 55)
merge 6474: (331, 114) -> 6730 (count 55)
merge 6475: (2874, 115) -> 6731 (count 55)
merge 6476: (4680, 2386) -> 6732 (count 55)
merge 6477: (5857, 357) -> 6733 (count 55)
merge 6478: (4025, 288) -> 6734 (count 55)
merge 6479: (472, 83) -> 6735 (count 55)
merge 6480: (481, 376) -> 6736 (count 55)
merge 6481: (470, 70) -> 6737 (count 55)
merge 6482: (1454, 92) -> 6738 (count 55)
merge 6483: (32, 5914) -> 6739 (count 55)
merge 6484: (394, 889) -> 6740 (count 54)
merge 6485: (261, 407) -> 6741 (count 54)
merge 6486: (1705, 397) -> 6742 (count 54)
merge 6487: (6054, 376) -> 6743 (count 54)
merge 6488: (270, 651) -> 6744 (count 54)
merge 6489: (474, 273) -> 6745 (count 54)
merge 6490: (912, 267) -> 6746 (count 54)
merge 6491: (292, 5678) -> 6747 (count 54)
merge 6492: (105, 441) -> 6748 (count 54)
merge 6493: (259, 257) -> 6749 (count 54)
merge 6494: (103, 116) -> 6750 (count 54)
merge 6495: (4728, 278) -> 6751 (count 54)
merge 6496: (1438, 1916) -> 6752 (count 54)
merge 6497: (276, 513) -> 6753 (count 54)
merge 6498: (276, 317) -> 6754 (count 54)
merge 6499: (4943, 266) -> 6755 (count 54)
merge 6500: (100, 289) -> 6756 (count 54)
merge 6501: (400, 6749) -> 6757 (count 54)
merge 6502: (756, 278) -> 6758 (count 54)
merge 6503: (751, 753) -> 6759 (count 54)
merge 6504: (85, 83) -> 6760 (count 54)
merge 6505: (76, 849) -> 6761 (count 54)
merge 6506: (6641, 78) -> 6762 (count 54)
merge 6507: (66, 811) -> 6763 (count 54)
merge 6508: (54, 57) -> 6764 (count 54)
merge 6509: (1449, 2168) -> 6765 (count 54)
merge 6510: (287, 5147) -> 6766 (count 54)
merge 6511: (287, 2394) -> 6767 (count 54)
merge 6512: (3288, 5575) -> 6768 (count 54)
merge 6513: (502, 1064) -> 6769 (count 54)
merge 6514: (1593, 2806) -> 6770 (count 54)
merge 6515: (997, 107) -> 6771 (count 54)
merge 6516: (1155, 2902) -> 6772 (count 54)
merge 6517: (580, 791) -> 6773 (count 54)
merge 6518: (6073, 5278) -> 6774 (count 54)
merge 6519: (471, 456) -> 6775 (count 54)
merge 6520: (3941, 911) -> 6776 (count 54)
merge 6521: (4768, 3501) -> 6777 (count 54)
merge 6522: (4017, 3425) -> 6778 (count 54)
merge 6523: (581, 264) -> 6779 (count 54)
merge 6524: (1575, 276) -> 6780 (count 54)
merge 6525: (1575, 286) -> 6781 (count 54)
merge 6526: (3081, 366) -> 6782 (count 54)
merge 6527: (1094, 6056) -> 6783 (count 54)
merge 6528: (476, 4604) -> 6784 (count 54)
merge 6529: (410, 2589) -> 6785 (count 54)
merge 6530: (5705, 362) -> 6786 (count 54)
merge 6531: (812, 5648) -> 6787 (count 54)
merge 6532: (531, 513) -> 6788 (count 54)
merge 6533: (381, 491) -> 6789 (count 54)
merge 6534: (378, 109) -> 6790 (count 54)
merge 6535: (459, 3787) -> 6791 (count 54)
merge 6536: (409, 67) -> 6792 (count 54)
merge 6537: (6041, 307) -> 6793 (count 54)
merge 6538: (472, 5038) -> 6794 (count 54)
merge 6539: (481, 3944) -> 6795 (count 54)
merge 6540: (2644, 314) -> 6796 (count 54)
merge 6541: (2635, 48) -> 6797 (count 54)
merge 6542: (121, 114) -> 6798 (count 53)
merge 6543: (118, 1223) -> 6799 (count 53)
merge 6544: (116, 1370) -> 6800 (count 53)
merge 6545: (356, 615) -> 6801 (count 53)
merge 6546: (5724, 1204) -> 6802 (count 53)
merge 6547: (6131, 270) -> 6803 (count 53)
merge 6548: (258, 1054) -> 6804 (count 53)
merge 6549: (258, 495) -> 6805 (count 53)
merge 6550: (339, 653) -> 6806 (count 53)
merge 6551: (104, 4983) -> 6807 (count 53)
merge 6552: (102, 98) -> 6808 (count 53)
merge 6553: (1128, 1190) -> 6809 (count 53)
merge 6554: (495, 6364) -> 6810 (count 53)
merge 6555: (1343, 1049) -> 6811 (count 53)
merge 6556: (271, 566) -> 6812 (count 53)
merge 6557: (2202, 314) -> 6813 (count 53)
merge 6558: (313, 276) -> 6814 (count 53)
merge 6559: (3083, 314) -> 6815 (count 53)
merge 6560: (831, 518) -> 6816 (count 53)
merge 6561: (83, 2103) -> 6817 (count 53)
merge 6562: (79, 427) -> 6818 (count 53)
merge 6563: (75, 5826) -> 6819 (count 53)
merge 6564: (66, 316) -> 6820 (count 53)
merge 6565: (359, 6747) -> 6821 (count 53)
merge 6566: (2176, 5247) -> 6822 (count 53)
merge 6567: (4247, 342) -> 6823 (count 53)
merge 6568: (502, 97) -> 6824 (count 53)
merge 6569: (374, 3803) -> 6825 (count 53)
merge 6570: (265, 2625) -> 6826 (count 53)
merge 6571: (265, 1370) -> 6827 (count 53)
merge 6572: (388, 1609) -> 6828 (count 53)
merge 6573: (618, 4965) -> 6829 (count 53)
merge 6574: (618, 1694) -> 6830 (count 53)
merge 6575: (6196, 336) -> 6831 (count 53)
merge 6576: (5980, 99) -> 6832 (count 53)
merge 6577: (894, 713) -> 6833 (count 53)
merge 6578: (5700, 2212) -> 6834 (count 53)
merge 6579: (3105, 1006) -> 6835 (count 53)
merge 6580: (1023, 278) -> 6836 (count 53)
merge 6581: (3324, 115) -> 6837 (count 53)
merge 6582: (909, 264) -> 6838 (count 53)
merge 6583: (3561, 631) -> 6839 (count 53)
merge 6584: (803, 569) -> 6840 (count 53)
merge 6585: (1192, 569) -> 6841 (count 53)
merge 6586: (538, 317) -> 6842 (count 53)
merge 6587: (6289, 656) -> 6843 (count 53)
merge 6588: (1070, 101) -> 6844 (count 53)
merge 6589: (850, 449) -> 6845 (count 53)
merge 6590: (3081, 284) -> 6846 (count 53)
merge 6591: (3893, 564) -> 6847 (count 53)
merge 6592: (6345, 1843) -> 6848 (count 53)
merge 6593: (1278, 4319) -> 6849 (count 53)
merge 6594: (3258, 5952) -> 6850 (count 53)
merge 6595: (2194, 115) -> 6851 (count 53)
merge 6596: (2301, 878) -> 6852 (count 53)
merge 6597: (2917, 286) -> 6853 (count 53)
merge 6598: (353, 101) -> 6854 (count 53)
merge 6599: (3031, 656) -> 6855 (count 53)
merge 6600: (308, 3297) -> 6856 (count 53)
merge 6601: (2509, 121) -> 6857 (count 53)
merge 6602: (2509, 1366) -> 6858 (count 53)
merge 6603: (4022, 522) -> 6859 (count 53)
merge 6604: (1506, 1190) -> 6860 (count 53)
merge 6605: (1828, 6762) -> 6861 (count 53)
merge 6606: (6613, 336) -> 6862 (count 53)
merge 6607: (459, 1007) -> 6863 (count 53)
merge 6608: (492, 1019) -> 6864 (count 53)
merge 6609: (451, 79) -> 6865 (count 53)
merge 6610: (1954, 2542) -> 6866 (count 53)
merge 6611: (470, 497) -> 6867 (count 53)
merge 6612: (5208, 1726) -> 6868 (count 52)
merge 6613: (361, 284) -> 6869 (count 52)
merge 6614: (6462, 112) -> 6870 (count 52)
merge 6615: (373, 3256) -> 6871 (count 52)
merge 6616: (369, 333) -> 6872 (count 52)
merge 6617: (112, 792) -> 6873 (count 52)
merge 6618: (112, 2624) -> 6874 (count 52)
merge 6619: (1491, 2713) -> 6875 (count 52)
merge 6620: (763, 266) -> 6876 (count 52)
merge 6621: (6750, 816) -> 6877 (count 52)
merge 6622: (3311, 572) -> 6878 (count 52)
merge 6623: (1239, 2130) -> 6879 (count 52)
merge 6624: (102, 4401) -> 6880 (count 52)
merge 6625: (1069, 286) -> 6881 (count 52)
merge 6626: (266, 261) -> 6882 (count 52)
merge 6627: (266, 259) -> 6883 (count 52)
merge 6628: (100, 495) -> 6884 (count 52)
merge 6629: (98, 627) -> 6885 (count 52)
merge 6630: (1230, 115) -> 6886 (count 52)
merge 6631: (731, 6674) -> 6887 (count 52)
merge 6632: (1317, 346) -> 6888 (count 52)
merge 6633: (302, 362) -> 6889 (count 52)
merge 6634: (1540, 43) -> 6890 (count 52)
merge 6635: (91, 92) -> 6891 (count 52)
merge 6636: (83, 67) -> 6892 (count 52)
merge 6637: (3964, 825) -> 6893 (count 52)
merge 6638: (76, 2375) -> 6894 (count 52)
merge 6639: (54, 50) -> 6895 (count 52)
merge 6640: (52, 49) -> 6896 (count 52)
merge 6641: (4922, 513) -> 6897 (count 52)
merge 6642: (4160, 564) -> 6898 (count 52)
merge 6643: (374, 5674) -> 6899 (count 52)
merge 6644: (2672, 449) -> 6900 (count 52)
merge 6645: (5890, 713) -> 6901 (count 52)
merge 6646: (894, 271) -> 6902 (count 52)
merge 6647: (468, 3501) -> 6903 (count 52)
merge 6648: (428, 2074) -> 6904 (count 52)
merge 6649: (1074, 401) -> 6905 (count 52)
merge 6650: (586, 2275) -> 6906 (count 52)
merge 6651: (5984, 1032) -> 6907 (count 52)
merge 6652: (281, 4893) -> 6908 (count 52)
merge 6653: (329, 3412) -> 6909 (count 52)
merge 6654: (2882, 276) -> 6910 (count 52)
merge 6655: (434, 6526) -> 6911 (count 52)
merge 6656: (1538, 5881) -> 6912 (count 52)
merge 6657: (4587, 278) -> 6913 (count 52)
merge 6658: (2917, 115) -> 6914 (count 52)
merge 6659: (410, 1766) -> 6915 (count 52)
merge 6660: (4817, 507) -> 6916 (count 52)
merge 6661: (3823, 115) -> 6917 (count 52)
merge 6662: (741, 1864) -> 6918 (count 52)
merge 6663: (1946, 482) -> 6919 (count 52)
merge 6664: (378, 1434) -> 6920 (count 52)
merge 6665: (4638, 5434) -> 6921 (count 52)
merge 6666: (472, 338) -> 6922 (count 52)
merge 6667: (472, 1016) -> 6923 (count 52)
merge 6668: (6264, 357) -> 6924 (count 52)
merge 6669: (395, 114) -> 6925 (count 52)
merge 6670: (3956, 121) -> 6926 (count 52)
merge 6671: (119, 110) -> 6927 (count 51)
merge 6672: (414, 278) -> 6928 (count 51)
merge 6673: (810, 109) -> 6929 (count 51)
merge 6674: (312, 2814) -> 6930 (count 51)
merge 6675: (5722, 99) -> 6931 (count 51)
merge 6676: (279, 2717) -> 6932 (count 51)
merge 6677: (366, 513) -> 6933 (count 51)
merge 6678: (354, 4756) -> 6934 (count 51)
merge 6679: (870, 486) -> 6935 (count 51)
merge 6680: (347, 286) -> 6936 (count 51)
merge 6681: (562, 1461) -> 6937 (count 51)
merge 6682: (284, 317) -> 6938 (count 51)
merge 6683: (706, 276) -> 6939 (count 51)
merge 6684: (103, 637) -> 6940 (count 51)
merge 6685: (102, 354) -> 6941 (count 51)
merge 6686: (3960, 754) -> 6942 (count 51)
merge 6687: (6883, 6408) -> 6943 (count 51)
merge 6688: (5680, 5174) -> 6944 (count 51)
merge 6689: (271, 116) -> 6945 (count 51)
merge 6690: (301, 513) -> 6946 (count 51)
merge 6691: (85, 1057) -> 6947 (count 51)
merge 6692: (79, 607) -> 6948 (count 51)
merge 6693: (4304, 362) -> 6949 (count 51)
merge 6694: (4736, 746) -> 6950 (count 51)
merge 6695: (66, 70) -> 6951 (count 51)
merge 6696: (61, 40) -> 6952 (count 51)
merge 6697: (47, 36) -> 6953 (count 51)
merge 6698: (487, 1687) -> 6954 (count 51)
merge 6699: (3122, 5880) -> 6955 (count 51)
merge 6700: (4189, 921) -> 6956 (count 51)
merge 6701: (874, 4385) -> 6957 (count 51)
merge 6702: (6902, 615) -> 6958 (count 51)
merge 6703: (1002, 2017) -> 6959 (count 51)
merge 6704: (272, 6523) -> 6960 (count 51)
merge 6705: (1025, 4270) -> 6961 (count 51)
merge 6706: (5623, 478) -> 6962 (count 51)
merge 6707: (375, 4211) -> 6963 (count 51)
merge 6708: (283, 501) -> 6964 (count 51)
merge 6709: (895, 2283) -> 6965 (count 51)
merge 6710: (320, 3425) -> 6966 (count 51)
merge 6711: (5294, 397) -> 6967 (count 51)
merge 6712: (508, 3347) -> 6968 (count 51)
merge 6713: (2882, 278) -> 6969 (count 51)
merge 6714: (3432, 1390) -> 6970 (count 51)
merge 6715: (295, 6813) -> 6971 (count 51)
merge 6716: (3336, 3841) -> 6972 (count 51)
merge 6717: (1150, 362) -> 6973 (count 51)
merge 6718: (4193, 444) -> 6974 (count 51)
merge 6719: (268, 907) -> 6975 (count 51)
merge 6720: (1945, 120) -> 6976 (count 51)
merge 6721: (1945, 6268) -> 6977 (count 51)
merge 6722: (291, 316) -> 6978 (count 51)
merge 6723: (291, 266) -> 6979 (count 51)
merge 6724: (669, 1812) -> 6980 (count 51)
merge 6725: (331, 1050) -> 6981 (count 51)
merge 6726: (4454, 1117) -> 6982 (count 51)
merge 6727: (378, 861) -> 6983 (count 51)
merge 6728: (378, 2272) -> 6984 (count 51)
merge 6729: (1759, 6875) -> 6985 (count 51)
merge 6730: (657, 1463) -> 6986 (count 51)
merge 6731: (459, 5142) -> 6987 (count 51)
merge 6732: (983, 97) -> 6988 (count 51)
merge 6733: (6736, 6933) -> 6989 (count 51)
merge 6734: (1869, 774) -> 6990 (count 51)
merge 6735: (451, 279) -> 6991 (count 51)
merge 6736: (3317, 864) -> 6992 (count 51)
merge 6737: (470, 2735) -> 6993 (count 51)
merge 6738: (3760, 36) -> 6994 (count 50)
merge 6739: (125, 2338) -> 6995 (count 50)
merge 6740: (119, 2149) -> 6996 (count 50)
merge 6741: (322, 296) -> 6997 (count 50)
merge 6742: (290, 3803) -> 6998 (count 50)
merge 6743: (115, 282) -> 6999 (count 50)
merge 6744: (507, 6134) -> 7000 (count 50)
merge 6745: (1832, 6871) -> 7001 (count 50)
merge 6746: (607, 113) -> 7002 (count 50)
merge 6747: (1421, 5644) -> 7003 (count 50)
merge 6748: (282, 2219) -> 7004 (count 50)
merge 6749: (259, 279) -> 7005 (count 50)
merge 6750: (100, 5111) -> 7006 (count 50)
merge 6751: (99, 74) -> 7007 (count 50)
merge 6752: (301, 282) -> 7008 (count 50)
merge 6753: (269, 6634) -> 7009 (count 50)
merge 6754: (1541, 995) -> 7010 (count 50)
merge 6755: (84, 115) -> 7011 (count 50)
merge 6756: (2868, 1585) -> 7012 (count 50)
merge 6757: (6818, 6943) -> 7013 (count 50)
merge 6758: (75, 76) -> 7014 (count 50)
merge 6759: (69, 1762) -> 7015 (count 50)
merge 6760: (549, 3804) -> 7016 (count 50)
merge 6761: (67, 257) -> 7017 (count 50)
merge 6762: (67, 269) -> 7018 (count 50)
merge 6763: (66, 79) -> 7019 (count 50)
merge 6764: (1214, 4320) -> 7020 (count 50)
merge 6765: (1191, 5086) -> 7021 (count 50)
merge 6766: (2126, 6877) -> 7022 (count 50)
merge 6767: (265, 119) -> 7023 (count 50)
merge 6768: (388, 3347) -> 7024 (count 50)
merge 6769: (388, 104) -> 7025 (count 50)
merge 6770: (4176, 2464) -> 7026 (count 50)
merge 6771: (2554, 968) -> 7027 (count 50)
merge 6772: (5416, 742) -> 7028 (count 50)
merge 6773: (5662, 1334) -> 7029 (count 50)
merge 6774: (5455, 278) -> 7030 (count 50)
merge 6775: (636, 1507) -> 7031 (count 50)
merge 6776: (3791, 317) -> 7032 (count 50)
merge 6777: (281, 6742) -> 7033 (count 50)
merge 6778: (3629, 7009) -> 7034 (count 50)
merge 6779: (3077, 101) -> 7035 (count 50)
merge 6780: (274, 6578) -> 7036 (count 50)
merge 6781: (1336, 1704) -> 7037 (count 50)
merge 6782: (6159, 386) -> 7038 (count 50)
merge 6783: (280, 2877) -> 7039 (count 50)
merge 6784: (5130, 3033) -> 7040 (count 50)
merge 6785: (3837, 357) -> 7041 (count 50)
merge 6786: (3316, 893) -> 7042 (count 50)
merge 6787: (1902, 2501) -> 7043 (count 50)
merge 6788: (410, 346) -> 7044 (count 50)
merge 6789: (927, 278) -> 7045 (count 50)
merge 6790: (4022, 5604) -> 7046 (count 50)
merge 6791: (5853, 258) -> 7047 (count 50)
merge 6792: (4588, 418) -> 7048 (count 50)
merge 6793: (2936, 278) -> 7049 (count 50)
merge 6794: (378, 79) -> 7050 (count 50)
merge 6795: (5820, 1330) -> 7051 (count 50)
merge 6796: (459, 114) -> 7052 (count 50)
merge 6797: (459, 6757) -> 7053 (count 50)
merge 6798: (983, 6887) -> 7054 (count 50)
merge 6799: (6989, 314) -> 7055 (count 50)
merge 6800: (6615, 583) -> 7056 (count 50)
merge 6801: (5904, 6624) -> 7057 (count 50)
merge 6802: (2161, 103) -> 7058 (count 50)
merge 6803: (125, 1279) -> 7059 (count 49)
merge 6804: (5369, 1544) -> 7060 (count 49)
merge 6805: (5946, 3280) -> 7061 (count 49)
merge 6806: (2248, 1427) -> 7062 (count 49)
merge 6807: (332, 299) -> 7063 (count 49)
merge 6808: (1930, 715) -> 7064 (count 49)
merge 6809: (310, 6135) -> 7065 (count 49)
merge 6810: (115, 2272) -> 7066 (count 49)
merge 6811: (366, 900) -> 7067 (count 49)
merge 6812: (263, 408) -> 7068 (count 49)
merge 6813: (870, 116) -> 7069 (count 49)
merge 6814: (2499, 4422) -> 7070 (count 49)
merge 6815: (324, 105) -> 7071 (count 49)
merge 6816: (507, 2256) -> 7072 (count 49)
merge 6817: (111, 7004) -> 7073 (count 49)
merge 6818: (607, 4984) -> 7074 (count 49)
merge 6819: (110, 1783) -> 7075 (count 49)
merge 6820: (533, 1843) -> 7076 (count 49)
merge 6821: (108, 439) -> 7077 (count 49)
merge 6822: (763, 276) -> 7078 (count 49)
merge 6823: (2104, 634) -> 7079 (count 49)
merge 6824: (364, 1981) -> 7080 (count 49)
merge 6825: (103, 454) -> 7081 (count 49)
merge 6826: (1458, 267) -> 7082 (count 49)
merge 6827: (276, 742) -> 7083 (count 49)
merge 6828: (98, 7070) -> 7084 (count 49)
merge 6829: (1147, 267) -> 7085 (count 49)
merge 6830: (4807, 311) -> 7086 (count 49)
merge 6831: (267, 107) -> 7087 (count 49)
merge 6832: (83, 1688) -> 7088 (count 49)
merge 6833: (6414, 1170) -> 7089 (count 49)
merge 6834: (82, 77) -> 7090 (count 49)
merge 6835: (71, 637) -> 7091 (count 49)
merge 6836: (66, 3748) -> 7092 (count 49)
merge 6837: (41, 47) -> 7093 (count 49)
merge 6838: (868, 1813) -> 7094 (count 49)
merge 6839: (487, 1812) -> 7095 (count 49)
merge 6840: (487, 1795) -> 7096 (count 49)
merge 6841: (874, 4724) -> 7097 (count 49)
merge 6842: (6278, 5679) -> 7098 (count 49)
merge 6843: (265, 2272) -> 7099 (count 49)
merge 6844: (265, 408) -> 7100 (count 49)
merge 6845: (1593, 791) -> 7101 (count 49)
merge 6846: (3986, 286) -> 7102 (count 49)
merge 6847: (298, 6181) -> 7103 (count 49)
merge 6848: (606, 668) -> 7104 (count 49)
merge 6849: (894, 301) -> 7105 (count 49)
merge 6850: (894, 3413) -> 7106 (count 49)
merge 6851: (2809, 4385) -> 7107 (count 49)
merge 6852: (3239, 317) -> 7108 (count 49)
merge 6853: (4055, 344) -> 7109 (count 49)
merge 6854: (681, 336) -> 7110 (count 49)
merge 6855: (3791, 6527) -> 7111 (count 49)
merge 6856: (584, 307) -> 7112 (count 49)
merge 6857: (1433, 5472) -> 7113 (count 49)
merge 6858: (4930, 6089) -> 7114 (count 49)
merge 6859: (1563, 301) -> 7115 (count 49)
merge 6860: (850, 2393) -> 7116 (count 49)
merge 6861: (5589, 344) -> 7117 (count 49)
merge 6862: (274, 3910) -> 7118 (count 49)
merge 6863: (623, 5314) -> 7119 (count 49)
merge 6864: (433, 112) -> 7120 (count 49)
merge 6865: (3631, 1743) -> 7121 (count 49)
merge 6866: (280, 423) -> 7122 (count 49)
merge 6867: (4338, 5440) -> 7123 (count 49)
merge 6868: (1100, 357) -> 7124 (count 49)
merge 6869: (1911, 1916) -> 7125 (count 49)
merge 6870: (308, 366) -> 7126 (count 49)
merge 6871: (417, 97) -> 7127 (count 49)
merge 6872: (6979, 3229) -> 7128 (count 49)
merge 6873: (3063, 711) -> 7129 (count 49)
merge 6874: (4588, 745) -> 7130 (count 49)
merge 6875: (3386, 513) -> 7131 (count 49)
merge 6876: (4591, 464) -> 7132 (count 49)
merge 6877: (378, 6809) -> 7133 (count 49)
merge 6878: (5599, 1773) -> 7134 (count 49)
merge 6879: (2221, 257) -> 7135 (count 49)
merge 6880: (472, 529) -> 7136 (count 49)
merge 6881: (415, 115) -> 7137 (count 49)
merge 6882: (415, 2106) -> 7138 (count 49)
merge 6883: (848, 527) -> 7139 (count 49)
merge 6884: (492, 4146) -> 7140 (count 49)
merge 6885: (4288, 115) -> 7141 (count 49)
merge 6886: (3656, 788) -> 7142 (count 49)
merge 6887: (1368, 1030) -> 7143 (count 49)
merge 6888: (2035, 3591) -> 7144 (count 49)
merge 6889: (5400, 655) -> 7145 (count 49)
merge 6890: (1811, 48) -> 7146 (count 49)
merge 6891: (32, 6929) -> 7147 (count 49)
merge 6892: (32, 44) -> 7148 (count 49)
merge 6893: (1276, 40) -> 7149 (count 48)
merge 6894: (3634, 257) -> 7150 (count 48)
merge 6895: (4383, 278) -> 7151 (count 48)
merge 6896: (4383, 286) -> 7152 (count 48)
merge 6897: (312, 339) -> 7153 (count 48)
merge 6898: (1426, 675) -> 7154 (count 48)
merge 6899: (263, 267) -> 7155 (count 48)
merge 6900: (354, 2120) -> 7156 (count 48)
merge 6901: (7156, 362) -> 7157 (count 48)
merge 6902: (112, 1556) -> 7158 (count 48)
merge 6903: (334, 1131) -> 7159 (count 48)
merge 6904: (111, 660) -> 7160 (count 48)
merge 6905: (602, 6941) -> 7161 (count 48)
merge 6906: (7161, 107) -> 7162 (count 48)
merge 6907: (5248, 110) -> 7163 (count 48)
merge 6908: (6627, 5953) -> 7164 (count 48)
merge 6909: (364, 105) -> 7165 (count 48)
merge 6910: (105, 366) -> 7166 (count 48)
merge 6911: (99, 284) -> 7167 (count 48)
merge 6912: (3786, 120) -> 7168 (count 48)
merge 6913: (98, 2313) -> 7169 (count 48)
merge 6914: (80, 3125) -> 7170 (count 48)
merge 6915: (78, 3603) -> 7171 (count 48)
merge 6916: (66, 73) -> 7172 (count 48)
merge 6917: (1449, 2628) -> 7173 (count 48)
merge 6918: (842, 278) -> 7174 (count 48)
merge 6919: (3701, 115) -> 7175 (count 48)
merge 6920: (1238, 302) -> 7176 (count 48)
merge 6921: (4872, 482) -> 7177 (count 48)
merge 6922: (6423, 286) -> 7178 (count 48)
merge 6923: (5325, 314) -> 7179 (count 48)
merge 6924: (2191, 396) -> 7180 (count 48)
merge 6925: (4875, 2713) -> 7181 (count 48)
merge 6926: (5222, 6804) -> 7182 (count 48)
merge 6927: (1873, 391) -> 7183 (count 48)
merge 6928: (4331, 6222) -> 7184 (count 48)
merge 6929: (894, 6316) -> 7185 (count 48)
merge 6930: (4248, 632) -> 7186 (count 48)
merge 6931: (3293, 344) -> 7187 (count 48)
merge 6932: (6075, 307) -> 7188 (count 48)
merge 6933: (320, 5960) -> 7189 (count 48)
merge 6934: (2825, 6628) -> 7190 (count 48)
merge 6935: (1521, 4133) -> 7191 (count 48)
merge 6936: (581, 278) -> 7192 (count 48)
merge 6937: (2658, 821) -> 7193 (count 48)
merge 6938: (6249, 105) -> 7194 (count 48)
merge 6939: (623, 2888) -> 7195 (count 48)
merge 6940: (1686, 352) -> 7196 (count 48)
merge 6941: (2101, 7153) -> 7197 (count 48)
merge 6942: (1646, 261) -> 7198 (count 48)
merge 6943: (2863, 296) -> 7199 (count 48)
merge 6944: (3015, 286) -> 7200 (count 48)
merge 6945: (793, 571) -> 7201 (count 48)
merge 6946: (268, 344) -> 7202 (count 48)
merge 6947: (387, 376) -> 7203 (count 48)
merge 6948: (355, 1096) -> 7204 (count 48)
merge 6949: (2441, 568) -> 7205 (count 48)
merge 6950: (260, 3422) -> 7206 (count 48)
merge 6951: (331, 7000) -> 7207 (count 48)
merge 6952: (378, 6681) -> 7208 (count 48)
merge 6953: (5366, 2959) -> 7209 (count 48)
merge 6954: (536, 117) -> 7210 (count 48)
merge 6955: (4025, 5217) -> 7211 (count 48)
merge 6956: (5750, 86) -> 7212 (count 48)
merge 6957: (472, 79) -> 7213 (count 48)
merge 6958: (446, 267) -> 7214 (count 48)
merge 6959: (451, 3867) -> 7215 (count 48)
merge 6960: (4318, 5579) -> 7216 (count 48)
merge 6961: (6672, 6937) -> 7217 (count 48)
merge 6962: (119, 3686) -> 7218 (count 47)
merge 6963: (114, 490) -> 7219 (count 47)
merge 6964: (347, 278) -> 7220 (count 47)
merge 6965: (2283, 286) -> 7221 (count 47)
merge 6966: (1691, 4662) -> 7222 (count 47)
merge 6967: (111, 1948) -> 7223 (count 47)
merge 6968: (6129, 3446) -> 7224 (count 47)
merge 6969: (110, 84) -> 7225 (count 47)
merge 6970: (5403, 307) -> 7226 (count 47)
merge 6971: (282, 257) -> 7227 (count 47)
merge 6972: (282, 266) -> 7228 (count 47)
merge 6973: (663, 257) -> 7229 (count 47)
merge 6974: (2777, 5113) -> 7230 (count 47)
merge 6975: (269, 397) -> 7231 (count 47)
merge 6976: (697, 278) -> 7232 (count 47)
merge 6977: (408, 338) -> 7233 (count 47)
merge 6978: (422, 45) -> 7234 (count 47)
merge 6979: (93, 36) -> 7235 (count 47)
merge 6980: (87, 3048) -> 7236 (count 47)
merge 6981: (77, 4145) -> 7237 (count 47)
merge 6982: (77, 390) -> 7238 (count 47)
merge 6983: (4650, 479) -> 7239 (count 47)
merge 6984: (58, 47) -> 7240 (count 47)
merge 6985: (7240, 47) -> 7241 (count 47)
merge 6986: (54, 53) -> 7242 (count 47)
merge 6987: (54, 52) -> 7243 (count 47)
merge 6988: (1670, 41) -> 7244 (count 47)
merge 6989: (844, 101) -> 7245 (count 47)
merge 6990: (1955, 756) -> 7246 (count 47)
merge 6991: (256, 3255) -> 7247 (count 47)
merge 6992: (3205, 286) -> 7248 (count 47)
merge 6993: (6647, 477) -> 7249 (count 47)
merge 6994: (2672, 749) -> 7250 (count 47)
merge 6995: (4070, 339) -> 7251 (count 47)
merge 6996: (1408, 286) -> 7252 (count 47)
merge 6997: (4875, 571) -> 7253 (count 47)
merge 6998: (596, 506) -> 7254 (count 47)
merge 6999: (298, 1000) -> 7255 (count 47)
merge 7000: (4248, 3310) -> 7256 (count 47)
merge 7001: (2736, 4223) -> 7257 (count 47)
merge 7002: (580, 2902) -> 7258 (count 47)
merge 7003: (272, 414) -> 7259 (count 47)
merge 7004: (6655, 6125) -> 7260 (count 47)
merge 7005: (4745, 444) -> 7261 (count 47)
merge 7006: (2207, 807) -> 7262 (count 47)
merge 7007: (2207, 5007) -> 7263 (count 47)
merge 7008: (320, 2859) -> 7264 (count 47)
merge 7009: (1521, 264) -> 7265 (count 47)
merge 7010: (1431, 314) -> 7266 (count 47)
merge 7011: (6200, 527) -> 7267 (count 47)
merge 7012: (2440, 278) -> 7268 (count 47)
merge 7013: (274, 562) -> 7269 (count 47)
merge 7014: (623, 108) -> 7270 (count 47)
merge 7015: (5196, 276) -> 7271 (count 47)
merge 7016: (4676, 2817) -> 7272 (count 47)
merge 7017: (6443, 1833) -> 7273 (count 47)
merge 7018: (385, 118) -> 7274 (count 47)
merge 7019: (3535, 115) -> 7275 (count 47)
merge 7020: (1247, 386) -> 7276 (count 47)
merge 7021: (1035, 278) -> 7277 (count 47)
merge 7022: (3296, 1323) -> 7278 (count 47)
merge 7023: (3327, 332) -> 7279 (count 47)
merge 7024: (268, 488) -> 7280 (count 47)
merge 7025: (2630, 418) -> 7281 (count 47)
merge 7026: (4567, 2813) -> 7282 (count 47)
merge 7027: (1376, 1223) -> 7283 (count 47)
merge 7028: (6980, 1875) -> 7284 (count 47)
merge 7029: (5004, 615) -> 7285 (count 47)
merge 7030: (378, 4545) -> 7286 (count 47)
merge 7031: (378, 1345) -> 7287 (count 47)
merge 7032: (613, 356) -> 7288 (count 47)
merge 7033: (536, 80) -> 7289 (count 47)
merge 7034: (472, 305) -> 7290 (count 47)
merge 7035: (1954, 269) -> 7291 (count 47)
merge 7036: (875, 49) -> 7292 (count 47)
merge 7037: (4474, 1276) -> 7293 (count 47)
merge 7038: (414, 286) -> 7294 (count 46)
merge 7039: (322, 2562) -> 7295 (count 46)
merge 7040: (309, 3281) -> 7296 (count 46)
merge 7041: (309, 264) -> 7297 (count 46)
merge 7042: (522, 279) -> 7298 (count 46)
merge 7043: (441, 3483) -> 7299 (count 46)
merge 7044: (2322, 288) -> 7300 (count 46)
merge 7045: (5955, 589) -> 7301 (count 46)
merge 7046: (5310, 2116) -> 7302 (count 46)
merge 7047: (1544, 284) -> 7303 (count 46)
merge 7048: (1069, 1569) -> 7304 (count 46)
merge 7049: (4066, 7229) -> 7305 (count 46)
merge 7050: (100, 2140) -> 7306 (count 46)
merge 7051: (99, 497) -> 7307 (count 46)
merge 7052: (5404, 101) -> 7308 (count 46)
merge 7053: (97, 365) -> 7309 (count 46)
merge 7054: (86, 4276) -> 7310 (count 46)
merge 7055: (83, 104) -> 7311 (count 46)
merge 7056: (4513, 1475) -> 7312 (count 46)
merge 7057: (78, 67) -> 7313 (count 46)
merge 7058: (73, 116) -> 7314 (count 46)
merge 7059: (73, 4763) -> 7315 (count 46)
merge 7060: (70, 270) -> 7316 (count 46)
merge 7061: (70, 83) -> 7317 (count 46)
merge 7062: (69, 86) -> 7318 (count 46)
merge 7063: (68, 65) -> 7319 (count 46)
merge 7064: (67, 987) -> 7320 (count 46)
merge 7065: (1537, 115) -> 7321 (count 46)
merge 7066: (52, 55) -> 7322 (count 46)
merge 7067: (2628, 3060) -> 7323 (count 46)
merge 7068: (716, 1813) -> 7324 (count 46)
merge 7069: (4693, 121) -> 7325 (count 46)
merge 7070: (265, 6812) -> 7326 (count 46)
merge 7071: (596, 344) -> 7327 (count 46)
merge 7072: (298, 6016) -> 7328 (count 46)
merge 7073: (1626, 344) -> 7329 (count 46)
merge 7074: (1183, 278) -> 7330 (count 46)
merge 7075: (1037, 5682) -> 7331 (count 46)
merge 7076: (2545, 631) -> 7332 (count 46)
merge 7077: (303, 117) -> 7333 (count 46)
merge 7078: (1212, 2153) -> 7334 (count 46)
merge 7079: (3306, 968) -> 7335 (count 46)
merge 7080: (538, 7223) -> 7336 (count 46)
merge 7081: (1907, 386) -> 7337 (count 46)
merge 7082: (532, 1398) -> 7338 (count 46)
merge 7083: (504, 656) -> 7339 (count 46)
merge 7084: (3666, 270) -> 7340 (count 46)
merge 7085: (6441, 296) -> 7341 (count 46)
merge 7086: (1145, 3567) -> 7342 (count 46)
merge 7087: (6552, 296) -> 7343 (count 46)
merge 7088: (280, 2422) -> 7344 (count 46)
merge 7089: (308, 429) -> 7345 (count 46)
merge 7090: (2410, 263) -> 7346 (count 46)
merge 7091: (1335, 1494) -> 7347 (count 46)
merge 7092: (5935, 6221) -> 7348 (count 46)
merge 7093: (1253, 2433) -> 7349 (count 46)
merge 7094: (360, 1231) -> 7350 (count 46)
merge 7095: (669, 114) -> 7351 (count 46)
merge 7096: (1946, 344) -> 7352 (count 46)
merge 7097: (378, 119) -> 7353 (count 46)
merge 7098: (459, 682) -> 7354 (count 46)
merge 7099: (1235, 5950) -> 7355 (count 46)
merge 7100: (409, 913) -> 7356 (count 46)
merge 7101: (4380, 791) -> 7357 (count 46)
merge 7102: (492, 6876) -> 7358 (count 46)
merge 7103: (451, 302) -> 7359 (count 46)
merge 7104: (451, 6698) -> 7360 (count 46)
merge 7105: (5940, 3118) -> 7361 (count 46)
merge 7106: (435, 71) -> 7362 (count 46)
merge 7107: (5399, 961) -> 7363 (count 46)
merge 7108: (2181, 7065) -> 7364 (count 46)
merge 7109: (395, 2969) -> 7365 (count 46)
merge 7110: (395, 7079) -> 7366 (count 46)
merge 7111: (4683, 1647) -> 7367 (count 46)
merge 7112: (119, 6806) -> 7368 (count 45)
merge 7113: (3004, 4821) -> 7369 (count 45)
merge 7114: (328, 103) -> 7370 (count 45)
merge 7115: (7160, 288) -> 7371 (count 45)
merge 7116: (110, 97) -> 7372 (count 45)
merge 7117: (6223, 2695) -> 7373 (count 45)
merge 7118: (784, 257) -> 7374 (count 45)
merge 7119: (108, 507) -> 7375 (count 45)
merge 7120: (282, 386) -> 7376 (count 45)
merge 7121: (5211, 444) -> 7377 (count 45)
merge 7122: (3299, 105) -> 7378 (count 45)
merge 7123: (480, 2798) -> 7379 (count 45)
merge 7124: (103, 117) -> 7380 (count 45)
merge 7125: (2247, 728) -> 7381 (count 45)
merge 7126: (286, 452) -> 7382 (count 45)
merge 7127: (99, 480) -> 7383 (count 45)
merge 7128: (499, 344) -> 7384 (count 45)
merge 7129: (288, 111) -> 7385 (count 45)
merge 7130: (5063, 729) -> 7386 (count 45)
merge 7131: (590, 282) -> 7387 (count 45)
merge 7132: (452, 286) -> 7388 (count 45)
merge 7133: (452, 1995) -> 7389 (count 45)
merge 7134: (97, 2345) -> 7390 (count 45)
merge 7135: (3436, 92) -> 7391 (count 45)
merge 7136: (6688, 258) -> 7392 (count 45)
merge 7137: (4647, 115) -> 7393 (count 45)
merge 7138: (84, 420) -> 7394 (count 45)
merge 7139: (6476, 579) -> 7395 (count 45)
merge 7140: (82, 465) -> 7396 (count 45)
merge 7141: (6532, 6755) -> 7397 (count 45)
merge 7142: (76, 90) -> 7398 (count 45)
merge 7143: (6374, 5337) -> 7399 (count 45)
merge 7144: (71, 1683) -> 7400 (count 45)
merge 7145: (71, 5013) -> 7401 (count 45)
merge 7146: (70, 73) -> 7402 (count 45)
merge 7147: (68, 300) -> 7403 (count 45)
merge 7148: (3230, 1032) -> 7404 (count 45)
merge 7149: (66, 77) -> 7405 (count 45)
merge 7150: (1994, 79) -> 7406 (count 45)
merge 7151: (61, 61) -> 7407 (count 45)
merge 7152: (41, 1790) -> 7408 (count 45)
merge 7153: (287, 3602) -> 7409 (count 45)
merge 7154: (2595, 7301) -> 7410 (count 45)
merge 7155: (359, 115) -> 7411 (count 45)
merge 7156: (1046, 656) -> 7412 (count 45)
merge 7157: (262, 6999) -> 7413 (count 45)
merge 7158: (4151, 319) -> 7414 (count 45)
merge 7159: (1590, 5723) -> 7415 (count 45)
merge 7160: (368, 111) -> 7416 (count 45)
merge 7161: (885, 407) -> 7417 (count 45)
merge 7162: (4790, 3033) -> 7418 (count 45)
merge 7163: (3283, 336) -> 7419 (count 45)
merge 7164: (6652, 299) -> 7420 (count 45)
merge 7165: (4791, 115) -> 7421 (count 45)
merge 7166: (468, 4866) -> 7422 (count 45)
merge 7167: (511, 264) -> 7423 (count 45)
merge 7168: (2139, 336) -> 7424 (count 45)
merge 7169: (3140, 115) -> 7425 (count 45)
merge 7170: (4955, 386) -> 7426 (count 45)
merge 7171: (471, 102) -> 7427 (count 45)
merge 7172: (4536, 115) -> 7428 (count 45)
merge 7173: (5588, 1146) -> 7429 (count 45)
merge 7174: (274, 497) -> 7430 (count 45)
merge 7175: (1476, 386) -> 7431 (count 45)
merge 7176: (623, 1300) -> 7432 (count 45)
merge 7177: (5196, 101) -> 7433 (count 45)
merge 7178: (3534, 4964) -> 7434 (count 45)
merge 7179: (3042, 2818) -> 7435 (count 45)
merge 7180: (280, 114) -> 7436 (count 45)
merge 7181: (4586, 116) -> 7437 (count 45)
merge 7182: (1938, 2831) -> 7438 (count 45)
merge 7183: (2917, 278) -> 7439 (count 45)
merge 7184: (5234, 336) -> 7440 (count 45)
merge 7185: (2076, 267) -> 7441 (count 45)
merge 7186: (1483, 120) -> 7442 (count 45)
merge 7187: (291, 4403) -> 7443 (count 45)
merge 7188: (5299, 1217) -> 7444 (count 45)
merge 7189: (2805, 278) -> 7445 (count 45)
merge 7190: (531, 1840) -> 7446 (count 45)
merge 7191: (6861, 7225) -> 7447 (count 45)
merge 7192: (378, 82) -> 7448 (count 45)
merge 7193: (3709, 1170) -> 7449 (count 45)
merge 7194: (2995, 676) -> 7450 (count 45)
merge 7195: (1745, 347) -> 7451 (count 45)
merge 7196: (459, 3200) -> 7452 (count 45)
merge 7197: (536, 4370) -> 7453 (count 45)
merge 7198: (409, 7164) -> 7454 (count 45)
merge 7199: (409, 1896) -> 7455 (count 45)
merge 7200: (409, 1488) -> 7456 (count 45)
merge 7201: (2134, 479) -> 7457 (count 45)
merge 7202: (1244, 7305) -> 7458 (count 45)
merge 7203: (492, 768) -> 7459 (count 45)
merge 7204: (492, 6371) -> 7460 (count 45)
merge 7205: (7362, 6692) -> 7461 (count 45)
merge 7206: (435, 2860) -> 7462 (count 45)
merge 7207: (395, 727) -> 7463 (count 45)
merge 7208: (436, 6123) -> 7464 (count 45)
merge 7209: (875, 2168) -> 7465 (count 45)
merge 7210: (294, 889) -> 7466 (count 45)
merge 7211: (4208, 999) -> 7467 (count 44)
merge 7212: (121, 105) -> 7468 (count 44)
merge 7213: (121, 1128) -> 7469 (count 44)
merge 7214: (6676, 1342) -> 7470 (count 44)
merge 7215: (118, 300) -> 7471 (count 44)
merge 7216: (332, 1990) -> 7472 (count 44)
merge 7217: (290, 312) -> 7473 (count 44)
merge 7218: (290, 5792) -> 7474 (count 44)
merge 7219: (328, 396) -> 7475 (count 44)
merge 7220: (115, 108) -> 7476 (count 44)
merge 7221: (4595, 568) -> 7477 (count 44)
merge 7222: (565, 1171) -> 7478 (count 44)
merge 7223: (6463, 116) -> 7479 (count 44)
merge 7224: (112, 366) -> 7480 (count 44)
merge 7225: (2114, 1202) -> 7481 (count 44)
merge 7226: (289, 112) -> 7482 (count 44)
merge 7227: (411, 1665) -> 7483 (count 44)
merge 7228: (284, 116) -> 7484 (count 44)
merge 7229: (339, 115) -> 7485 (count 44)
merge 7230: (105, 7381) -> 7486 (count 44)
merge 7231: (105, 80) -> 7487 (count 44)
merge 7232: (102, 663) -> 7488 (count 44)
merge 7233: (101, 4703) -> 7489 (count 44)
merge 7234: (100, 1236) -> 7490 (count 44)
merge 7235: (1840, 878) -> 7491 (count 44)
merge 7236: (99, 3397) -> 7492 (count 44)
merge 7237: (729, 97) -> 7493 (count 44)
merge 7238: (430, 716) -> 7494 (count 44)
merge 7239: (883, 3979) -> 7495 (count 44)
merge 7240: (4733, 5274) -> 7496 (count 44)
merge 7241: (82, 1463) -> 7497 (count 44)
merge 7242: (78, 69) -> 7498 (count 44)
merge 7243: (77, 3137) -> 7499 (count 44)
merge 7244: (69, 71) -> 7500 (count 44)
merge 7245: (68, 83) -> 7501 (count 44)
merge 7246: (65, 114) -> 7502 (count 44)
merge 7247: (41, 125) -> 7503 (count 44)
merge 7248: (4990, 276) -> 7504 (count 44)
merge 7249: (4765, 968) -> 7505 (count 44)
merge 7250: (6537, 4149) -> 7506 (count 44)
merge 7251: (3359, 5250) -> 7507 (count 44)
merge 7252: (382, 7005) -> 7508 (count 44)
merge 7253: (7100, 6756) -> 7509 (count 44)
merge 7254: (5260, 276) -> 7510 (count 44)
merge 7255: (298, 4148) -> 7511 (count 44)
merge 7256: (298, 6815) -> 7512 (count 44)
merge 7257: (543, 100) -> 7513 (count 44)
merge 7258: (2485, 749) -> 7514 (count 44)
merge 7259: (406, 774) -> 7515 (count 44)
merge 7260: (1216, 314) -> 7516 (count 44)
merge 7261: (272, 7382) -> 7517 (count 44)
merge 7262: (363, 380) -> 7518 (count 44)
merge 7263: (2005, 7001) -> 7519 (count 44)
merge 7264: (2005, 111) -> 7520 (count 44)
merge 7265: (4178, 6180) -> 7521 (count 44)
merge 7266: (283, 305) -> 7522 (count 44)
merge 7267: (3140, 286) -> 7523 (count 44)
merge 7268: (1023, 296) -> 7524 (count 44)
merge 7269: (2503, 2500) -> 7525 (count 44)
merge 7270: (320, 507) -> 7526 (count 44)
merge 7271: (3112, 115) -> 7527 (count 44)
merge 7272: (1364, 5307) -> 7528 (count 44)
merge 7273: (1145, 264) -> 7529 (count 44)
merge 7274: (5459, 286) -> 7530 (count 44)
merge 7275: (6975, 292) -> 7531 (count 44)
merge 7276: (5234, 2727) -> 7532 (count 44)
merge 7277: (2839, 742) -> 7533 (count 44)
merge 7278: (747, 6744) -> 7534 (count 44)
merge 7279: (1602, 6059) -> 7535 (count 44)
merge 7280: (6449, 1471) -> 7536 (count 44)
merge 7281: (3268, 286) -> 7537 (count 44)
merge 7282: (1066, 4092) -> 7538 (count 44)
merge 7283: (4637, 357) -> 7539 (count 44)
merge 7284: (1946, 5274) -> 7540 (count 44)
merge 7285: (378, 7082) -> 7541 (count 44)
merge 7286: (5107, 568) -> 7542 (count 44)
merge 7287: (5569, 101) -> 7543 (count 44)
merge 7288: (6256, 1055) -> 7544 (count 44)
merge 7289: (7359, 821) -> 7545 (count 44)
merge 7290: (451, 711) -> 7546 (count 44)
merge 7291: (2373, 391) -> 7547 (count 44)
merge 7292: (3656, 798) -> 7548 (count 44)
merge 7293: (5775, 5436) -> 7549 (count 44)
merge 7294: (1282, 1095) -> 7550 (count 44)
merge 7295: (117, 120) -> 7551 (count 43)
merge 7296: (522, 2541) -> 7552 (count 43)
merge 7297: (115, 297) -> 7553 (count 43)
merge 7298: (7553, 3110) -> 7554 (count 43)
merge 7299: (1290, 1055) -> 7555 (count 43)
merge 7300: (369, 749) -> 7556 (count 43)
merge 7301: (334, 336) -> 7557 (count 43)
merge 7302: (110, 276) -> 7558 (count 43)
merge 7303: (109, 4443) -> 7559 (count 43)
merge 7304: (454, 311) -> 7560 (count 43)
merge 7305: (259, 1060) -> 7561 (count 43)
merge 7306: (266, 273) -> 7562 (count 43)
merge 7307: (266, 257) -> 7563 (count 43)
merge 7308: (266, 6057) -> 7564 (count 43)
merge 7309: (297, 362) -> 7565 (count 43)
merge 7310: (6884, 257) -> 7566 (count 43)
merge 7311: (3302, 891) -> 7567 (count 43)
merge 7312: (1540, 45) -> 7568 (count 43)
merge 7313: (88, 101) -> 7569 (count 43)
merge 7314: (6373, 495) -> 7570 (count 43)
merge 7315: (75, 66) -> 7571 (count 43)
merge 7316: (71, 101) -> 7572 (count 43)
merge 7317: (68, 82) -> 7573 (count 43)
merge 7318: (66, 82) -> 7574 (count 43)
merge 7319: (1106, 115) -> 7575 (count 43)
merge 7320: (2870, 286) -> 7576 (count 43)
merge 7321: (4713, 401) -> 7577 (count 43)
merge 7322: (256, 364) -> 7578 (count 43)
merge 7323: (368, 2247) -> 7579 (count 43)
merge 7324: (2032, 284) -> 7580 (count 43)
merge 7325: (3359, 278) -> 7581 (count 43)
merge 7326: (5486, 6752) -> 7582 (count 43)
merge 7327: (4671, 3699) -> 7583 (count 43)
merge 7328: (3713, 115) -> 7584 (count 43)
merge 7329: (298, 277) -> 7585 (count 43)
merge 7330: (1628, 2173) -> 7586 (count 43)
merge 7331: (6833, 1131) -> 7587 (count 43)
merge 7332: (272, 266) -> 7588 (count 43)
merge 7333: (2139, 116) -> 7589 (count 43)
merge 7334: (1349, 631) -> 7590 (count 43)
merge 7335: (608, 4684) -> 7591 (count 43)
merge 7336: (5356, 2046) -> 7592 (count 43)
merge 7337: (4832, 1427) -> 7593 (count 43)
merge 7338: (4019, 115) -> 7594 (count 43)
merge 7339: (1428, 3054) -> 7595 (count 43)
merge 7340: (508, 2275) -> 7596 (count 43)
merge 7341: (508, 2364) -> 7597 (count 43)
merge 7342: (1145, 663) -> 7598 (count 43)
merge 7343: (3336, 258) -> 7599 (count 43)
merge 7344: (3495, 1365) -> 7600 (count 43)
merge 7345: (6722, 1667) -> 7601 (count 43)
merge 7346: (4813, 276) -> 7602 (count 43)
merge 7347: (2509, 749) -> 7603 (count 43)
merge 7348: (6252, 284) -> 7604 (count 43)
merge 7349: (3003, 6006) -> 7605 (count 43)
merge 7350: (4817, 3538) -> 7606 (count 43)
merge 7351: (1617, 115) -> 7607 (count 43)
merge 7352: (459, 82) -> 7608 (count 43)
merge 7353: (459, 5968) -> 7609 (count 43)
merge 7354: (5200, 296) -> 7610 (count 43)
merge 7355: (5938, 266) -> 7611 (count 43)
merge 7356: (3330, 257) -> 7612 (count 43)
merge 7357: (6734, 6996) -> 7613 (count 43)
merge 7358: (472, 105) -> 7614 (count 43)
merge 7359: (451, 638) -> 7615 (count 43)
merge 7360: (6458, 344) -> 7616 (count 43)
merge 7361: (3142, 313) -> 7617 (count 43)
merge 7362: (125, 1231) -> 7618 (count 42)
merge 7363: (582, 2258) -> 7619 (count 42)
merge 7364: (115, 276) -> 7620 (count 42)
merge 7365: (717, 305) -> 7621 (count 42)
merge 7366: (112, 267) -> 7622 (count 42)
merge 7367: (270, 1605) -> 7623 (count 42)
merge 7368: (341, 278) -> 7624 (count 42)
merge 7369: (1903, 269) -> 7625 (count 42)
merge 7370: (562, 371) -> 7626 (count 42)
merge 7371: (107, 258) -> 7627 (count 42)
merge 7372: (105, 2665) -> 7628 (count 42)
merge 7373: (259, 108) -> 7629 (count 42)
merge 7374: (102, 454) -> 7630 (count 42)
merge 7375: (276, 457) -> 7631 (count 42)
merge 7376: (445, 1656) -> 7632 (count 42)
merge 7377: (684, 4400) -> 7633 (count 42)
merge 7378: (98, 439) -> 7634 (count 42)
merge 7379: (6686, 711) -> 7635 (count 42)
merge 7380: (288, 121) -> 7636 (count 42)
merge 7381: (97, 261) -> 7637 (count 42)
merge 7382: (2543, 394) -> 7638 (count 42)
merge 7383: (2232, 36) -> 7639 (count 42)
merge 7384: (85, 86) -> 7640 (count 42)
merge 7385: (83, 3254) -> 7641 (count 42)
merge 7386: (77, 97) -> 7642 (count 42)
merge 7387: (72, 6058) -> 7643 (count 42)
merge 7388: (72, 75) -> 7644 (count 42)
merge 7389: (6228, 267) -> 7645 (count 42)
merge 7390: (4736, 292) -> 7646 (count 42)
merge 7391: (2165, 4246) -> 7647 (count 42)
merge 7392: (41, 823) -> 7648 (count 42)
merge 7393: (41, 1225) -> 7649 (count 42)
merge 7394: (2904, 115) -> 7650 (count 42)
merge 7395: (1238, 316) -> 7651 (count 42)
merge 7396: (304, 4761) -> 7652 (count 42)
merge 7397: (1026, 6576) -> 7653 (count 42)
merge 7398: (5120, 1390) -> 7654 (count 42)
merge 7399: (722, 100) -> 7655 (count 42)
merge 7400: (6023, 5115) -> 7656 (count 42)
merge 7401: (3713, 278) -> 7657 (count 42)
merge 7402: (3145, 2713) -> 7658 (count 42)
merge 7403: (2391, 988) -> 7659 (count 42)
merge 7404: (5836, 513) -> 7660 (count 42)
merge 7405: (2684, 1987) -> 7661 (count 42)
merge 7406: (406, 1605) -> 7662 (count 42)
merge 7407: (2990, 429) -> 7663 (count 42)
merge 7408: (318, 7303) -> 7664 (count 42)
merge 7409: (2249, 5146) -> 7665 (count 42)
merge 7410: (1155, 2393) -> 7666 (count 42)
merge 7411: (7517, 6626) -> 7667 (count 42)
merge 7412: (2554, 791) -> 7668 (count 42)
merge 7413: (2554, 2902) -> 7669 (count 42)
merge 7414: (6653, 7072) -> 7670 (count 42)
merge 7415: (3293, 296) -> 7671 (count 42)
merge 7416: (3293, 569) -> 7672 (count 42)
merge 7417: (1417, 314) -> 7673 (count 42)
merge 7418: (1503, 811) -> 7674 (count 42)
merge 7419: (1907, 278) -> 7675 (count 42)
merge 7420: (329, 408) -> 7676 (count 42)
merge 7421: (323, 7491) -> 7677 (count 42)
merge 7422: (6346, 362) -> 7678 (count 42)
merge 7423: (4585, 273) -> 7679 (count 42)
merge 7424: (3042, 2535) -> 7680 (count 42)
merge 7425: (6205, 2023) -> 7681 (count 42)
merge 7426: (2195, 1456) -> 7682 (count 42)
merge 7427: (3181, 1285) -> 7683 (count 42)
merge 7428: (1247, 296) -> 7684 (count 42)
merge 7429: (6785, 2976) -> 7685 (count 42)
merge 7430: (410, 114) -> 7686 (count 42)
merge 7431: (927, 276) -> 7687 (count 42)
merge 7432: (3765, 441) -> 7688 (count 42)
merge 7433: (1308, 968) -> 7689 (count 42)
merge 7434: (1416, 631) -> 7690 (count 42)
merge 7435: (5934, 314) -> 7691 (count 42)
merge 7436: (337, 1251) -> 7692 (count 42)
merge 7437: (4539, 7166) -> 7693 (count 42)
merge 7438: (2505, 571) -> 7694 (count 42)
merge 7439: (2704, 1202) -> 7695 (count 42)
merge 7440: (5531, 6179) -> 7696 (count 42)
merge 7441: (657, 286) -> 7697 (count 42)
merge 7442: (2995, 486) -> 7698 (count 42)
merge 7443: (613, 4303) -> 7699 (count 42)
merge 7444: (536, 79) -> 7700 (count 42)
merge 7445: (409, 117) -> 7701 (count 42)
merge 7446: (6173, 369) -> 7702 (count 42)
merge 7447: (481, 757) -> 7703 (count 42)
merge 7448: (492, 4032) -> 7704 (count 42)
merge 7449: (1893, 369) -> 7705 (count 42)
merge 7450: (435, 1471) -> 7706 (count 42)
merge 7451: (435, 87) -> 7707 (count 42)
merge 7452: (4182, 2379) -> 7708 (count 42)
merge 7453: (905, 50) -> 7709 (count 42)
merge 7454: (2197, 41) -> 7710 (count 41)
merge 7455: (1437, 92) -> 7711 (count 41)
merge 7456: (394, 3414) -> 7712 (count 41)
merge 7457: (125, 1436) -> 7713 (count 41)
merge 7458: (660, 2848) -> 7714 (count 41)
merge 7459: (380, 457) -> 7715 (count 41)
merge 7460: (309, 397) -> 7716 (count 41)
merge 7461: (115, 2594) -> 7717 (count 41)
merge 7462: (115, 4521) -> 7718 (count 41)
merge 7463: (7621, 1761) -> 7719 (count 41)
merge 7464: (1728, 2017) -> 7720 (count 41)
merge 7465: (1903, 105) -> 7721 (count 41)
merge 7466: (7228, 3487) -> 7722 (count 41)
merge 7467: (2247, 105) -> 7723 (count 41)
merge 7468: (101, 121) -> 7724 (count 41)
merge 7469: (3379, 568) -> 7725 (count 41)
merge 7470: (99, 1143) -> 7726 (count 41)
merge 7471: (3117, 115) -> 7727 (count 41)
merge 7472: (301, 336) -> 7728 (count 41)
merge 7473: (697, 6629) -> 7729 (count 41)
merge 7474: (7493, 88) -> 7730 (count 41)
merge 7475: (452, 1486) -> 7731 (count 41)
merge 7476: (2543, 753) -> 7732 (count 41)
merge 7477: (87, 3948) -> 7733 (count 41)
merge 7478: (84, 111) -> 7734 (count 41)
merge 7479: (84, 79) -> 7735 (count 41)
merge 7480: (4347, 313) -> 7736 (count 41)
merge 7481: (5376, 456) -> 7737 (count 41)
merge 7482: (72, 83) -> 7738 (count 41)
merge 7483: (70, 373) -> 7739 (count 41)
merge 7484: (65, 108) -> 7740 (count 41)
merge 7485: (57, 57) -> 7741 (count 41)
merge 7486: (56, 54) -> 7742 (count 41)
merge 7487: (1347, 1202) -> 7743 (count 41)
merge 7488: (2049, 269) -> 7744 (count 41)
merge 7489: (2544, 3961) -> 7745 (count 41)
merge 7490: (1940, 7554) -> 7746 (count 41)
merge 7491: (5042, 400) -> 7747 (count 41)
merge 7492: (5834, 2040) -> 7748 (count 41)
merge 7493: (5614, 2173) -> 7749 (count 41)
merge 7494: (2671, 2251) -> 7750 (count 41)
merge 7495: (3637, 314) -> 7751 (count 41)
merge 7496: (265, 1569) -> 7752 (count 41)
merge 7497: (596, 569) -> 7753 (count 41)
merge 7498: (2772, 115) -> 7754 (count 41)
merge 7499: (6960, 314) -> 7755 (count 41)
merge 7500: (3752, 292) -> 7756 (count 41)
merge 7501: (1196, 6801) -> 7757 (count 41)
merge 7502: (904, 5112) -> 7758 (count 41)
merge 7503: (1440, 656) -> 7759 (count 41)
merge 7504: (283, 827) -> 7760 (count 41)
merge 7505: (1212, 4643) -> 7761 (count 41)
merge 7506: (329, 2614) -> 7762 (count 41)
merge 7507: (5807, 2622) -> 7763 (count 41)
merge 7508: (6718, 3498) -> 7764 (count 41)
merge 7509: (623, 7081) -> 7765 (count 41)
merge 7510: (1979, 1076) -> 7766 (count 41)
merge 7511: (4487, 115) -> 7767 (count 41)
merge 7512: (673, 663) -> 7768 (count 41)
merge 7513: (1510, 391) -> 7769 (count 41)
merge 7514: (280, 6997) -> 7770 (count 41)
merge 7515: (5850, 112) -> 7771 (count 41)
merge 7516: (4906, 299) -> 7772 (count 41)
merge 7517: (812, 4909) -> 7773 (count 41)
merge 7518: (4042, 1429) -> 7774 (count 41)
merge 7519: (3695, 482) -> 7775 (count 41)
merge 7520: (331, 488) -> 7776 (count 41)
merge 7521: (2875, 2291) -> 7777 (count 41)
merge 7522: (5819, 7487) -> 7778 (count 41)
merge 7523: (459, 7730) -> 7779 (count 41)
merge 7524: (459, 65) -> 7780 (count 41)
merge 7525: (536, 77) -> 7781 (count 41)
merge 7526: (409, 2091) -> 7782 (count 41)
merge 7527: (409, 76) -> 7783 (count 41)
merge 7528: (415, 257) -> 7784 (count 41)
merge 7529: (446, 6461) -> 7785 (count 41)
merge 7530: (446, 6577) -> 7786 (count 41)
merge 7531: (446, 81) -> 7787 (count 41)
merge 7532: (492, 108) -> 7788 (count 41)
merge 7533: (470, 477) -> 7789 (count 41)
merge 7534: (875, 54) -> 7790 (count 41)
merge 7535: (294, 3089) -> 7791 (count 41)
merge 7536: (32, 614) -> 7792 (count 41)
merge 7537: (322, 1073) -> 7793 (count 40)
merge 7538: (464, 396) -> 7794 (count 40)
merge 7539: (115, 5640) -> 7795 (count 40)
merge 7540: (1731, 3915) -> 7796 (count 40)
merge 7541: (1796, 1493) -> 7797 (count 40)
merge 7542: (108, 7472) -> 7798 (count 40)
merge 7543: (107, 109) -> 7799 (count 40)
merge 7544: (411, 264) -> 7800 (count 40)
merge 7545: (321, 907) -> 7801 (count 40)
merge 7546: (7165, 477) -> 7802 (count 40)
merge 7547: (490, 3591) -> 7803 (count 40)
merge 7548: (104, 510) -> 7804 (count 40)
merge 7549: (87, 4759) -> 7805 (count 40)
merge 7550: (85, 7302) -> 7806 (count 40)
merge 7551: (84, 114) -> 7807 (count 40)
merge 7552: (84, 6753) -> 7808 (count 40)
merge 7553: (4920, 529) -> 7809 (count 40)
merge 7554: (80, 80) -> 7810 (count 40)
merge 7555: (77, 101) -> 7811 (count 40)
merge 7556: (76, 1077) -> 7812 (count 40)
merge 7557: (70, 809) -> 7813 (count 40)
merge 7558: (69, 1117) -> 7814 (count 40)
merge 7559: (3230, 2394) -> 7815 (count 40)
merge 7560: (53, 53) -> 7816 (count 40)
merge 7561: (52, 57) -> 7817 (count 40)
merge 7562: (7647, 2165) -> 7818 (count 40)
merge 7563: (1638, 4809) -> 7819 (count 40)
merge 7564: (46, 46) -> 7820 (count 40)
merge 7565: (37, 44) -> 7821 (count 40)
merge 7566: (1193, 2346) -> 7822 (count 40)
merge 7567: (5290, 314) -> 7823 (count 40)
merge 7568: (4138, 115) -> 7824 (count 40)
merge 7569: (990, 5372) -> 7825 (count 40)
merge 7570: (3615, 115) -> 7826 (count 40)
merge 7571: (502, 2247) -> 7827 (count 40)
merge 7572: (502, 101) -> 7828 (count 40)
merge 7573: (2754, 286) -> 7829 (count 40)
merge 7574: (2365, 276) -> 7830 (count 40)
merge 7575: (786, 101) -> 7831 (count 40)
merge 7576: (3145, 1665) -> 7832 (count 40)
merge 7577: (2370, 4210) -> 7833 (count 40)
merge 7578: (298, 5606) -> 7834 (count 40)
merge 7579: (560, 2263) -> 7835 (count 40)
merge 7580: (2746, 5435) -> 7836 (count 40)
merge 7581: (272, 333) -> 7837 (count 40)
merge 7582: (5492, 296) -> 7838 (count 40)
merge 7583: (6962, 7384) -> 7839 (count 40)
merge 7584: (608, 4731) -> 7840 (count 40)
merge 7585: (7338, 568) -> 7841 (count 40)
merge 7586: (329, 1110) -> 7842 (count 40)
merge 7587: (329, 3380) -> 7843 (count 40)
merge 7588: (7269, 270) -> 7844 (count 40)
merge 7589: (1336, 7389) -> 7845 (count 40)
merge 7590: (3113, 276) -> 7846 (count 40)
merge 7591: (3211, 267) -> 7847 (count 40)
merge 7592: (3432, 1875) -> 7848 (count 40)
merge 7593: (6609, 5343) -> 7849 (count 40)
merge 7594: (3794, 6635) -> 7850 (count 40)
merge 7595: (7280, 1120) -> 7851 (count 40)
merge 7596: (1888, 273) -> 7852 (count 40)
merge 7597: (1938, 1890) -> 7853 (count 40)
merge 7598: (3328, 3699) -> 7854 (count 40)
merge 7599: (5132, 115) -> 7855 (count 40)
merge 7600: (291, 1232) -> 7856 (count 40)
merge 7601: (531, 7725) -> 7857 (count 40)
merge 7602: (3782, 2237) -> 7858 (count 40)
merge 7603: (378, 2930) -> 7859 (count 40)
merge 7604: (3366, 78) -> 7860 (count 40)
merge 7605: (4638, 261) -> 7861 (count 40)
merge 7606: (459, 424) -> 7862 (count 40)
merge 7607: (3719, 276) -> 7863 (count 40)
merge 7608: (481, 1969) -> 7864 (count 40)
merge 7609: (2829, 292) -> 7865 (count 40)
merge 7610: (446, 1917) -> 7866 (count 40)
merge 7611: (492, 82) -> 7867 (count 40)
merge 7612: (451, 3363) -> 7868 (count 40)
merge 7613: (5997, 1430) -> 7869 (count 40)
merge 7614: (1954, 456) -> 7870 (count 40)
merge 7615: (6459, 67) -> 7871 (count 40)
merge 7616: (2360, 2960) -> 7872 (count 40)
merge 7617: (875, 56) -> 7873 (count 40)
merge 7618: (875, 55) -> 7874 (count 40)
merge 7619: (294, 1378) -> 7875 (count 40)
merge 7620: (126, 40) -> 7876 (count 39)
merge 7621: (394, 1053) -> 7877 (count 39)
merge 7622: (123, 45) -> 7878 (count 39)
merge 7623: (118, 2959) -> 7879 (count 39)
merge 7624: (7551, 7802) -> 7880 (count 39)
merge 7625: (311, 634) -> 7881 (count 39)
merge 7626: (594, 286) -> 7882 (count 39)
merge 7627: (328, 311) -> 7883 (count 39)
merge 7628: (328, 1185) -> 7884 (count 39)
merge 7629: (356, 3661) -> 7885 (count 39)
merge 7630: (870, 4546) -> 7886 (count 39)
merge 7631: (870, 460) -> 7887 (count 39)
merge 7632: (112, 116) -> 7888 (count 39)
merge 7633: (112, 682) -> 7889 (count 39)
merge 7634: (593, 314) -> 7890 (count 39)
merge 7635: (6004, 442) -> 7891 (count 39)
merge 7636: (347, 267) -> 7892 (count 39)
merge 7637: (257, 341) -> 7893 (count 39)
merge 7638: (773, 307) -> 7894 (count 39)
merge 7639: (1091, 571) -> 7895 (count 39)
merge 7640: (2257, 278) -> 7896 (count 39)
merge 7641: (4063, 292) -> 7897 (count 39)
merge 7642: (4664, 115) -> 7898 (count 39)
merge 7643: (3486, 264) -> 7899 (count 39)
merge 7644: (7561, 97) -> 7900 (count 39)
merge 7645: (104, 6094) -> 7901 (count 39)
merge 7646: (103, 1995) -> 7902 (count 39)
merge 7647: (102, 2499) -> 7903 (count 39)
merge 7648: (7167, 296) -> 7904 (count 39)
merge 7649: (421, 3591) -> 7905 (count 39)
merge 7650: (754, 835) -> 7906 (count 39)
merge 7651: (413, 449) -> 7907 (count 39)
merge 7652: (408, 495) -> 7908 (count 39)
merge 7653: (6638, 115) -> 7909 (count 39)
merge 7654: (84, 82) -> 7910 (count 39)
merge 7655: (3459, 1135) -> 7911 (count 39)
merge 7656: (80, 861) -> 7912 (count 39)
merge 7657: (5407, 257) -> 7913 (count 39)
merge 7658: (78, 80) -> 7914 (count 39)
merge 7659: (72, 76) -> 7915 (count 39)
merge 7660: (68, 75) -> 7916 (count 39)
merge 7661: (68, 2183) -> 7917 (count 39)
merge 7662: (67, 82) -> 7918 (count 39)
merge 7663: (66, 114) -> 7919 (count 39)
merge 7664: (65, 116) -> 7920 (count 39)
merge 7665: (53, 56) -> 7921 (count 39)
merge 7666: (1643, 5578) -> 7922 (count 39)
merge 7667: (1411, 258) -> 7923 (count 39)
merge 7668: (306, 4459) -> 7924 (count 39)
merge 7669: (4151, 3761) -> 7925 (count 39)
merge 7670: (453, 774) -> 7926 (count 39)
merge 7671: (3581, 339) -> 7927 (count 39)
merge 7672: (922, 569) -> 7928 (count 39)
merge 7673: (4328, 115) -> 7929 (count 39)
merge 7674: (3638, 5647) -> 7930 (count 39)
merge 7675: (374, 114) -> 7931 (count 39)
merge 7676: (265, 5787) -> 7932 (count 39)
merge 7677: (388, 332) -> 7933 (count 39)
merge 7678: (1408, 278) -> 7934 (count 39)
merge 7679: (1034, 1875) -> 7935 (count 39)
merge 7680: (3806, 115) -> 7936 (count 39)
merge 7681: (272, 270) -> 7937 (count 39)
merge 7682: (272, 763) -> 7938 (count 39)
merge 7683: (528, 3378) -> 7939 (count 39)
merge 7684: (3105, 6367) -> 7940 (count 39)
merge 7685: (283, 6803) -> 7941 (count 39)
merge 7686: (2503, 110) -> 7942 (count 39)
merge 7687: (5261, 264) -> 7943 (count 39)
merge 7688: (3629, 2082) -> 7944 (count 39)
merge 7689: (850, 791) -> 7945 (count 39)
merge 7690: (661, 973) -> 7946 (count 39)
merge 7691: (3633, 2813) -> 7947 (count 39)
merge 7692: (834, 292) -> 7948 (count 39)
merge 7693: (4503, 631) -> 7949 (count 39)
merge 7694: (4813, 286) -> 7950 (count 39)
merge 7695: (1510, 1274) -> 7951 (count 39)
merge 7696: (280, 354) -> 7952 (count 39)
merge 7697: (932, 641) -> 7953 (count 39)
merge 7698: (3797, 116) -> 7954 (count 39)
merge 7699: (5003, 4731) -> 7955 (count 39)
merge 7700: (2702, 2842) -> 7956 (count 39)
merge 7701: (4042, 7884) -> 7957 (count 39)
merge 7702: (3510, 284) -> 7958 (count 39)
merge 7703: (260, 7880) -> 7959 (count 39)
merge 7704: (378, 322) -> 7960 (count 39)
merge 7705: (378, 3961) -> 7961 (count 39)
merge 7706: (1759, 102) -> 7962 (count 39)
merge 7707: (409, 1041) -> 7963 (count 39)
merge 7708: (472, 1507) -> 7964 (count 39)
merge 7709: (472, 530) -> 7965 (count 39)
merge 7710: (472, 2457) -> 7966 (count 39)
merge 7711: (3589, 85) -> 7967 (count 39)
merge 7712: (451, 5478) -> 7968 (count 39)
merge 7713: (1893, 1966) -> 7969 (count 39)
merge 7714: (5166, 296) -> 7970 (count 39)
merge 7715: (1644, 69) -> 7971 (count 39)
merge 7716: (395, 322) -> 7972 (count 39)
merge 7717: (2161, 5608) -> 7973 (count 39)
merge 7718: (125, 4345) -> 7974 (count 38)
merge 7719: (125, 60) -> 7975 (count 38)
merge 7720: (670, 1060) -> 7976 (count 38)
merge 7721: (432, 267) -> 7977 (count 38)
merge 7722: (5208, 757) -> 7978 (count 38)
merge 7723: (612, 418) -> 7979 (count 38)
merge 7724: (404, 421) -> 7980 (count 38)
merge 7725: (7980, 1159) -> 7981 (count 38)
merge 7726: (261, 5146) -> 7982 (count 38)
merge 7727: (906, 1407) -> 7983 (count 38)
merge 7728: (112, 2163) -> 7984 (count 38)
merge 7729: (7891, 292) -> 7985 (count 38)
merge 7730: (324, 286) -> 7986 (count 38)
merge 7731: (109, 1210) -> 7987 (count 38)
merge 7732: (108, 706) -> 7988 (count 38)
merge 7733: (1640, 117) -> 7989 (count 38)
merge 7734: (282, 3919) -> 7990 (count 38)
merge 7735: (3745, 6945) -> 7991 (count 38)
merge 7736: (572, 1463) -> 7992 (count 38)
merge 7737: (99, 727) -> 7993 (count 38)
merge 7738: (99, 97) -> 7994 (count 38)
merge 7739: (271, 4799) -> 7995 (count 38)
merge 7740: (267, 278) -> 7996 (count 38)
merge 7741: (408, 7992) -> 7997 (count 38)
merge 7742: (724, 95) -> 7998 (count 38)
merge 7743: (93, 44) -> 7999 (count 38)
merge 7744: (89, 756) -> 8000 (count 38)
merge 7745: (83, 498) -> 8001 (count 38)
merge 7746: (83, 99) -> 8002 (count 38)
merge 7747: (82, 1896) -> 8003 (count 38)
merge 7748: (3885, 115) -> 8004 (count 38)
merge 7749: (78, 86) -> 8005 (count 38)
merge 7750: (75, 73) -> 8006 (count 38)
merge 7751: (72, 2457) -> 8007 (count 38)
merge 7752: (69, 3118) -> 8008 (count 38)
merge 7753: (2198, 1449) -> 8009 (count 38)
merge 7754: (41, 2584) -> 8010 (count 38)
merge 7755: (287, 3425) -> 8011 (count 38)
merge 7756: (2921, 264) -> 8012 (count 38)
merge 7757: (3679, 5250) -> 8013 (count 38)
merge 7758: (6382, 292) -> 8014 (count 38)
merge 7759: (7585, 3567) -> 8015 (count 38)
merge 7760: (1374, 811) -> 8016 (count 38)
merge 7761: (585, 4301) -> 8017 (count 38)
merge 7762: (559, 1471) -> 8018 (count 38)
merge 7763: (272, 105) -> 8019 (count 38)
merge 7764: (272, 6528) -> 8020 (count 38)
merge 7765: (2747, 1916) -> 8021 (count 38)
merge 7766: (904, 807) -> 8022 (count 38)
merge 7767: (6074, 286) -> 8023 (count 38)
merge 7768: (5521, 299) -> 8024 (count 38)
merge 7769: (4296, 2848) -> 8025 (count 38)
merge 7770: (1344, 4756) -> 8026 (count 38)
merge 7771: (1943, 3769) -> 8027 (count 38)
merge 7772: (2243, 261) -> 8028 (count 38)
merge 7773: (2301, 742) -> 8029 (count 38)
merge 7774: (3181, 6220) -> 8030 (count 38)
merge 7775: (433, 2456) -> 8031 (count 38)
merge 7776: (7039, 380) -> 8032 (count 38)
merge 7777: (5666, 940) -> 8033 (count 38)
merge 7778: (385, 416) -> 8034 (count 38)
merge 7779: (6160, 278) -> 8035 (count 38)
merge 7780: (2560, 313) -> 8036 (count 38)
merge 7781: (1938, 391) -> 8037 (count 38)
merge 7782: (1335, 1507) -> 8038 (count 38)
merge 7783: (4860, 444) -> 8039 (count 38)
merge 7784: (1253, 299) -> 8040 (count 38)
merge 7785: (700, 7571) -> 8041 (count 38)
merge 7786: (4591, 2972) -> 8042 (count 38)
merge 7787: (657, 111) -> 8043 (count 38)
merge 7788: (459, 2624) -> 8044 (count 38)
merge 7789: (5200, 386) -> 8045 (count 38)
merge 7790: (4379, 495) -> 8046 (count 38)
merge 7791: (2134, 525) -> 8047 (count 38)
merge 7792: (3096, 115) -> 8048 (count 38)
merge 7793: (4961, 4763) -> 8049 (count 38)
merge 7794: (6794, 7406) -> 8050 (count 38)
merge 7795: (472, 76) -> 8051 (count 38)
merge 7796: (5939, 3423) -> 8052 (count 38)
merge 7797: (446, 1898) -> 8053 (count 38)
merge 7798: (435, 1496) -> 8054 (count 38)
merge 7799: (395, 324) -> 8055 (count 38)
merge 7800: (395, 1117) -> 8056 (count 38)
merge 7801: (436, 112) -> 8057 (count 38)
merge 7802: (119, 5147) -> 8058 (count 37)
merge 7803: (309, 314) -> 8059 (count 37)
merge 7804: (2312, 5605) -> 8060 (count 37)
merge 7805: (1705, 7372) -> 8061 (count 37)
merge 7806: (626, 3917) -> 8062 (count 37)
merge 7807: (325, 1605) -> 8063 (count 37)
merge 7808: (7480, 3144) -> 8064 (count 37)
merge 7809: (270, 653) -> 8065 (count 37)
merge 7810: (1164, 593) -> 8066 (count 37)
merge 7811: (109, 271) -> 8067 (count 37)
merge 7812: (720, 286) -> 8068 (count 37)
merge 7813: (108, 270) -> 8069 (count 37)
merge 7814: (258, 667) -> 8070 (count 37)
merge 7815: (305, 7796) -> 8071 (count 37)
merge 7816: (104, 7150) -> 8072 (count 37)
merge 7817: (2030, 405) -> 8073 (count 37)
merge 7818: (3411, 115) -> 8074 (count 37)
merge 7819: (276, 4845) -> 8075 (count 37)
merge 7820: (7562, 286) -> 8076 (count 37)
merge 7821: (1672, 2481) -> 8077 (count 37)
merge 7822: (2777, 390) -> 8078 (count 37)
merge 7823: (6633, 408) -> 8079 (count 37)
merge 7824: (590, 115) -> 8080 (count 37)
merge 7825: (3982, 311) -> 8081 (count 37)
merge 7826: (724, 995) -> 8082 (count 37)
merge 7827: (83, 278) -> 8083 (count 37)
merge 7828: (80, 65) -> 8084 (count 37)
merge 7829: (2018, 115) -> 8085 (count 37)
merge 7830: (78, 77) -> 8086 (count 37)
merge 7831: (71, 82) -> 8087 (count 37)
merge 7832: (5830, 2352) -> 8088 (count 37)
merge 7833: (67, 97) -> 8089 (count 37)
merge 7834: (66, 83) -> 8090 (count 37)
merge 7835: (66, 75) -> 8091 (count 37)
merge 7836: (56, 50) -> 8092 (count 37)
merge 7837: (41, 430) -> 8093 (count 37)
merge 7838: (5798, 4645) -> 8094 (count 37)
merge 7839: (3364, 1390) -> 8095 (count 37)
merge 7840: (2176, 2381) -> 8096 (count 37)
merge 7841: (7147, 1787) -> 8097 (count 37)
merge 7842: (4050, 444) -> 8098 (count 37)
merge 7843: (2368, 745) -> 8099 (count 37)
merge 7844: (2154, 278) -> 8100 (count 37)
merge 7845: (3702, 286) -> 8101 (count 37)
merge 7846: (453, 112) -> 8102 (count 37)
merge 7847: (5614, 3331) -> 8103 (count 37)
merge 7848: (837, 1284) -> 8104 (count 37)
merge 7849: (3207, 314) -> 8105 (count 37)
merge 7850: (1789, 742) -> 8106 (count 37)
merge 7851: (467, 7233) -> 8107 (count 37)
merge 7852: (2922, 115) -> 8108 (count 37)
merge 7853: (1880, 482) -> 8109 (count 37)
merge 7854: (862, 1146) -> 8110 (count 37)
merge 7855: (298, 5310) -> 8111 (count 37)
merge 7856: (2990, 115) -> 8112 (count 37)
merge 7857: (468, 7634) -> 8113 (count 37)
merge 7858: (2843, 284) -> 8114 (count 37)
merge 7859: (2005, 1585) -> 8115 (count 37)
merge 7860: (1181, 115) -> 8116 (count 37)
merge 7861: (1570, 5436) -> 8117 (count 37)
merge 7862: (7264, 477) -> 8118 (count 37)
merge 7863: (2238, 278) -> 8119 (count 37)
merge 7864: (2845, 7794) -> 8120 (count 37)
merge 7865: (1563, 386) -> 8121 (count 37)
merge 7866: (2453, 893) -> 8122 (count 37)
merge 7867: (323, 300) -> 8123 (count 37)
merge 7868: (623, 8078) -> 8124 (count 37)
merge 7869: (980, 99) -> 8125 (count 37)
merge 7870: (2739, 4400) -> 8126 (count 37)
merge 7871: (385, 6127) -> 8127 (count 37)
merge 7872: (1247, 2713) -> 8128 (count 37)
merge 7873: (7442, 632) -> 8129 (count 37)
merge 7874: (417, 6758) -> 8130 (count 37)
merge 7875: (5003, 6746) -> 8131 (count 37)
merge 7876: (5299, 362) -> 8132 (count 37)
merge 7877: (2652, 2677) -> 8133 (count 37)
merge 7878: (4753, 1062) -> 8134 (count 37)
merge 7879: (260, 7979) -> 8135 (count 37)
merge 7880: (6668, 5447) -> 8136 (count 37)
merge 7881: (657, 7486) -> 8137 (count 37)
merge 7882: (7052, 2121) -> 8138 (count 37)
merge 7883: (536, 1128) -> 8139 (count 37)
merge 7884: (5714, 7900) -> 8140 (count 37)
merge 7885: (472, 1642) -> 8141 (count 37)
merge 7886: (481, 1296) -> 8142 (count 37)
merge 7887: (415, 5252) -> 8143 (count 37)
merge 7888: (492, 2953) -> 8144 (count 37)
merge 7889: (6991, 7991) -> 8145 (count 37)
merge 7890: (451, 3881) -> 8146 (count 37)
merge 7891: (4166, 6406) -> 8147 (count 37)
merge 7892: (2359, 6088) -> 8148 (count 37)
merge 7893: (2035, 853) -> 8149 (count 37)
merge 7894: (395, 108) -> 8150 (count 37)
merge 7895: (395, 83) -> 8151 (count 37)
merge 7896: (991, 92) -> 8152 (count 37)
merge 7897: (294, 1053) -> 8153 (count 37)
merge 7898: (123, 716) -> 8154 (count 36)
merge 7899: (119, 316) -> 8155 (count 36)
merge 7900: (414, 296) -> 8156 (count 36)
merge 7901: (333, 869) -> 8157 (count 36)
merge 7902: (332, 288) -> 8158 (count 36)
merge 7903: (2004, 2175) -> 8159 (count 36)
merge 7904: (114, 611) -> 8160 (count 36)
merge 7905: (325, 3447) -> 8161 (count 36)
merge 7906: (6311, 101) -> 8162 (count 36)
merge 7907: (112, 1065) -> 8163 (count 36)
merge 7908: (347, 111) -> 8164 (count 36)
merge 7909: (3163, 101) -> 8165 (count 36)
merge 7910: (7077, 101) -> 8166 (count 36)
merge 7911: (576, 116) -> 8167 (count 36)
merge 7912: (107, 105) -> 8168 (count 36)
merge 7913: (106, 105) -> 8169 (count 36)
merge 7914: (2913, 5725) -> 8170 (count 36)
merge 7915: (258, 2500) -> 8171 (count 36)
merge 7916: (339, 264) -> 8172 (count 36)
merge 7917: (105, 663) -> 8173 (count 36)
merge 7918: (104, 774) -> 8174 (count 36)
merge 7919: (103, 2449) -> 8175 (count 36)
merge 7920: (264, 8155) -> 8176 (count 36)
merge 7921: (100, 7731) -> 8177 (count 36)
merge 7922: (2851, 632) -> 8178 (count 36)
merge 7923: (421, 269) -> 8179 (count 36)
merge 7924: (358, 1234) -> 8180 (count 36)
merge 7925: (99, 4844) -> 8181 (count 36)
merge 7926: (1013, 1606) -> 8182 (count 36)
merge 7927: (713, 994) -> 8183 (count 36)
merge 7928: (5251, 105) -> 8184 (count 36)
merge 7929: (697, 286) -> 8185 (count 36)
merge 7930: (97, 122) -> 8186 (count 36)
merge 7931: (2543, 125) -> 8187 (count 36)
merge 7932: (430, 1897) -> 8188 (count 36)
merge 7933: (90, 90) -> 8189 (count 36)
merge 7934: (83, 86) -> 8190 (count 36)
merge 7935: (7497, 7990) -> 8191 (count 36)
merge 7936: (2080, 677) -> 8192 (count 36)
merge 7937: (77, 4762) -> 8193 (count 36)
merge 7938: (77, 776) -> 8194 (count 36)
merge 7939: (77, 3371) -> 8195 (count 36)
merge 7940: (6187, 292) -> 8196 (count 36)
merge 7941: (67, 497) -> 8197 (count 36)
merge 7942: (67, 72) -> 8198 (count 36)
merge 7943: (5733, 121) -> 8199 (count 36)
merge 7944: (1994, 83) -> 8200 (count 36)
merge 7945: (65, 3437) -> 8201 (count 36)
merge 7946: (53, 52) -> 8202 (count 36)
merge 7947: (43, 753) -> 8203 (count 36)
merge 7948: (4342, 92) -> 8204 (count 36)
merge 7949: (7409, 286) -> 8205 (count 36)
merge 7950: (1281, 444) -> 8206 (count 36)
merge 7951: (1281, 344) -> 8207 (count 36)
merge 7952: (1106, 982) -> 8208 (count 36)
merge 7953: (4409, 7982) -> 8209 (count 36)
merge 7954: (382, 6939) -> 8210 (count 36)
merge 7955: (3581, 6938) -> 8211 (count 36)
merge 7956: (557, 115) -> 8212 (count 36)
merge 7957: (5488, 441) -> 8213 (count 36)
merge 7958: (6280, 754) -> 8214 (count 36)
merge 7959: (606, 309) -> 8215 (count 36)
merge 7960: (4248, 3388) -> 8216 (count 36)
merge 7961: (1196, 108) -> 8217 (count 36)
merge 7962: (2145, 1875) -> 8218 (count 36)
merge 7963: (1739, 527) -> 8219 (count 36)
merge 7964: (6437, 1229) -> 8220 (count 36)
merge 7965: (5022, 115) -> 8221 (count 36)
merge 7966: (4745, 296) -> 8222 (count 36)
merge 7967: (3925, 115) -> 8223 (count 36)
merge 7968: (5702, 278) -> 8224 (count 36)
merge 7969: (4296, 324) -> 8225 (count 36)
merge 7970: (1943, 4987) -> 8226 (count 36)
merge 7971: (329, 1006) -> 8227 (count 36)
merge 7972: (5841, 314) -> 8228 (count 36)
merge 7973: (330, 346) -> 8229 (count 36)
merge 7974: (7430, 891) -> 8230 (count 36)
merge 7975: (644, 6469) -> 8231 (count 36)
merge 7976: (2281, 344) -> 8232 (count 36)
merge 7977: (3337, 2042) -> 8233 (count 36)
merge 7978: (280, 1072) -> 8234 (count 36)
merge 7979: (1925, 116) -> 8235 (count 36)
merge 7980: (1902, 7076) -> 8236 (count 36)
merge 7981: (3171, 2386) -> 8237 (count 36)
merge 7982: (268, 4144) -> 8238 (count 36)
merge 7983: (2540, 278) -> 8239 (count 36)
merge 7984: (2630, 278) -> 8240 (count 36)
merge 7985: (2189, 362) -> 8241 (count 36)
merge 7986: (914, 1202) -> 8242 (count 36)
merge 7987: (260, 4863) -> 8243 (count 36)
merge 7988: (700, 4645) -> 8244 (count 36)
merge 7989: (6790, 590) -> 8245 (count 36)
merge 7990: (4454, 4827) -> 8246 (count 36)
merge 7991: (378, 332) -> 8247 (count 36)
merge 7992: (378, 83) -> 8248 (count 36)
merge 7993: (3758, 1135) -> 8249 (count 36)
merge 7994: (459, 3125) -> 8250 (count 36)
merge 7995: (536, 5014) -> 8251 (count 36)
merge 7996: (472, 3377) -> 8252 (count 36)
merge 7997: (472, 2452) -> 8253 (count 36)
merge 7998: (446, 297) -> 8254 (count 36)
merge 7999: (7708, 8200) -> 8255 (count 36)
merge 8000: (395, 2942) -> 8256 (count 36)
merge 8001: (6737, 7014) -> 8257 (count 36)
merge 8002: (470, 267) -> 8258 (count 36)
merge 8003: (470, 97) -> 8259 (count 36)
merge 8004: (6265, 2072) -> 8260 (count 36)
merge 8005: (125, 3321) -> 8261 (count 35)
merge 8006: (125, 62) -> 8262 (count 35)
merge 8007: (125, 4493) -> 8263 (count 35)
merge 8008: (553, 101) -> 8264 (count 35)
merge 8009: (118, 362) -> 8265 (count 35)
merge 8010: (118, 258) -> 8266 (count 35)
merge 8011: (3645, 121) -> 8267 (count 35)
merge 8012: (309, 961) -> 8268 (count 35)
merge 8013: (309, 569) -> 8269 (count 35)
merge 8014: (290, 506) -> 8270 (count 35)
merge 8015: (478, 2976) -> 8271 (count 35)
merge 8016: (522, 400) -> 8272 (count 35)
merge 8017: (2004, 1151) -> 8273 (count 35)
merge 8018: (115, 259) -> 8274 (count 35)
merge 8019: (115, 97) -> 8275 (count 35)
merge 8020: (279, 116) -> 8276 (count 35)
merge 8021: (366, 888) -> 8277 (count 35)
merge 8022: (2029, 296) -> 8278 (count 35)
merge 8023: (587, 278) -> 8279 (count 35)
merge 8024: (870, 296) -> 8280 (count 35)
merge 8025: (870, 405) -> 8281 (count 35)
merge 8026: (2887, 444) -> 8282 (count 35)
merge 8027: (270, 307) -> 8283 (count 35)
merge 8028: (257, 6677) -> 8284 (count 35)
merge 8029: (429, 288) -> 8285 (count 35)
merge 8030: (108, 529) -> 8286 (count 35)
merge 8031: (5143, 1430) -> 8287 (count 35)
merge 8032: (101, 356) -> 8288 (count 35)
merge 8033: (1702, 397) -> 8289 (count 35)
merge 8034: (4010, 513) -> 8290 (count 35)
merge 8035: (99, 362) -> 8291 (count 35)
merge 8036: (465, 8184) -> 8292 (count 35)
merge 8037: (510, 286) -> 8293 (count 35)
merge 8038: (408, 7400) -> 8294 (count 35)
merge 8039: (530, 105) -> 8295 (count 35)
merge 8040: (97, 366) -> 8296 (count 35)
merge 8041: (1540, 394) -> 8297 (count 35)
merge 8042: (92, 889) -> 8298 (count 35)
merge 8043: (87, 76) -> 8299 (count 35)
merge 8044: (6061, 2972) -> 8300 (count 35)
merge 8045: (84, 479) -> 8301 (count 35)
merge 8046: (80, 4849) -> 8302 (count 35)
merge 8047: (8302, 67) -> 8303 (count 35)
merge 8048: (3963, 7091) -> 8304 (count 35)
merge 8049: (78, 346) -> 8305 (count 35)
merge 8050: (77, 3700) -> 8306 (count 35)
merge 8051: (76, 73) -> 8307 (count 35)
merge 8052: (75, 75) -> 8308 (count 35)
merge 8053: (72, 338) -> 8309 (count 35)
merge 8054: (5733, 3538) -> 8310 (count 35)
merge 8055: (2031, 2852) -> 8311 (count 35)
merge 8056: (40, 36) -> 8312 (count 35)
merge 8057: (4489, 7563) -> 8313 (count 35)
merge 8058: (5919, 115) -> 8314 (count 35)
merge 8059: (287, 489) -> 8315 (count 35)
merge 8060: (1141, 400) -> 8316 (count 35)
merge 8061: (487, 6751) -> 8317 (count 35)
merge 8062: (3091, 286) -> 8318 (count 35)
merge 8063: (3701, 278) -> 8319 (count 35)
merge 8064: (4151, 3110) -> 8320 (count 35)
merge 8065: (990, 5947) -> 8321 (count 35)
merge 8066: (4948, 2928) -> 8322 (count 35)
merge 8067: (7326, 774) -> 8323 (count 35)
merge 8068: (3372, 116) -> 8324 (count 35)
merge 8069: (388, 2247) -> 8325 (count 35)
merge 8070: (2755, 282) -> 8326 (count 35)
merge 8071: (2773, 7622) -> 8327 (count 35)
merge 8072: (2602, 357) -> 8328 (count 35)
merge 8073: (970, 296) -> 8329 (count 35)
merge 8074: (4927, 314) -> 8330 (count 35)
merge 8075: (1301, 292) -> 8331 (count 35)
merge 8076: (1629, 1568) -> 8332 (count 35)
merge 8077: (5627, 277) -> 8333 (count 35)
merge 8078: (3153, 568) -> 8334 (count 35)
merge 8079: (3224, 6881) -> 8335 (count 35)
merge 8080: (538, 5277) -> 8336 (count 35)
merge 8081: (281, 264) -> 8337 (count 35)
merge 8082: (2227, 4862) -> 8338 (count 35)
merge 8083: (546, 6814) -> 8339 (count 35)
merge 8084: (5329, 115) -> 8340 (count 35)
merge 8085: (274, 4802) -> 8341 (count 35)
merge 8086: (1384, 1274) -> 8342 (count 35)
merge 8087: (1826, 745) -> 8343 (count 35)
merge 8088: (2993, 3784) -> 8344 (count 35)
merge 8089: (1542, 8284) -> 8345 (count 35)
merge 8090: (3972, 787) -> 8346 (count 35)
merge 8091: (476, 2364) -> 8347 (count 35)
merge 8092: (280, 279) -> 8348 (count 35)
merge 8093: (971, 1533) -> 8349 (count 35)
merge 8094: (1260, 314) -> 8350 (count 35)
merge 8095: (6915, 444) -> 8351 (count 35)
merge 8096: (3927, 273) -> 8352 (count 35)
merge 8097: (3259, 314) -> 8353 (count 35)
merge 8098: (4659, 115) -> 8354 (count 35)
merge 8099: (7202, 103) -> 8355 (count 35)
merge 8100: (4130, 4604) -> 8356 (count 35)
merge 8101: (1841, 1665) -> 8357 (count 35)
merge 8102: (814, 3341) -> 8358 (count 35)
merge 8103: (2472, 1232) -> 8359 (count 35)
merge 8104: (4819, 5720) -> 8360 (count 35)
merge 8105: (4860, 5343) -> 8361 (count 35)
merge 8106: (7204, 5825) -> 8362 (count 35)
merge 8107: (7692, 1283) -> 8363 (count 35)
merge 8108: (2663, 807) -> 8364 (count 35)
merge 8109: (3510, 105) -> 8365 (count 35)
merge 8110: (2704, 7726) -> 8366 (count 35)
merge 8111: (331, 263) -> 8367 (count 35)
merge 8112: (378, 117) -> 8368 (count 35)
merge 8113: (378, 691) -> 8369 (count 35)
merge 8114: (1961, 116) -> 8370 (count 35)
merge 8115: (6455, 2513) -> 8371 (count 35)
merge 8116: (446, 6365) -> 8372 (count 35)
merge 8117: (7788, 8183) -> 8373 (count 35)
merge 8118: (492, 354) -> 8374 (count 35)
merge 8119: (492, 6886) -> 8375 (count 35)
merge 8120: (2506, 115) -> 8376 (count 35)
merge 8121: (4288, 267) -> 8377 (count 35)
merge 8122: (524, 115) -> 8378 (count 35)
merge 8123: (524, 109) -> 8379 (count 35)
merge 8124: (7706, 734) -> 8380 (count 35)
merge 8125: (435, 950) -> 8381 (count 35)
merge 8126: (395, 3424) -> 8382 (count 35)
merge 8127: (395, 4245) -> 8383 (count 35)
merge 8128: (1454, 62) -> 8384 (count 35)
merge 8129: (4421, 394) -> 8385 (count 34)
merge 8130: (394, 1378) -> 8386 (count 34)
merge 8131: (2664, 257) -> 8387 (count 34)
merge 8132: (612, 264) -> 8388 (count 34)
merge 8133: (7795, 2817) -> 8389 (count 34)
merge 8134: (115, 7295) -> 8390 (count 34)
merge 8135: (4781, 890) -> 8391 (count 34)
merge 8136: (356, 589) -> 8392 (count 34)
merge 8137: (1546, 569) -> 8393 (count 34)
merge 8138: (270, 7729) -> 8394 (count 34)
merge 8139: (764, 312) -> 8395 (count 34)
merge 8140: (5676, 286) -> 8396 (count 34)
merge 8141: (3220, 8292) -> 8397 (count 34)
merge 8142: (416, 120) -> 8398 (count 34)
merge 8143: (109, 674) -> 8399 (count 34)
merge 8144: (558, 2272) -> 8400 (count 34)
merge 8145: (5543, 1630) -> 8401 (count 34)
merge 8146: (379, 2655) -> 8402 (count 34)
merge 8147: (316, 1030) -> 8403 (count 34)
merge 8148: (105, 396) -> 8404 (count 34)
merge 8149: (103, 7801) -> 8405 (count 34)
merge 8150: (102, 373) -> 8406 (count 34)
merge 8151: (1939, 7904) -> 8407 (count 34)
merge 8152: (99, 5086) -> 8408 (count 34)
merge 8153: (99, 709) -> 8409 (count 34)
merge 8154: (99, 98) -> 8410 (count 34)
merge 8155: (98, 257) -> 8411 (count 34)
merge 8156: (98, 316) -> 8412 (count 34)
merge 8157: (465, 264) -> 8413 (count 34)
merge 8158: (590, 296) -> 8414 (count 34)
merge 8159: (267, 339) -> 8415 (count 34)
merge 8160: (3623, 800) -> 8416 (count 34)
merge 8161: (1436, 422) -> 8417 (count 34)
merge 8162: (93, 664) -> 8418 (count 34)
merge 8163: (80, 81) -> 8419 (count 34)
merge 8164: (2959, 115) -> 8420 (count 34)
merge 8165: (8306, 1935) -> 8421 (count 34)
merge 8166: (77, 326) -> 8422 (count 34)
merge 8167: (1211, 5173) -> 8423 (count 34)
merge 8168: (2869, 7315) -> 8424 (count 34)
merge 8169: (69, 4985) -> 8425 (count 34)
merge 8170: (66, 80) -> 8426 (count 34)
merge 8171: (66, 68) -> 8427 (count 34)
merge 8172: (65, 85) -> 8428 (count 34)
merge 8173: (57, 56) -> 8429 (count 34)
merge 8174: (57, 55) -> 8430 (count 34)
merge 8175: (56, 6419) -> 8431 (count 34)
merge 8176: (1449, 56) -> 8432 (count 34)
merge 8177: (41, 952) -> 8433 (count 34)
merge 8178: (36, 40) -> 8434 (count 34)
merge 8179: (4525, 286) -> 8435 (count 34)
merge 8180: (4036, 8163) -> 8436 (count 34)
merge 8181: (765, 5948) -> 8437 (count 34)
merge 8182: (6064, 334) -> 8438 (count 34)
merge 8183: (6064, 111) -> 8439 (count 34)
merge 8184: (382, 3686) -> 8440 (count 34)
merge 8185: (467, 8283) -> 8441 (count 34)
merge 8186: (6022, 314) -> 8442 (count 34)
merge 8187: (2293, 115) -> 8443 (count 34)
merge 8188: (885, 347) -> 8444 (count 34)
merge 8189: (298, 7151) -> 8445 (count 34)
merge 8190: (606, 1533) -> 8446 (count 34)
merge 8191: (5223, 6873) -> 8447 (count 34)
merge 8192: (3201, 286) -> 8448 (count 34)
merge 8193: (1196, 4169) -> 8449 (count 34)
merge 8194: (2603, 115) -> 8450 (count 34)
merge 8195: (609, 8270) -> 8451 (count 34)
merge 8196: (2555, 6466) -> 8452 (count 34)
merge 8197: (1821, 791) -> 8453 (count 34)
merge 8198: (1001, 8157) -> 8454 (count 34)
merge 8199: (343, 111) -> 8455 (count 34)
merge 8200: (5761, 1764) -> 8456 (count 34)
merge 8201: (1943, 7630) -> 8457 (count 34)
merge 8202: (7762, 121) -> 8458 (count 34)
merge 8203: (329, 3868) -> 8459 (count 34)
merge 8204: (2568, 110) -> 8460 (count 34)
merge 8205: (3464, 115) -> 8461 (count 34)
merge 8206: (1470, 278) -> 8462 (count 34)
merge 8207: (1957, 3008) -> 8463 (count 34)
merge 8208: (1048, 3008) -> 8464 (count 34)
merge 8209: (385, 890) -> 8465 (count 34)
merge 8210: (385, 4187) -> 8466 (count 34)
merge 8211: (385, 8288) -> 8467 (count 34)
merge 8212: (3847, 314) -> 8468 (count 34)
merge 8213: (5930, 344) -> 8469 (count 34)
merge 8214: (1492, 579) -> 8470 (count 34)
merge 8215: (410, 117) -> 8471 (count 34)
merge 8216: (308, 5789) -> 8472 (count 34)
merge 8217: (1416, 1875) -> 8473 (count 34)
merge 8218: (268, 441) -> 8474 (count 34)
merge 8219: (387, 6267) -> 8475 (count 34)
merge 8220: (387, 594) -> 8476 (count 34)
merge 8221: (812, 488) -> 8477 (count 34)
merge 8222: (1086, 278) -> 8478 (count 34)
merge 8223: (531, 357) -> 8479 (count 34)
merge 8224: (1376, 264) -> 8480 (count 34)
merge 8225: (669, 4847) -> 8481 (count 34)
merge 8226: (7285, 264) -> 8482 (count 34)
merge 8227: (3781, 115) -> 8483 (count 34)
merge 8228: (331, 115) -> 8484 (count 34)
merge 8229: (378, 105) -> 8485 (count 34)
merge 8230: (5107, 400) -> 8486 (count 34)
merge 8231: (4887, 296) -> 8487 (count 34)
merge 8232: (657, 729) -> 8488 (count 34)
merge 8233: (2995, 1477) -> 8489 (count 34)
merge 8234: (1961, 7881) -> 8490 (count 34)
merge 8235: (459, 7296) -> 8491 (count 34)
merge 8236: (459, 108) -> 8492 (count 34)
merge 8237: (459, 3380) -> 8493 (count 34)
merge 8238: (613, 5602) -> 8494 (count 34)
merge 8239: (536, 1054) -> 8495 (count 34)
merge 8240: (409, 674) -> 8496 (count 34)
merge 8241: (7964, 8079) -> 8497 (count 34)
merge 8242: (5080, 5725) -> 8498 (count 34)
merge 8243: (4364, 675) -> 8499 (count 34)
merge 8244: (451, 7997) -> 8500 (count 34)
merge 8245: (6925, 6930) -> 8501 (count 34)
merge 8246: (2181, 5574) -> 8502 (count 34)
merge 8247: (2359, 4400) -> 8503 (count 34)
merge 8248: (395, 67) -> 8504 (count 34)
merge 8249: (470, 3143) -> 8505 (count 34)
merge 8250: (5400, 946) -> 8506 (count 34)
merge 8251: (905, 53) -> 8507 (count 34)
merge 8252: (32, 125) -> 8508 (count 34)
merge 8253: (2865, 61) -> 8509 (count 33)
merge 8254: (394, 126) -> 8510 (count 33)
merge 8255: (120, 97) -> 8511 (count 33)
merge 8256: (380, 116) -> 8512 (count 33)
merge 8257: (118, 499) -> 8513 (count 33)
merge 8258: (601, 269) -> 8514 (count 33)
merge 8259: (907, 276) -> 8515 (count 33)
merge 8260: (261, 273) -> 8516 (count 33)
merge 8261: (1420, 2535) -> 8517 (count 33)
merge 8262: (115, 264) -> 8518 (count 33)
merge 8263: (717, 444) -> 8519 (count 33)
merge 8264: (497, 114) -> 8520 (count 33)
merge 8265: (270, 1724) -> 8521 (count 33)
merge 8266: (4441, 555) -> 8522 (count 33)
merge 8267: (5058, 346) -> 8523 (count 33)
merge 8268: (341, 109) -> 8524 (count 33)
merge 8269: (7163, 1751) -> 8525 (count 33)
merge 8270: (109, 292) -> 8526 (count 33)
merge 8271: (562, 98) -> 8527 (count 33)
merge 8272: (474, 634) -> 8528 (count 33)
merge 8273: (108, 284) -> 8529 (count 33)
merge 8274: (108, 1159) -> 8530 (count 33)
merge 8275: (284, 276) -> 8531 (count 33)
merge 8276: (284, 267) -> 8532 (count 33)
merge 8277: (105, 4596) -> 8533 (count 33)
merge 8278: (105, 269) -> 8534 (count 33)
merge 8279: (1525, 292) -> 8535 (count 33)
merge 8280: (473, 296) -> 8536 (count 33)
merge 8281: (297, 443) -> 8537 (count 33)
merge 8282: (2122, 784) -> 8538 (count 33)
merge 8283: (4524, 1096) -> 8539 (count 33)
merge 8284: (465, 8069) -> 8540 (count 33)
merge 8285: (697, 307) -> 8541 (count 33)
merge 8286: (288, 3286) -> 8542 (count 33)
merge 8287: (4988, 8169) -> 8543 (count 33)
merge 8288: (302, 99) -> 8544 (count 33)
merge 8289: (97, 414) -> 8545 (count 33)
merge 8290: (82, 266) -> 8546 (count 33)
merge 8291: (81, 1326) -> 8547 (count 33)
merge 8292: (79, 112) -> 8548 (count 33)
merge 8293: (2379, 84) -> 8549 (count 33)
merge 8294: (77, 76) -> 8550 (count 33)
merge 8295: (3964, 846) -> 8551 (count 33)
merge 8296: (2106, 73) -> 8552 (count 33)
merge 8297: (2914, 66) -> 8553 (count 33)
merge 8298: (70, 2759) -> 8554 (count 33)
merge 8299: (69, 88) -> 8555 (count 33)
merge 8300: (69, 76) -> 8556 (count 33)
merge 8301: (54, 55) -> 8557 (count 33)
merge 8302: (33, 92) -> 8558 (count 33)
merge 8303: (1214, 6880) -> 8559 (count 33)
merge 8304: (3288, 3863) -> 8560 (count 33)
merge 8305: (494, 264) -> 8561 (count 33)
merge 8306: (7245, 7067) -> 8562 (count 33)
merge 8307: (5181, 6932) -> 8563 (count 33)
merge 8308: (487, 982) -> 8564 (count 33)
merge 8309: (6956, 311) -> 8565 (count 33)
merge 8310: (874, 4727) -> 8566 (count 33)
merge 8311: (467, 7232) -> 8567 (count 33)
merge 8312: (4229, 564) -> 8568 (count 33)
merge 8313: (374, 403) -> 8569 (count 33)
merge 8314: (5260, 286) -> 8570 (count 33)
merge 8315: (596, 482) -> 8571 (count 33)
merge 8316: (862, 322) -> 8572 (count 33)
merge 8317: (6147, 963) -> 8573 (count 33)
merge 8318: (4373, 576) -> 8574 (count 33)
merge 8319: (6238, 6271) -> 8575 (count 33)
merge 8320: (5737, 1065) -> 8576 (count 33)
merge 8321: (3873, 6405) -> 8577 (count 33)
merge 8322: (272, 675) -> 8578 (count 33)
merge 8323: (1037, 562) -> 8579 (count 33)
merge 8324: (6241, 414) -> 8580 (count 33)
merge 8325: (1227, 555) -> 8581 (count 33)
merge 8326: (4533, 791) -> 8582 (count 33)
merge 8327: (4333, 1573) -> 8583 (count 33)
merge 8328: (275, 5602) -> 8584 (count 33)
merge 8329: (2843, 362) -> 8585 (count 33)
merge 8330: (1661, 292) -> 8586 (count 33)
merge 8331: (375, 2156) -> 8587 (count 33)
merge 8332: (283, 414) -> 8588 (count 33)
merge 8333: (3543, 286) -> 8589 (count 33)
merge 8334: (8027, 292) -> 8590 (count 33)
merge 8335: (329, 282) -> 8591 (count 33)
merge 8336: (5356, 7485) -> 8592 (count 33)
merge 8337: (6155, 3302) -> 8593 (count 33)
merge 8338: (6844, 4321) -> 8594 (count 33)
merge 8339: (3023, 278) -> 8595 (count 33)
merge 8340: (7432, 101) -> 8596 (count 33)
merge 8341: (295, 1604) -> 8597 (count 33)
merge 8342: (4378, 2040) -> 8598 (count 33)
merge 8343: (934, 742) -> 8599 (count 33)
merge 8344: (1931, 1087) -> 8600 (count 33)
merge 8345: (1247, 571) -> 8601 (count 33)
merge 8346: (2318, 286) -> 8602 (count 33)
merge 8347: (410, 1580) -> 8603 (count 33)
merge 8348: (1416, 2625) -> 8604 (count 33)
merge 8349: (355, 112) -> 8605 (count 33)
merge 8350: (3810, 115) -> 8606 (count 33)
merge 8351: (260, 5906) -> 8607 (count 33)
merge 8352: (1376, 5690) -> 8608 (count 33)
merge 8353: (8484, 7387) -> 8609 (count 33)
merge 8354: (5004, 757) -> 8610 (count 33)
merge 8355: (384, 497) -> 8611 (count 33)
merge 8356: (331, 651) -> 8612 (count 33)
merge 8357: (4060, 267) -> 8613 (count 33)
merge 8358: (1759, 267) -> 8614 (count 33)
merge 8359: (657, 347) -> 8615 (count 33)
merge 8360: (4379, 1467) -> 8616 (count 33)
merge 8361: (3109, 267) -> 8617 (count 33)
merge 8362: (7211, 745) -> 8618 (count 33)
merge 8363: (409, 4145) -> 8619 (count 33)
merge 8364: (1244, 7300) -> 8620 (count 33)
merge 8365: (3025, 1109) -> 8621 (count 33)
merge 8366: (5080, 8393) -> 8622 (count 33)
merge 8367: (446, 122) -> 8623 (count 33)
merge 8368: (446, 8176) -> 8624 (count 33)
merge 8369: (451, 1117) -> 8625 (count 33)
merge 8370: (451, 65) -> 8626 (count 33)
merge 8371: (4318, 733) -> 8627 (count 33)
merge 8372: (2574, 8279) -> 8628 (count 33)
merge 8373: (435, 2830) -> 8629 (count 33)
merge 8374: (5399, 386) -> 8630 (count 33)
merge 8375: (470, 507) -> 8631 (count 33)
merge 8376: (436, 78) -> 8632 (count 33)
merge 8377: (436, 6694) -> 8633 (count 33)
merge 8378: (290, 671) -> 8634 (count 32)
merge 8379: (1071, 601) -> 8635 (count 32)
merge 8380: (1071, 443) -> 8636 (count 32)
merge 8381: (5141, 1606) -> 8637 (count 32)
merge 8382: (310, 273) -> 8638 (count 32)
merge 8383: (996, 101) -> 8639 (count 32)
merge 8384: (870, 336) -> 8640 (count 32)
merge 8385: (4575, 827) -> 8641 (count 32)
merge 8386: (7987, 656) -> 8642 (count 32)
merge 8387: (7482, 1760) -> 8643 (count 32)
merge 8388: (282, 1120) -> 8644 (count 32)
merge 8389: (282, 112) -> 8645 (count 32)
merge 8390: (424, 631) -> 8646 (count 32)
merge 8391: (2451, 6176) -> 8647 (count 32)
merge 8392: (292, 985) -> 8648 (count 32)
merge 8393: (1239, 271) -> 8649 (count 32)
merge 8394: (264, 267) -> 8650 (count 32)
merge 8395: (101, 66) -> 8651 (count 32)
merge 8396: (99, 108) -> 8652 (count 32)
merge 8397: (288, 6521) -> 8653 (count 32)
merge 8398: (313, 97) -> 8654 (count 32)
merge 8399: (97, 309) -> 8655 (count 32)
merge 8400: (97, 257) -> 8656 (count 32)
merge 8401: (751, 4035) -> 8657 (count 32)
merge 8402: (89, 2081) -> 8658 (count 32)
merge 8403: (2929, 565) -> 8659 (count 32)
merge 8404: (1579, 1117) -> 8660 (count 32)
merge 8405: (83, 4441) -> 8661 (count 32)
merge 8406: (4553, 103) -> 8662 (count 32)
merge 8407: (80, 5175) -> 8663 (count 32)
merge 8408: (76, 338) -> 8664 (count 32)
merge 8409: (76, 105) -> 8665 (count 32)
merge 8410: (5550, 1175) -> 8666 (count 32)
merge 8411: (66, 2735) -> 8667 (count 32)
merge 8412: (55, 1095) -> 8668 (count 32)
merge 8413: (52, 50) -> 8669 (count 32)
merge 8414: (51, 4034) -> 8670 (count 32)
merge 8415: (3415, 40) -> 8671 (count 32)
merge 8416: (426, 734) -> 8672 (count 32)
merge 8417: (487, 413) -> 8673 (count 32)
merge 8418: (3529, 336) -> 8674 (count 32)
merge 8419: (886, 893) -> 8675 (count 32)
merge 8420: (306, 8521) -> 8676 (count 32)
merge 8421: (256, 749) -> 8677 (count 32)
merge 8422: (256, 7087) -> 8678 (count 32)
merge 8423: (6591, 7986) -> 8679 (count 32)
merge 8424: (5514, 115) -> 8680 (count 32)
merge 8425: (3985, 791) -> 8681 (count 32)
merge 8426: (382, 7068) -> 8682 (count 32)
merge 8427: (382, 849) -> 8683 (count 32)
merge 8428: (5487, 5868) -> 8684 (count 32)
merge 8429: (672, 364) -> 8685 (count 32)
merge 8430: (8215, 286) -> 8686 (count 32)
merge 8431: (885, 576) -> 8687 (count 32)
merge 8432: (618, 372) -> 8688 (count 32)
merge 8433: (5617, 7078) -> 8689 (count 32)
merge 8434: (862, 2322) -> 8690 (count 32)
merge 8435: (605, 4239) -> 8691 (count 32)
merge 8436: (547, 357) -> 8692 (count 32)
merge 8437: (272, 7719) -> 8693 (count 32)
merge 8438: (2306, 2352) -> 8694 (count 32)
merge 8439: (275, 6927) -> 8695 (count 32)
merge 8440: (275, 2664) -> 8696 (count 32)
merge 8441: (8115, 968) -> 8697 (count 32)
merge 8442: (3818, 111) -> 8698 (count 32)
merge 8443: (538, 7624) -> 8699 (count 32)
merge 8444: (3463, 278) -> 8700 (count 32)
merge 8445: (329, 8158) -> 8701 (count 32)
merge 8446: (329, 1373) -> 8702 (count 32)
merge 8447: (5047, 115) -> 8703 (count 32)
merge 8448: (581, 271) -> 8704 (count 32)
merge 8449: (323, 8180) -> 8705 (count 32)
merge 8450: (642, 1543) -> 8706 (count 32)
merge 8451: (545, 8271) -> 8707 (count 32)
merge 8452: (1360, 278) -> 8708 (count 32)
merge 8453: (280, 97) -> 8709 (count 32)
merge 8454: (7044, 278) -> 8710 (count 32)
merge 8455: (410, 551) -> 8711 (count 32)
merge 8456: (4164, 342) -> 8712 (count 32)
merge 8457: (417, 8541) -> 8713 (count 32)
merge 8458: (3015, 278) -> 8714 (count 32)
merge 8459: (268, 1339) -> 8715 (count 32)
merge 8460: (291, 3685) -> 8716 (count 32)
merge 8461: (291, 114) -> 8717 (count 32)
merge 8462: (291, 4522) -> 8718 (count 32)
merge 8463: (3063, 1109) -> 8719 (count 32)
merge 8464: (3954, 5868) -> 8720 (count 32)
merge 8465: (3588, 3686) -> 8721 (count 32)
merge 8466: (2805, 276) -> 8722 (count 32)
merge 8467: (331, 713) -> 8723 (count 32)
merge 8468: (3338, 3362) -> 8724 (count 32)
merge 8469: (613, 109) -> 8725 (count 32)
merge 8470: (446, 2867) -> 8726 (count 32)
merge 8471: (1893, 676) -> 8727 (count 32)
merge 8472: (524, 1064) -> 8728 (count 32)
merge 8473: (524, 7297) -> 8729 (count 32)
merge 8474: (435, 5055) -> 8730 (count 32)
merge 8475: (435, 5111) -> 8731 (count 32)
merge 8476: (8382, 566) -> 8732 (count 32)
merge 8477: (5534, 7879) -> 8733 (count 32)
merge 8478: (5138, 727) -> 8734 (count 32)
merge 8479: (1814, 1095) -> 8735 (count 32)
merge 8480: (32, 498) -> 8736 (count 32)
merge 8481: (32, 804) -> 8737 (count 32)
merge 8482: (5536, 394) -> 8738 (count 31)
merge 8483: (3339, 276) -> 8739 (count 31)
merge 8484: (1064, 878) -> 8740 (count 31)
merge 8485: (118, 795) -> 8741 (count 31)
merge 8486: (611, 2742) -> 8742 (count 31)
merge 8487: (766, 278) -> 8743 (count 31)
merge 8488: (4384, 286) -> 8744 (count 31)
merge 8489: (630, 407) -> 8745 (count 31)
merge 8490: (307, 2876) -> 8746 (count 31)
merge 8491: (522, 373) -> 8747 (count 31)
merge 8492: (1426, 391) -> 8748 (count 31)
merge 8493: (114, 332) -> 8749 (count 31)
merge 8494: (1000, 284) -> 8750 (count 31)
merge 8495: (1391, 357) -> 8751 (count 31)
merge 8496: (341, 292) -> 8752 (count 31)
merge 8497: (607, 7977) -> 8753 (count 31)
merge 8498: (5248, 607) -> 8754 (count 31)
merge 8499: (7989, 1248) -> 8755 (count 31)
merge 8500: (282, 568) -> 8756 (count 31)
merge 8501: (258, 6741) -> 8757 (count 31)
merge 8502: (305, 97) -> 8758 (count 31)
merge 8503: (1463, 284) -> 8759 (count 31)
merge 8504: (276, 8517) -> 8760 (count 31)
merge 8505: (299, 656) -> 8761 (count 31)
merge 8506: (302, 3220) -> 8762 (count 31)
merge 8507: (340, 491) -> 8763 (count 31)
merge 8508: (87, 575) -> 8764 (count 31)
merge 8509: (83, 951) -> 8765 (count 31)
merge 8510: (79, 4735) -> 8766 (count 31)
merge 8511: (78, 1579) -> 8767 (count 31)
merge 8512: (76, 530) -> 8768 (count 31)
merge 8513: (72, 84) -> 8769 (count 31)
merge 8514: (70, 455) -> 8770 (count 31)
merge 8515: (53, 57) -> 8771 (count 31)
merge 8516: (51, 1095) -> 8772 (count 31)
merge 8517: (2136, 4212) -> 8773 (count 31)
merge 8518: (591, 54) -> 8774 (count 31)
merge 8519: (1670, 1231) -> 8775 (count 31)
merge 8520: (359, 1146) -> 8776 (count 31)
merge 8521: (487, 558) -> 8777 (count 31)
merge 8522: (5119, 258) -> 8778 (count 31)
merge 8523: (7651, 6631) -> 8779 (count 31)
merge 8524: (2921, 278) -> 8780 (count 31)
merge 8525: (1411, 4596) -> 8781 (count 31)
merge 8526: (2689, 7906) -> 8782 (count 31)
merge 8527: (7416, 5006) -> 8783 (count 31)
merge 8528: (672, 5910) -> 8784 (count 31)
merge 8529: (1010, 1698) -> 8785 (count 31)
merge 8530: (467, 2542) -> 8786 (count 31)
merge 8531: (467, 1606) -> 8787 (count 31)
merge 8532: (483, 286) -> 8788 (count 31)
merge 8533: (265, 1766) -> 8789 (count 31)
merge 8534: (3283, 116) -> 8790 (count 31)
merge 8535: (2391, 454) -> 8791 (count 31)
merge 8536: (298, 766) -> 8792 (count 31)
merge 8537: (298, 258) -> 8793 (count 31)
merge 8538: (838, 656) -> 8794 (count 31)
merge 8539: (2485, 2401) -> 8795 (count 31)
merge 8540: (3192, 1120) -> 8796 (count 31)
merge 8541: (1676, 8394) -> 8797 (count 31)
merge 8542: (560, 6580) -> 8798 (count 31)
merge 8543: (1033, 2036) -> 8799 (count 31)
merge 8544: (2746, 5244) -> 8800 (count 31)
merge 8545: (7105, 109) -> 8801 (count 31)
merge 8546: (8579, 7221) -> 8802 (count 31)
merge 8547: (468, 8403) -> 8803 (count 31)
merge 8548: (2944, 656) -> 8804 (count 31)
merge 8549: (1440, 97) -> 8805 (count 31)
merge 8550: (1194, 97) -> 8806 (count 31)
merge 8551: (609, 263) -> 8807 (count 31)
merge 8552: (924, 1190) -> 8808 (count 31)
merge 8553: (283, 1055) -> 8809 (count 31)
merge 8554: (283, 725) -> 8810 (count 31)
merge 8555: (462, 5906) -> 8811 (count 31)
merge 8556: (1521, 117) -> 8812 (count 31)
merge 8557: (1344, 261) -> 8813 (count 31)
merge 8558: (7112, 1966) -> 8814 (count 31)
merge 8559: (4357, 8070) -> 8815 (count 31)
merge 8560: (330, 1989) -> 8816 (count 31)
merge 8561: (1960, 8761) -> 8817 (count 31)
merge 8562: (5807, 7565) -> 8818 (count 31)
merge 8563: (5158, 8534) -> 8819 (count 31)
merge 8564: (4833, 115) -> 8820 (count 31)
merge 8565: (274, 2427) -> 8821 (count 31)
merge 8566: (323, 3379) -> 8822 (count 31)
merge 8567: (1375, 555) -> 8823 (count 31)
merge 8568: (2315, 314) -> 8824 (count 31)
merge 8569: (434, 3098) -> 8825 (count 31)
merge 8570: (5764, 400) -> 8826 (count 31)
merge 8571: (8127, 121) -> 8827 (count 31)
merge 8572: (280, 4367) -> 8828 (count 31)
merge 8573: (500, 4404) -> 8829 (count 31)
merge 8574: (8036, 1407) -> 8830 (count 31)
merge 8575: (1902, 7793) -> 8831 (count 31)
merge 8576: (2839, 944) -> 8832 (count 31)
merge 8577: (4980, 4845) -> 8833 (count 31)
merge 8578: (4192, 386) -> 8834 (count 31)
merge 8579: (1514, 276) -> 8835 (count 31)
merge 8580: (512, 1303) -> 8836 (count 31)
merge 8581: (2196, 656) -> 8837 (count 31)
merge 8582: (531, 944) -> 8838 (count 31)
merge 8583: (1894, 90) -> 8839 (count 31)
merge 8584: (4937, 891) -> 8840 (count 31)
merge 8585: (3338, 1049) -> 8841 (count 31)
merge 8586: (4887, 111) -> 8842 (count 31)
merge 8587: (657, 8648) -> 8843 (count 31)
merge 8588: (657, 1103) -> 8844 (count 31)
merge 8589: (5569, 276) -> 8845 (count 31)
merge 8590: (459, 7073) -> 8846 (count 31)
merge 8591: (459, 79) -> 8847 (count 31)
merge 8592: (5336, 8304) -> 8848 (count 31)
merge 8593: (409, 1110) -> 8849 (count 31)
merge 8594: (409, 6754) -> 8850 (count 31)
merge 8595: (472, 1951) -> 8851 (count 31)
merge 8596: (3025, 1444) -> 8852 (count 31)
merge 8597: (481, 1810) -> 8853 (count 31)
merge 8598: (446, 4983) -> 8854 (count 31)
merge 8599: (492, 1453) -> 8855 (count 31)
merge 8600: (4236, 630) -> 8856 (count 31)
merge 8601: (5203, 115) -> 8857 (count 31)
merge 8602: (2181, 2481) -> 8858 (count 31)
merge 8603: (470, 322) -> 8859 (count 31)
merge 8604: (905, 55) -> 8860 (count 31)
merge 8605: (32, 2852) -> 8861 (count 31)
merge 8606: (1801, 123) -> 8862 (count 30)
merge 8607: (1437, 40) -> 8863 (count 30)
merge 8608: (125, 1276) -> 8864 (count 30)
merge 8609: (8154, 125) -> 8865 (count 30)
merge 8610: (119, 104) -> 8866 (count 30)
merge 8611: (6869, 477) -> 8867 (count 30)
merge 8612: (389, 8749) -> 8868 (count 30)
merge 8613: (1236, 362) -> 8869 (count 30)
merge 8614: (595, 278) -> 8870 (count 30)
merge 8615: (653, 744) -> 8871 (count 30)
merge 8616: (1705, 443) -> 8872 (count 30)
merge 8617: (5640, 523) -> 8873 (count 30)
merge 8618: (279, 3915) -> 8874 (count 30)
merge 8619: (114, 1339) -> 8875 (count 30)
merge 8620: (114, 768) -> 8876 (count 30)
merge 8621: (1731, 955) -> 8877 (count 30)
merge 8622: (6004, 3979) -> 8878 (count 30)
merge 8623: (347, 101) -> 8879 (count 30)
merge 8624: (334, 317) -> 8880 (count 30)
merge 8625: (675, 286) -> 8881 (count 30)
merge 8626: (5058, 1065) -> 8882 (count 30)
merge 8627: (734, 2086) -> 8883 (count 30)
merge 8628: (111, 3658) -> 8884 (count 30)
merge 8629: (110, 257) -> 8885 (count 30)
merge 8630: (109, 4824) -> 8886 (count 30)
merge 8631: (1471, 271) -> 8887 (count 30)
merge 8632: (8887, 1055) -> 8888 (count 30)
merge 8633: (258, 97) -> 8889 (count 30)
merge 8634: (2859, 444) -> 8890 (count 30)
merge 8635: (105, 5006) -> 8891 (count 30)
merge 8636: (259, 366) -> 8892 (count 30)
merge 8637: (259, 2768) -> 8893 (count 30)
merge 8638: (104, 269) -> 8894 (count 30)
merge 8639: (6940, 4273) -> 8895 (count 30)
merge 8640: (5339, 3800) -> 8896 (count 30)
merge 8641: (299, 756) -> 8897 (count 30)
merge 8642: (1410, 99) -> 8898 (count 30)
merge 8643: (267, 8167) -> 8899 (count 30)
merge 8644: (267, 6096) -> 8900 (count 30)
merge 8645: (7388, 3424) -> 8901 (count 30)
merge 8646: (1436, 664) -> 8902 (count 30)
merge 8647: (93, 46) -> 8903 (count 30)
merge 8648: (87, 4645) -> 8904 (count 30)
merge 8649: (85, 112) -> 8905 (count 30)
merge 8650: (883, 328) -> 8906 (count 30)
merge 8651: (82, 485) -> 8907 (count 30)
merge 8652: (82, 83) -> 8908 (count 30)
merge 8653: (81, 115) -> 8909 (count 30)
merge 8654: (79, 2793) -> 8910 (count 30)
merge 8655: (71, 6413) -> 8911 (count 30)
merge 8656: (5916, 1631) -> 8912 (count 30)
merge 8657: (5345, 2930) -> 8913 (count 30)
merge 8658: (2860, 83) -> 8914 (count 30)
merge 8659: (2869, 115) -> 8915 (count 30)
merge 8660: (4095, 1095) -> 8916 (count 30)
merge 8661: (1638, 4944) -> 8917 (count 30)
merge 8662: (287, 2334) -> 8918 (count 30)
merge 8663: (3364, 791) -> 8919 (count 30)
merge 8664: (1955, 2550) -> 8920 (count 30)
merge 8665: (1643, 277) -> 8921 (count 30)
merge 8666: (765, 5574) -> 8922 (count 30)
merge 8667: (765, 7488) -> 8923 (count 30)
merge 8668: (1583, 115) -> 8924 (count 30)
merge 8669: (256, 3053) -> 8925 (count 30)
merge 8670: (4189, 8539) -> 8926 (count 30)
merge 8671: (7415, 344) -> 8927 (count 30)
merge 8672: (3985, 2625) -> 8928 (count 30)
merge 8673: (5485, 1409) -> 8929 (count 30)
merge 8674: (3713, 286) -> 8930 (count 30)
merge 8675: (3067, 1087) -> 8931 (count 30)
merge 8676: (6832, 643) -> 8932 (count 30)
merge 8677: (298, 116) -> 8933 (count 30)
merge 8678: (298, 4157) -> 8934 (count 30)
merge 8679: (1155, 651) -> 8935 (count 30)
merge 8680: (894, 4971) -> 8936 (count 30)
merge 8681: (370, 8516) -> 8937 (count 30)
merge 8682: (272, 258) -> 8938 (count 30)
merge 8683: (1196, 5682) -> 8939 (count 30)
merge 8684: (7423, 380) -> 8940 (count 30)
merge 8685: (303, 454) -> 8941 (count 30)
merge 8686: (4178, 3477) -> 8942 (count 30)
merge 8687: (2789, 1949) -> 8943 (count 30)
merge 8688: (5521, 3863) -> 8944 (count 30)
merge 8689: (586, 5871) -> 8945 (count 30)
merge 8690: (471, 7902) -> 8946 (count 30)
merge 8691: (6842, 632) -> 8947 (count 30)
merge 8692: (281, 962) -> 8948 (count 30)
merge 8693: (4484, 791) -> 8949 (count 30)
merge 8694: (3493, 802) -> 8950 (count 30)
merge 8695: (2804, 270) -> 8951 (count 30)
merge 8696: (1134, 2799) -> 8952 (count 30)
merge 8697: (4930, 116) -> 8953 (count 30)
merge 8698: (274, 598) -> 8954 (count 30)
merge 8699: (661, 2201) -> 8955 (count 30)
merge 8700: (3023, 276) -> 8956 (count 30)
merge 8701: (7436, 6182) -> 8957 (count 30)
merge 8702: (6082, 3802) -> 8958 (count 30)
merge 8703: (3336, 5439) -> 8959 (count 30)
merge 8704: (1510, 2002) -> 8960 (count 30)
merge 8705: (280, 3685) -> 8961 (count 30)
merge 8706: (280, 2212) -> 8962 (count 30)
merge 8707: (3973, 314) -> 8963 (count 30)
merge 8708: (2827, 1135) -> 8964 (count 30)
merge 8709: (5932, 4602) -> 8965 (count 30)
merge 8710: (4022, 1702) -> 8966 (count 30)
merge 8711: (6113, 1507) -> 8967 (count 30)
merge 8712: (291, 371) -> 8968 (count 30)
merge 8713: (2498, 117) -> 8969 (count 30)
merge 8714: (2498, 257) -> 8970 (count 30)
merge 8715: (573, 458) -> 8971 (count 30)
merge 8716: (573, 101) -> 8972 (count 30)
merge 8717: (5333, 5907) -> 8973 (count 30)
merge 8718: (7536, 444) -> 8974 (count 30)
merge 8719: (3810, 286) -> 8975 (count 30)
merge 8720: (2331, 286) -> 8976 (count 30)
merge 8721: (8367, 569) -> 8977 (count 30)
merge 8722: (331, 8543) -> 8978 (count 30)
merge 8723: (3782, 2536) -> 8979 (count 30)
merge 8724: (2797, 958) -> 8980 (count 30)
merge 8725: (378, 68) -> 8981 (count 30)
merge 8726: (378, 67) -> 8982 (count 30)
merge 8727: (657, 1928) -> 8983 (count 30)
merge 8728: (3130, 115) -> 8984 (count 30)
merge 8729: (6300, 631) -> 8985 (count 30)
merge 8730: (7451, 317) -> 8986 (count 30)
merge 8731: (1961, 405) -> 8987 (count 30)
merge 8732: (3357, 358) -> 8988 (count 30)
merge 8733: (5713, 115) -> 8989 (count 30)
merge 8734: (409, 4079) -> 8990 (count 30)
merge 8735: (409, 87) -> 8991 (count 30)
merge 8736: (472, 7016) -> 8992 (count 30)
merge 8737: (6988, 7899) -> 8993 (count 30)
merge 8738: (446, 2457) -> 8994 (count 30)
merge 8739: (492, 727) -> 8995 (count 30)
merge 8740: (4938, 296) -> 8996 (count 30)
merge 8741: (451, 7478) -> 8997 (count 30)
merge 8742: (435, 8900) -> 8998 (count 30)
merge 8743: (435, 7310) -> 8999 (count 30)
merge 8744: (1954, 2716) -> 9000 (count 30)
merge 8745: (395, 8883) -> 9001 (count 30)
merge 8746: (395, 1326) -> 9002 (count 30)
merge 8747: (5303, 3126) -> 9003 (count 30)
merge 8748: (470, 114) -> 9004 (count 30)
merge 8749: (4474, 2261) -> 9005 (count 30)
merge 8750: (2421, 311) -> 9006 (count 29)
merge 8751: (3816, 286) -> 9007 (count 29)
merge 8752: (907, 111) -> 9008 (count 29)
merge 8753: (114, 2156) -> 9009 (count 29)
merge 8754: (114, 429) -> 9010 (count 29)
merge 8755: (7797, 314) -> 9011 (count 29)
merge 8756: (334, 513) -> 9012 (count 29)
merge 8757: (3387, 2445) -> 9013 (count 29)
merge 8758: (257, 257) -> 9014 (count 29)
merge 8759: (341, 1990) -> 9015 (count 29)
merge 8760: (326, 278) -> 9016 (count 29)
merge 8761: (111, 120) -> 9017 (count 29)
merge 8762: (111, 6872) -> 9018 (count 29)
merge 8763: (111, 7498) -> 9019 (count 29)
merge 8764: (8754, 311) -> 9020 (count 29)
merge 8765: (289, 118) -> 9021 (count 29)
merge 8766: (2926, 449) -> 9022 (count 29)
merge 8767: (282, 121) -> 9023 (count 29)
merge 8768: (2687, 911) -> 9024 (count 29)
merge 8769: (364, 289) -> 9025 (count 29)
merge 8770: (364, 286) -> 9026 (count 29)
merge 8771: (393, 98) -> 9027 (count 29)
merge 8772: (339, 4009) -> 9028 (count 29)
merge 8773: (7380, 258) -> 9029 (count 29)
merge 8774: (475, 1764) -> 9030 (count 29)
merge 8775: (297, 3487) -> 9031 (count 29)
merge 8776: (7993, 278) -> 9032 (count 29)
merge 8777: (8178, 1135) -> 9033 (count 29)
merge 8778: (684, 6088) -> 9034 (count 29)
merge 8779: (99, 2953) -> 9035 (count 29)
merge 8780: (98, 114) -> 9036 (count 29)
merge 8781: (98, 105) -> 9037 (count 29)
merge 8782: (8545, 121) -> 9038 (count 29)
merge 8783: (477, 278) -> 9039 (count 29)
merge 8784: (1209, 4368) -> 9040 (count 29)
merge 8785: (1297, 8266) -> 9041 (count 29)
merge 8786: (729, 115) -> 9042 (count 29)
merge 8787: (530, 2940) -> 9043 (count 29)
merge 8788: (724, 518) -> 9044 (count 29)
merge 8789: (86, 496) -> 9045 (count 29)
merge 8790: (6530, 1726) -> 9046 (count 29)
merge 8791: (6061, 464) -> 9047 (count 29)
merge 8792: (82, 111) -> 9048 (count 29)
merge 8793: (82, 276) -> 9049 (count 29)
merge 8794: (82, 73) -> 9050 (count 29)
merge 8795: (81, 2361) -> 9051 (count 29)
merge 8796: (5318, 1088) -> 9052 (count 29)
merge 8797: (80, 86) -> 9053 (count 29)
merge 8798: (79, 79) -> 9054 (count 29)
merge 8799: (78, 2322) -> 9055 (count 29)
merge 8800: (77, 1896) -> 9056 (count 29)
merge 8801: (5319, 1313) -> 9057 (count 29)
merge 8802: (72, 72) -> 9058 (count 29)
merge 8803: (70, 2807) -> 9059 (count 29)
merge 8804: (5832, 9019) -> 9060 (count 29)
merge 8805: (65, 6369) -> 9061 (count 29)
merge 8806: (56, 51) -> 9062 (count 29)
merge 8807: (4033, 5884) -> 9063 (count 29)
merge 8808: (2502, 4325) -> 9064 (count 29)
merge 8809: (45, 44) -> 9065 (count 29)
merge 8810: (518, 95) -> 9066 (count 29)
merge 8811: (4922, 944) -> 9067 (count 29)
merge 8812: (6646, 4545) -> 9068 (count 29)
merge 8813: (1233, 116) -> 9069 (count 29)
merge 8814: (5487, 117) -> 9070 (count 29)
merge 8815: (2723, 264) -> 9071 (count 29)
merge 8816: (467, 6370) -> 9072 (count 29)
merge 8817: (4160, 3150) -> 9073 (count 29)
merge 8818: (1880, 569) -> 9074 (count 29)
merge 8819: (1222, 8068) -> 9075 (count 29)
merge 8820: (705, 257) -> 9076 (count 29)
merge 8821: (2348, 6012) -> 9077 (count 29)
merge 8822: (265, 603) -> 9078 (count 29)
merge 8823: (1034, 2625) -> 9079 (count 29)
merge 8824: (1034, 2799) -> 9080 (count 29)
merge 8825: (2808, 7620) -> 9081 (count 29)
merge 8826: (4791, 1533) -> 9082 (count 29)
merge 8827: (5802, 7631) -> 9083 (count 29)
merge 8828: (3640, 7898) -> 9084 (count 29)
merge 8829: (1155, 2799) -> 9085 (count 29)
merge 8830: (7938, 7892) -> 9086 (count 29)
merge 8831: (1169, 115) -> 9087 (count 29)
merge 8832: (8020, 111) -> 9088 (count 29)
merge 8833: (6241, 2604) -> 9089 (count 29)
merge 8834: (6903, 296) -> 9090 (count 29)
merge 8835: (2545, 845) -> 9091 (count 29)
merge 8836: (528, 5603) -> 9092 (count 29)
merge 8837: (303, 9015) -> 9093 (count 29)
merge 8838: (303, 7385) -> 9094 (count 29)
merge 8839: (904, 1000) -> 9095 (count 29)
merge 8840: (2656, 276) -> 9096 (count 29)
merge 8841: (462, 103) -> 9097 (count 29)
merge 8842: (4139, 314) -> 9098 (count 29)
merge 8843: (8812, 5726) -> 9099 (count 29)
merge 8844: (5072, 8165) -> 9100 (count 29)
merge 8845: (1487, 8755) -> 9101 (count 29)
merge 8846: (2639, 100) -> 9102 (count 29)
merge 8847: (4616, 506) -> 9103 (count 29)
merge 8848: (329, 7369) -> 9104 (count 29)
merge 8849: (330, 8527) -> 9105 (count 29)
merge 8850: (2657, 115) -> 9106 (count 29)
merge 8851: (6498, 307) -> 9107 (count 29)
merge 8852: (5388, 121) -> 9108 (count 29)
merge 8853: (4019, 571) -> 9109 (count 29)
merge 8854: (5294, 2271) -> 9110 (count 29)
merge 8855: (274, 1006) -> 9111 (count 29)
merge 8856: (989, 4965) -> 9112 (count 29)
merge 8857: (2983, 968) -> 9113 (count 29)
merge 8858: (1523, 354) -> 9114 (count 29)
merge 8859: (1510, 3340) -> 9115 (count 29)
merge 8860: (280, 6053) -> 9116 (count 29)
merge 8861: (280, 2252) -> 9117 (count 29)
merge 8862: (3326, 344) -> 9118 (count 29)
merge 8863: (1831, 6219) -> 9119 (count 29)
merge 8864: (1925, 742) -> 9120 (count 29)
merge 8865: (1492, 2017) -> 9121 (count 29)
merge 8866: (4980, 1980) -> 9122 (count 29)
merge 8867: (308, 5643) -> 9123 (count 29)
merge 8868: (4164, 264) -> 9124 (count 29)
merge 8869: (5850, 656) -> 9125 (count 29)
merge 8870: (7127, 1966) -> 9126 (count 29)
merge 8871: (1742, 4512) -> 9127 (count 29)
merge 8872: (291, 756) -> 9128 (count 29)
merge 8873: (4753, 333) -> 9129 (count 29)
merge 8874: (3695, 444) -> 9130 (count 29)
merge 8875: (1376, 499) -> 9131 (count 29)
merge 8876: (6984, 9010) -> 9132 (count 29)
merge 8877: (5855, 289) -> 9133 (count 29)
merge 8878: (378, 3801) -> 9134 (count 29)
merge 8879: (378, 4244) -> 9135 (count 29)
merge 8880: (4887, 579) -> 9136 (count 29)
merge 8881: (1619, 2687) -> 9137 (count 29)
merge 8882: (2995, 8392) -> 9138 (count 29)
merge 8883: (1961, 3540) -> 9139 (count 29)
merge 8884: (3697, 942) -> 9140 (count 29)
merge 8885: (4960, 279) -> 9141 (count 29)
merge 8886: (472, 389) -> 9142 (count 29)
merge 8887: (472, 1117) -> 9143 (count 29)
merge 8888: (1244, 8768) -> 9144 (count 29)
merge 8889: (8499, 4012) -> 9145 (count 29)
merge 8890: (415, 1057) -> 9146 (count 29)
merge 8891: (6399, 76) -> 9147 (count 29)
merge 8892: (446, 2046) -> 9148 (count 29)
merge 8893: (446, 8901) -> 9149 (count 29)
merge 8894: (451, 2610) -> 9150 (count 29)
merge 8895: (451, 533) -> 9151 (count 29)
merge 8896: (8506, 296) -> 9152 (count 29)
merge 8897: (436, 8388) -> 9153 (count 29)
merge 8898: (32, 1465) -> 9154 (count 29)
merge 8899: (126, 36) -> 9155 (count 28)
merge 8900: (125, 3396) -> 9156 (count 28)
merge 8901: (124, 36) -> 9157 (count 28)
merge 8902: (122, 266) -> 9158 (count 28)
merge 8903: (677, 2813) -> 9159 (count 28)
merge 8904: (553, 564) -> 9160 (count 28)
merge 8905: (371, 101) -> 9161 (count 28)
merge 8906: (907, 1055) -> 9162 (count 28)
merge 8907: (630, 5643) -> 9163 (count 28)
merge 8908: (8274, 346) -> 9164 (count 28)
merge 8909: (325, 346) -> 9165 (count 28)
merge 8910: (2696, 631) -> 9166 (count 28)
merge 8911: (369, 1637) -> 9167 (count 28)
merge 8912: (112, 336) -> 9168 (count 28)
merge 8913: (334, 8409) -> 9169 (count 28)
merge 8914: (2322, 257) -> 9170 (count 28)
merge 8915: (324, 115) -> 9171 (count 28)
merge 8916: (324, 2086) -> 9172 (count 28)
merge 8917: (111, 366) -> 9173 (count 28)
merge 8918: (111, 525) -> 9174 (count 28)
merge 8919: (109, 7168) -> 9175 (count 28)
merge 8920: (474, 396) -> 9176 (count 28)
merge 8921: (289, 121) -> 9177 (count 28)
merge 8922: (289, 408) -> 9178 (count 28)
merge 8923: (108, 2407) -> 9179 (count 28)
merge 8924: (108, 266) -> 9180 (count 28)
merge 8925: (3298, 299) -> 9181 (count 28)
merge 8926: (284, 2061) -> 9182 (count 28)
merge 8927: (2267, 2479) -> 9183 (count 28)
merge 8928: (282, 571) -> 9184 (count 28)
merge 8929: (339, 1764) -> 9185 (count 28)
merge 8930: (480, 401) -> 9186 (count 28)
merge 8931: (804, 299) -> 9187 (count 28)
merge 8932: (1069, 326) -> 9188 (count 28)
merge 8933: (2247, 3319) -> 9189 (count 28)
merge 8934: (297, 116) -> 9190 (count 28)
merge 8935: (297, 276) -> 9191 (count 28)
merge 8936: (1702, 869) -> 9192 (count 28)
merge 8937: (100, 7080) -> 9193 (count 28)
merge 8938: (8181, 742) -> 9194 (count 28)
merge 8939: (2122, 276) -> 9195 (count 28)
merge 8940: (3273, 8172) -> 9196 (count 28)
merge 8941: (684, 2003) -> 9197 (count 28)
merge 8942: (99, 259) -> 9198 (count 28)
merge 8943: (5404, 276) -> 9199 (count 28)
merge 8944: (697, 1057) -> 9200 (count 28)
merge 8945: (2890, 278) -> 9201 (count 28)
merge 8946: (288, 5608) -> 9202 (count 28)
merge 8947: (790, 3648) -> 9203 (count 28)
merge 8948: (6370, 286) -> 9204 (count 28)
merge 8949: (267, 271) -> 9205 (count 28)
merge 8950: (491, 97) -> 9206 (count 28)
merge 8951: (340, 5338) -> 9207 (count 28)
merge 8952: (8299, 75) -> 9208 (count 28)
merge 8953: (86, 8402) -> 9209 (count 28)
merge 8954: (84, 651) -> 9210 (count 28)
merge 8955: (83, 76) -> 9211 (count 28)
merge 8956: (80, 1007) -> 9212 (count 28)
merge 8957: (9055, 8747) -> 9213 (count 28)
merge 8958: (77, 2489) -> 9214 (count 28)
merge 8959: (76, 69) -> 9215 (count 28)
merge 8960: (5797, 9208) -> 9216 (count 28)
merge 8961: (7317, 90) -> 9217 (count 28)
merge 8962: (69, 269) -> 9218 (count 28)
merge 8963: (68, 5055) -> 9219 (count 28)
merge 8964: (66, 627) -> 9220 (count 28)
merge 8965: (66, 76) -> 9221 (count 28)
merge 8966: (66, 67) -> 9222 (count 28)
merge 8967: (54, 51) -> 9223 (count 28)
merge 8968: (54, 49) -> 9224 (count 28)
merge 8969: (4033, 2903) -> 9225 (count 28)
merge 8970: (2031, 3322) -> 9226 (count 28)
merge 8971: (9226, 1996) -> 9227 (count 28)
merge 8972: (1638, 2852) -> 9228 (count 28)
merge 8973: (43, 44) -> 9229 (count 28)
merge 8974: (41, 1404) -> 9230 (count 28)
merge 8975: (36, 5734) -> 9231 (count 28)
merge 8976: (2552, 104) -> 9232 (count 28)
merge 8977: (3364, 362) -> 9233 (count 28)
merge 8978: (262, 328) -> 9234 (count 28)
merge 8979: (256, 8515) -> 9235 (count 28)
merge 8980: (1562, 115) -> 9236 (count 28)
merge 8981: (6592, 264) -> 9237 (count 28)
merge 8982: (7508, 8291) -> 9238 (count 28)
merge 8983: (617, 1202) -> 9239 (count 28)
merge 8984: (781, 1140) -> 9240 (count 28)
merge 8985: (3359, 1533) -> 9241 (count 28)
merge 8986: (917, 8899) -> 9242 (count 28)
merge 8987: (467, 455) -> 9243 (count 28)
merge 8988: (6827, 115) -> 9244 (count 28)
merge 8989: (832, 1603) -> 9245 (count 28)
merge 8990: (374, 7995) -> 9246 (count 28)
merge 8991: (265, 7895) -> 9247 (count 28)
merge 8992: (265, 3144) -> 9248 (count 28)
merge 8993: (2585, 314) -> 9249 (count 28)
merge 8994: (7831, 444) -> 9250 (count 28)
merge 8995: (2871, 1951) -> 9251 (count 28)
merge 8996: (5617, 940) -> 9252 (count 28)
merge 8997: (1034, 362) -> 9253 (count 28)
merge 8998: (406, 7304) -> 9254 (count 28)
merge 8999: (2220, 627) -> 9255 (count 28)
merge 9000: (1033, 118) -> 9256 (count 28)
merge 9001: (4855, 115) -> 9257 (count 28)
merge 9002: (511, 99) -> 9258 (count 28)
merge 9003: (4413, 362) -> 9259 (count 28)
merge 9004: (1025, 273) -> 9260 (count 28)
merge 9005: (363, 2616) -> 9261 (count 28)
merge 9006: (904, 112) -> 9262 (count 28)
merge 9007: (3028, 386) -> 9263 (count 28)
merge 9008: (3704, 115) -> 9264 (count 28)
merge 9009: (1001, 3685) -> 9265 (count 28)
merge 9010: (1003, 1486) -> 9266 (count 28)
merge 9011: (6907, 115) -> 9267 (count 28)
merge 9012: (3224, 3150) -> 9268 (count 28)
merge 9013: (532, 1854) -> 9269 (count 28)
merge 9014: (8950, 276) -> 9270 (count 28)
merge 9015: (3665, 115) -> 9271 (count 28)
merge 9016: (329, 2577) -> 9272 (count 28)
merge 9017: (7113, 506) -> 9273 (count 28)
merge 9018: (330, 8529) -> 9274 (count 28)
merge 9019: (274, 507) -> 9275 (count 28)
merge 9020: (4285, 115) -> 9276 (count 28)
merge 9021: (7270, 3591) -> 9277 (count 28)
merge 9022: (2872, 2229) -> 9278 (count 28)
merge 9023: (8125, 7063) -> 9279 (count 28)
merge 9024: (4376, 1109) -> 9280 (count 28)
merge 9025: (2317, 6748) -> 9281 (count 28)
merge 9026: (2062, 2398) -> 9282 (count 28)
merge 9027: (2791, 278) -> 9283 (count 28)
merge 9028: (2349, 278) -> 9284 (count 28)
merge 9029: (3797, 742) -> 9285 (count 28)
merge 9030: (410, 2664) -> 9286 (count 28)
merge 9031: (308, 5444) -> 9287 (count 28)
merge 9032: (291, 1464) -> 9288 (count 28)
merge 9033: (291, 6464) -> 9289 (count 28)
merge 9034: (4004, 115) -> 9290 (count 28)
merge 9035: (355, 8746) -> 9291 (count 28)
merge 9036: (4470, 3501) -> 9292 (count 28)
merge 9037: (1558, 742) -> 9293 (count 28)
merge 9038: (796, 2940) -> 9294 (count 28)
merge 9039: (1828, 101) -> 9295 (count 28)
merge 9040: (3016, 7154) -> 9296 (count 28)
merge 9041: (331, 9172) -> 9297 (count 28)
merge 9042: (331, 77) -> 9298 (count 28)
merge 9043: (7353, 7386) -> 9299 (count 28)
merge 9044: (3782, 5435) -> 9300 (count 28)
merge 9045: (378, 985) -> 9301 (count 28)
merge 9046: (378, 6097) -> 9302 (count 28)
merge 9047: (5531, 7468) -> 9303 (count 28)
merge 9048: (3758, 6522) -> 9304 (count 28)
merge 9049: (8138, 890) -> 9305 (count 28)
merge 9050: (6453, 296) -> 9306 (count 28)
merge 9051: (459, 264) -> 9307 (count 28)
merge 9052: (459, 80) -> 9308 (count 28)
merge 9053: (472, 121) -> 9309 (count 28)
merge 9054: (2996, 115) -> 9310 (count 28)
merge 9055: (446, 590) -> 9311 (count 28)
merge 9056: (492, 637) -> 9312 (count 28)
merge 9057: (451, 70) -> 9313 (count 28)
merge 9058: (8378, 900) -> 9314 (count 28)
merge 9059: (435, 9217) -> 9315 (count 28)
merge 9060: (4268, 424) -> 9316 (count 28)
merge 9061: (2035, 1685) -> 9317 (count 28)
merge 9062: (6619, 3948) -> 9318 (count 28)
merge 9063: (436, 3119) -> 9319 (count 28)
merge 9064: (2360, 2628) -> 9320 (count 28)
merge 9065: (294, 60) -> 9321 (count 28)
merge 9066: (1437, 45) -> 9322 (count 27)
merge 9067: (122, 276) -> 9323 (count 27)
merge 9068: (8511, 807) -> 9324 (count 27)
merge 9069: (120, 1049) -> 9325 (count 27)
merge 9070: (118, 1372) -> 9326 (count 27)
merge 9071: (361, 421) -> 9327 (count 27)
merge 9072: (2274, 286) -> 9328 (count 27)
merge 9073: (2274, 296) -> 9329 (count 27)
merge 9074: (7473, 396) -> 9330 (count 27)
merge 9075: (6520, 8638) -> 9331 (count 27)
merge 9076: (290, 485) -> 9332 (count 27)
merge 9077: (290, 1669) -> 9333 (count 27)
merge 9078: (115, 2351) -> 9334 (count 27)
merge 9079: (8876, 311) -> 9335 (count 27)
merge 9080: (114, 121) -> 9336 (count 27)
merge 9081: (2141, 9180) -> 9337 (count 27)
merge 9082: (3895, 101) -> 9338 (count 27)
merge 9083: (270, 1747) -> 9339 (count 27)
merge 9084: (317, 101) -> 9340 (count 27)
merge 9085: (341, 264) -> 9341 (count 27)
merge 9086: (2510, 276) -> 9342 (count 27)
merge 9087: (109, 258) -> 9343 (count 27)
merge 9088: (289, 102) -> 9344 (count 27)
merge 9089: (9344, 9332) -> 9345 (count 27)
merge 9090: (632, 628) -> 9346 (count 27)
merge 9091: (1507, 338) -> 9347 (count 27)
merge 9092: (305, 1625) -> 9348 (count 27)
merge 9093: (423, 264) -> 9349 (count 27)
merge 9094: (259, 408) -> 9350 (count 27)
merge 9095: (102, 940) -> 9351 (count 27)
merge 9096: (102, 4427) -> 9352 (count 27)
merge 9097: (551, 2572) -> 9353 (count 27)
merge 9098: (101, 851) -> 9354 (count 27)
merge 9099: (100, 3685) -> 9355 (count 27)
merge 9100: (100, 267) -> 9356 (count 27)
merge 9101: (1687, 121) -> 9357 (count 27)
merge 9102: (2777, 456) -> 9358 (count 27)
merge 9103: (421, 111) -> 9359 (count 27)
merge 9104: (99, 121) -> 9360 (count 27)
merge 9105: (99, 414) -> 9361 (count 27)
merge 9106: (99, 263) -> 9362 (count 27)
merge 9107: (1013, 465) -> 9363 (count 27)
merge 9108: (413, 266) -> 9364 (count 27)
merge 9109: (3662, 1365) -> 9365 (count 27)
merge 9110: (697, 1667) -> 9366 (count 27)
merge 9111: (5063, 1751) -> 9367 (count 27)
merge 9112: (9205, 2451) -> 9368 (count 27)
merge 9113: (452, 278) -> 9369 (count 27)
merge 9114: (3246, 125) -> 9370 (count 27)
merge 9115: (831, 44) -> 9371 (count 27)
merge 9116: (87, 816) -> 9372 (count 27)
merge 9117: (86, 105) -> 9373 (count 27)
merge 9118: (6530, 757) -> 9374 (count 27)
merge 9119: (83, 6368) -> 9375 (count 27)
merge 9120: (83, 1345) -> 9376 (count 27)
merge 9121: (83, 101) -> 9377 (count 27)
merge 9122: (83, 2080) -> 9378 (count 27)
merge 9123: (81, 81) -> 9379 (count 27)
merge 9124: (80, 2052) -> 9380 (count 27)
merge 9125: (77, 345) -> 9381 (count 27)
merge 9126: (76, 97) -> 9382 (count 27)
merge 9127: (1211, 6225) -> 9383 (count 27)
merge 9128: (72, 73) -> 9384 (count 27)
merge 9129: (71, 9170) -> 9385 (count 27)
merge 9130: (70, 3340) -> 9386 (count 27)
merge 9131: (5916, 5169) -> 9387 (count 27)
merge 9132: (5830, 1890) -> 9388 (count 27)
merge 9133: (69, 677) -> 9389 (count 27)
merge 9134: (5284, 864) -> 9390 (count 27)
merge 9135: (5284, 365) -> 9391 (count 27)
merge 9136: (68, 111) -> 9392 (count 27)
merge 9137: (66, 115) -> 9393 (count 27)
merge 9138: (65, 71) -> 9394 (count 27)
merge 9139: (56, 52) -> 9395 (count 27)
merge 9140: (2031, 1095) -> 9396 (count 27)
merge 9141: (37, 46) -> 9397 (count 27)
merge 9142: (36, 823) -> 9398 (count 27)
merge 9143: (5119, 3198) -> 9399 (count 27)
merge 9144: (2870, 101) -> 9400 (count 27)
merge 9145: (5378, 344) -> 9401 (count 27)
merge 9146: (7578, 116) -> 9402 (count 27)
merge 9147: (5182, 286) -> 9403 (count 27)
merge 9148: (990, 3100) -> 9404 (count 27)
merge 9149: (4948, 1103) -> 9405 (count 27)
merge 9150: (368, 550) -> 9406 (count 27)
merge 9151: (1097, 336) -> 9407 (count 27)
merge 9152: (2770, 314) -> 9408 (count 27)
merge 9153: (5220, 115) -> 9409 (count 27)
merge 9154: (992, 4114) -> 9410 (count 27)
merge 9155: (2989, 444) -> 9411 (count 27)
merge 9156: (265, 3065) -> 9412 (count 27)
merge 9157: (2962, 386) -> 9413 (count 27)
merge 9158: (6280, 358) -> 9414 (count 27)
merge 9159: (2871, 4134) -> 9415 (count 27)
merge 9160: (298, 615) -> 9416 (count 27)
merge 9161: (7513, 424) -> 9417 (count 27)
merge 9162: (2485, 1461) -> 9418 (count 27)
merge 9163: (7664, 270) -> 9419 (count 27)
merge 9164: (2746, 634) -> 9420 (count 27)
merge 9165: (894, 4627) -> 9421 (count 27)
merge 9166: (3752, 115) -> 9422 (count 27)
merge 9167: (3826, 1870) -> 9423 (count 27)
merge 9168: (511, 290) -> 9424 (count 27)
merge 9169: (7333, 8756) -> 9425 (count 27)
merge 9170: (528, 4442) -> 9426 (count 27)
merge 9171: (528, 4942) -> 9427 (count 27)
merge 9172: (1025, 1568) -> 9428 (count 27)
merge 9173: (303, 7083) -> 9429 (count 27)
merge 9174: (904, 1564) -> 9430 (count 27)
merge 9175: (283, 2451) -> 9431 (count 27)
merge 9176: (283, 655) -> 9432 (count 27)
merge 9177: (3442, 2577) -> 9433 (count 27)
merge 9178: (8948, 344) -> 9434 (count 27)
merge 9179: (4121, 2028) -> 9435 (count 27)
merge 9180: (329, 258) -> 9436 (count 27)
merge 9181: (2568, 3959) -> 9437 (count 27)
merge 9182: (330, 6471) -> 9438 (count 27)
merge 9183: (546, 456) -> 9439 (count 27)
merge 9184: (5588, 7728) -> 9440 (count 27)
merge 9185: (3081, 558) -> 9441 (count 27)
merge 9186: (661, 3800) -> 9442 (count 27)
merge 9187: (6082, 813) -> 9443 (count 27)
merge 9188: (1542, 8882) -> 9444 (count 27)
merge 9189: (6911, 568) -> 9445 (count 27)
merge 9190: (5764, 845) -> 9446 (count 27)
merge 9191: (4885, 357) -> 9447 (count 27)
merge 9192: (8471, 2350) -> 9448 (count 27)
merge 9193: (308, 1291) -> 9449 (count 27)
merge 9194: (1841, 8743) -> 9450 (count 27)
merge 9195: (268, 101) -> 9451 (count 27)
merge 9196: (2472, 6743) -> 9452 (count 27)
merge 9197: (1883, 529) -> 9453 (count 27)
merge 9198: (1335, 575) -> 9454 (count 27)
merge 9199: (740, 105) -> 9455 (count 27)
merge 9200: (7203, 335) -> 9456 (count 27)
merge 9201: (8605, 391) -> 9457 (count 27)
merge 9202: (512, 2350) -> 9458 (count 27)
merge 9203: (8365, 6621) -> 9459 (count 27)
merge 9204: (4753, 1339) -> 9460 (count 27)
merge 9205: (2409, 961) -> 9461 (count 27)
merge 9206: (260, 383) -> 9462 (count 27)
merge 9207: (1894, 72) -> 9463 (count 27)
merge 9208: (669, 4787) -> 9464 (count 27)
merge 9209: (8485, 1291) -> 9465 (count 27)
merge 9210: (1759, 2036) -> 9466 (count 27)
merge 9211: (8488, 590) -> 9467 (count 27)
merge 9212: (3366, 5481) -> 9468 (count 27)
merge 9213: (657, 465) -> 9469 (count 27)
merge 9214: (657, 83) -> 9470 (count 27)
merge 9215: (1619, 1209) -> 9471 (count 27)
merge 9216: (4840, 634) -> 9472 (count 27)
merge 9217: (472, 9041) -> 9473 (count 27)
merge 9218: (472, 86) -> 9474 (count 27)
merge 9219: (481, 105) -> 9475 (count 27)
merge 9220: (5860, 115) -> 9476 (count 27)
merge 9221: (3358, 296) -> 9477 (count 27)
merge 9222: (3589, 68) -> 9478 (count 27)
merge 9223: (4236, 1631) -> 9479 (count 27)
merge 9224: (435, 111) -> 9480 (count 27)
merge 9225: (7291, 7227) -> 9481 (count 27)
merge 9226: (1111, 76) -> 9482 (count 27)
merge 9227: (5944, 115) -> 9483 (count 27)
merge 9228: (8258, 8400) -> 9484 (count 27)
merge 9229: (32, 1425) -> 9485 (count 27)
merge 9230: (1276, 1500) -> 9486 (count 26)
merge 9231: (123, 1276) -> 9487 (count 26)
merge 9232: (8866, 490) -> 9488 (count 26)
merge 9233: (361, 513) -> 9489 (count 26)
merge 9234: (8745, 286) -> 9490 (count 26)
merge 9235: (1812, 742) -> 9491 (count 26)
merge 9236: (6623, 278) -> 9492 (count 26)
merge 9237: (397, 870) -> 9493 (count 26)
merge 9238: (3855, 452) -> 9494 (count 26)
merge 9239: (951, 396) -> 9495 (count 26)
merge 9240: (112, 322) -> 9496 (count 26)
merge 9241: (334, 311) -> 9497 (count 26)
merge 9242: (270, 4008) -> 9498 (count 26)
merge 9243: (479, 8535) -> 9499 (count 26)
merge 9244: (479, 104) -> 9500 (count 26)
merge 9245: (2283, 107) -> 9501 (count 26)
merge 9246: (111, 5951) -> 9502 (count 26)
merge 9247: (110, 668) -> 9503 (count 26)
merge 9248: (110, 83) -> 9504 (count 26)
merge 9249: (109, 8076) -> 9505 (count 26)
merge 9250: (6095, 1809) -> 9506 (count 26)
merge 9251: (289, 745) -> 9507 (count 26)
merge 9252: (258, 8272) -> 9508 (count 26)
merge 9253: (258, 444) -> 9509 (count 26)
merge 9254: (8758, 6675) -> 9510 (count 26)
merge 9255: (364, 530) -> 9511 (count 26)
merge 9256: (104, 729) -> 9512 (count 26)
merge 9257: (102, 590) -> 9513 (count 26)
merge 9258: (1939, 313) -> 9514 (count 26)
merge 9259: (346, 2677) -> 9515 (count 26)
merge 9260: (264, 1284) -> 9516 (count 26)
merge 9261: (1403, 267) -> 9517 (count 26)
merge 9262: (2247, 1701) -> 9518 (count 26)
merge 9263: (566, 264) -> 9519 (count 26)
merge 9264: (9191, 460) -> 9520 (count 26)
merge 9265: (100, 950) -> 9521 (count 26)
merge 9266: (8538, 7475) -> 9522 (count 26)
merge 9267: (1209, 3622) -> 9523 (count 26)
merge 9268: (756, 286) -> 9524 (count 26)
merge 9269: (4807, 523) -> 9525 (count 26)
merge 9270: (853, 116) -> 9526 (count 26)
merge 9271: (89, 713) -> 9527 (count 26)
merge 9272: (883, 442) -> 9528 (count 26)
merge 9273: (83, 109) -> 9529 (count 26)
merge 9274: (82, 70) -> 9530 (count 26)
merge 9275: (2080, 4984) -> 9531 (count 26)
merge 9276: (6416, 87) -> 9532 (count 26)
merge 9277: (73, 88) -> 9533 (count 26)
merge 9278: (72, 81) -> 9534 (count 26)
merge 9279: (72, 2513) -> 9535 (count 26)
merge 9280: (4847, 8913) -> 9536 (count 26)
merge 9281: (70, 108) -> 9537 (count 26)
merge 9282: (3185, 539) -> 9538 (count 26)
merge 9283: (3230, 3591) -> 9539 (count 26)
merge 9284: (66, 8523) -> 9540 (count 26)
merge 9285: (66, 2721) -> 9541 (count 26)
merge 9286: (66, 71) -> 9542 (count 26)
merge 9287: (65, 66) -> 9543 (count 26)
merge 9288: (59, 92) -> 9544 (count 26)
merge 9289: (53, 51) -> 9545 (count 26)
merge 9290: (3350, 3059) -> 9546 (count 26)
merge 9291: (2198, 48) -> 9547 (count 26)
merge 9292: (49, 1449) -> 9548 (count 26)
merge 9293: (36, 58) -> 9549 (count 26)
merge 9294: (4307, 286) -> 9550 (count 26)
merge 9295: (359, 9342) -> 9551 (count 26)
merge 9296: (880, 6878) -> 9552 (count 26)
merge 9297: (8673, 2876) -> 9553 (count 26)
merge 9298: (6955, 564) -> 9554 (count 26)
merge 9299: (7246, 634) -> 9555 (count 26)
merge 9300: (306, 8875) -> 9556 (count 26)
merge 9301: (256, 4185) -> 9557 (count 26)
merge 9302: (4189, 264) -> 9558 (count 26)
merge 9303: (990, 1786) -> 9559 (count 26)
merge 9304: (874, 6680) -> 9560 (count 26)
merge 9305: (6424, 6009) -> 9561 (count 26)
merge 9306: (3067, 5720) -> 9562 (count 26)
merge 9307: (1113, 988) -> 9563 (count 26)
merge 9308: (3773, 286) -> 9564 (count 26)
merge 9309: (2949, 791) -> 9565 (count 26)
merge 9310: (862, 507) -> 9566 (count 26)
merge 9311: (298, 1213) -> 9567 (count 26)
merge 9312: (7837, 104) -> 9568 (count 26)
merge 9313: (7937, 273) -> 9569 (count 26)
merge 9314: (894, 347) -> 9570 (count 26)
merge 9315: (8019, 300) -> 9571 (count 26)
merge 9316: (1678, 115) -> 9572 (count 26)
merge 9317: (4282, 4256) -> 9573 (count 26)
merge 9318: (6597, 658) -> 9574 (count 26)
merge 9319: (528, 4226) -> 9575 (count 26)
merge 9320: (303, 270) -> 9576 (count 26)
merge 9321: (2005, 5644) -> 9577 (count 26)
merge 9322: (2005, 284) -> 9578 (count 26)
merge 9323: (7760, 6470) -> 9579 (count 26)
merge 9324: (5156, 7803) -> 9580 (count 26)
merge 9325: (8807, 314) -> 9581 (count 26)
merge 9326: (609, 346) -> 9582 (count 26)
merge 9327: (4392, 257) -> 9583 (count 26)
merge 9328: (2207, 2456) -> 9584 (count 26)
merge 9329: (636, 4145) -> 9585 (count 26)
merge 9330: (4121, 307) -> 9586 (count 26)
merge 9331: (1344, 6176) -> 9587 (count 26)
merge 9332: (9100, 1217) -> 9588 (count 26)
merge 9333: (9101, 571) -> 9589 (count 26)
merge 9334: (329, 2687) -> 9590 (count 26)
merge 9335: (3952, 100) -> 9591 (count 26)
merge 9336: (330, 103) -> 9592 (count 26)
merge 9337: (644, 3802) -> 9593 (count 26)
merge 9338: (8341, 3117) -> 9594 (count 26)
merge 9339: (4519, 628) -> 9595 (count 26)
merge 9340: (6440, 444) -> 9596 (count 26)
merge 9341: (989, 284) -> 9597 (count 26)
merge 9342: (469, 675) -> 9598 (count 26)
merge 9343: (295, 301) -> 9599 (count 26)
merge 9344: (434, 6267) -> 9600 (count 26)
merge 9345: (3508, 362) -> 9601 (count 26)
merge 9346: (8709, 654) -> 9602 (count 26)
merge 9347: (1831, 1339) -> 9603 (count 26)
merge 9348: (1925, 383) -> 9604 (count 26)
merge 9349: (5161, 888) -> 9605 (count 26)
merge 9350: (5930, 296) -> 9606 (count 26)
merge 9351: (927, 4134) -> 9607 (count 26)
merge 9352: (7534, 307) -> 9608 (count 26)
merge 9353: (268, 2699) -> 9609 (count 26)
merge 9354: (939, 982) -> 9610 (count 26)
merge 9355: (8135, 286) -> 9611 (count 26)
merge 9356: (2630, 286) -> 9612 (count 26)
merge 9357: (355, 1028) -> 9613 (count 26)
merge 9358: (4023, 1087) -> 9614 (count 26)
merge 9359: (521, 1200) -> 9615 (count 26)
merge 9360: (1253, 111) -> 9616 (count 26)
merge 9361: (3840, 115) -> 9617 (count 26)
merge 9362: (1376, 7318) -> 9618 (count 26)
merge 9363: (331, 354) -> 9619 (count 26)
merge 9364: (5711, 2901) -> 9620 (count 26)
merge 9365: (5855, 2742) -> 9621 (count 26)
merge 9366: (378, 3254) -> 9622 (count 26)
merge 9367: (1759, 8401) -> 9623 (count 26)
merge 9368: (459, 1072) -> 9624 (count 26)
merge 9369: (459, 2866) -> 9625 (count 26)
merge 9370: (536, 71) -> 9626 (count 26)
merge 9371: (7356, 332) -> 9627 (count 26)
merge 9372: (7963, 827) -> 9628 (count 26)
merge 9373: (409, 8294) -> 9629 (count 26)
merge 9374: (409, 3636) -> 9630 (count 26)
merge 9375: (409, 4115) -> 9631 (count 26)
merge 9376: (3759, 2258) -> 9632 (count 26)
merge 9377: (7702, 598) -> 9633 (count 26)
merge 9378: (1244, 7733) -> 9634 (count 26)
merge 9379: (5466, 5337) -> 9635 (count 26)
merge 9380: (446, 6058) -> 9636 (count 26)
merge 9381: (446, 564) -> 9637 (count 26)
merge 9382: (7615, 9511) -> 9638 (count 26)
merge 9383: (6865, 2930) -> 9639 (count 26)
merge 9384: (451, 7896) -> 9640 (count 26)
merge 9385: (1893, 1640) -> 9641 (count 26)
merge 9386: (4571, 8197) -> 9642 (count 26)
merge 9387: (435, 297) -> 9643 (count 26)
merge 9388: (435, 68) -> 9644 (count 26)
merge 9389: (4963, 988) -> 9645 (count 26)
merge 9390: (1368, 5035) -> 9646 (count 26)
merge 9391: (5509, 8295) -> 9647 (count 26)
merge 9392: (395, 4370) -> 9648 (count 26)
merge 9393: (395, 70) -> 9649 (count 26)
merge 9394: (6867, 108) -> 9650 (count 26)
merge 9395: (5081, 115) -> 9651 (count 26)
merge 9396: (470, 75) -> 9652 (count 26)
merge 9397: (7058, 634) -> 9653 (count 26)
merge 9398: (2161, 965) -> 9654 (count 26)
merge 9399: (436, 7298) -> 9655 (count 26)
merge 9400: (436, 98) -> 9656 (count 26)
merge 9401: (1036, 6587) -> 9657 (count 26)
merge 9402: (32, 38) -> 9658 (count 26)
merge 9403: (3760, 94) -> 9659 (count 25)
merge 9404: (1276, 4035) -> 9660 (count 25)
merge 9405: (753, 889) -> 9661 (count 25)
merge 9406: (120, 527) -> 9662 (count 25)
merge 9407: (3816, 101) -> 9663 (count 25)
merge 9408: (118, 888) -> 9664 (count 25)
merge 9409: (361, 269) -> 9665 (count 25)
merge 9410: (653, 565) -> 9666 (count 25)
merge 9411: (307, 110) -> 9667 (count 25)
merge 9412: (310, 1833) -> 9668 (count 25)
merge 9413: (2973, 418) -> 9669 (count 25)
merge 9414: (7158, 2071) -> 9670 (count 25)
merge 9415: (356, 3376) -> 9671 (count 25)
merge 9416: (112, 550) -> 9672 (count 25)
merge 9417: (3723, 112) -> 9673 (count 25)
merge 9418: (270, 2054) -> 9674 (count 25)
merge 9419: (479, 734) -> 9675 (count 25)
merge 9420: (7071, 9162) -> 9676 (count 25)
merge 9421: (324, 107) -> 9677 (count 25)
merge 9422: (2876, 267) -> 9678 (count 25)
merge 9423: (110, 9497) -> 9679 (count 25)
merge 9424: (517, 4912) -> 9680 (count 25)
merge 9425: (429, 86) -> 9681 (count 25)
merge 9426: (533, 4113) -> 9682 (count 25)
merge 9427: (9345, 1447) -> 9683 (count 25)
merge 9428: (258, 1296) -> 9684 (count 25)
merge 9429: (305, 278) -> 9685 (count 25)
merge 9430: (339, 286) -> 9686 (count 25)
merge 9431: (2859, 296) -> 9687 (count 25)
merge 9432: (105, 400) -> 9688 (count 25)
merge 9433: (383, 336) -> 9689 (count 25)
merge 9434: (1239, 1471) -> 9690 (count 25)
merge 9435: (264, 373) -> 9691 (count 25)
merge 9436: (264, 97) -> 9692 (count 25)
merge 9437: (101, 5726) -> 9693 (count 25)
merge 9438: (572, 8387) -> 9694 (count 25)
merge 9439: (100, 444) -> 9695 (count 25)
merge 9440: (1672, 102) -> 9696 (count 25)
merge 9441: (3551, 286) -> 9697 (count 25)
merge 9442: (99, 7226) -> 9698 (count 25)
merge 9443: (99, 1968) -> 9699 (count 25)
merge 9444: (1343, 282) -> 9700 (count 25)
merge 9445: (8655, 116) -> 9701 (count 25)
merge 9446: (301, 1496) -> 9702 (count 25)
merge 9447: (400, 454) -> 9703 (count 25)
merge 9448: (2543, 6322) -> 9704 (count 25)
merge 9449: (84, 1370) -> 9705 (count 25)
merge 9450: (83, 8868) -> 9706 (count 25)
merge 9451: (82, 115) -> 9707 (count 25)
merge 9452: (6640, 486) -> 9708 (count 25)
merge 9453: (79, 4303) -> 9709 (count 25)
merge 9454: (4407, 2653) -> 9710 (count 25)
merge 9455: (77, 257) -> 9711 (count 25)
merge 9456: (77, 2091) -> 9712 (count 25)
merge 9457: (77, 77) -> 9713 (count 25)
merge 9458: (4650, 525) -> 9714 (count 25)
merge 9459: (75, 1055) -> 9715 (count 25)
merge 9460: (75, 8397) -> 9716 (count 25)
merge 9461: (1211, 8741) -> 9717 (count 25)
merge 9462: (71, 266) -> 9718 (count 25)
merge 9463: (70, 3363) -> 9719 (count 25)
merge 9464: (68, 3804) -> 9720 (count 25)
merge 9465: (57, 52) -> 9721 (count 25)
merge 9466: (55, 56) -> 9722 (count 25)
merge 9467: (53, 54) -> 9723 (count 25)
merge 9468: (2168, 48) -> 9724 (count 25)
merge 9469: (2198, 1095) -> 9725 (count 25)
merge 9470: (591, 1095) -> 9726 (count 25)
merge 9471: (1670, 44) -> 9727 (count 25)
merge 9472: (819, 258) -> 9728 (count 25)
merge 9473: (9232, 963) -> 9729 (count 25)
merge 9474: (4307, 1978) -> 9730 (count 25)
merge 9475: (1347, 1843) -> 9731 (count 25)
merge 9476: (1973, 569) -> 9732 (count 25)
merge 9477: (1038, 891) -> 9733 (count 25)
merge 9478: (487, 9203) -> 9734 (count 25)
merge 9479: (6955, 299) -> 9735 (count 25)
merge 9480: (5150, 4112) -> 9736 (count 25)
merge 9481: (2870, 571) -> 9737 (count 25)
merge 9482: (765, 99) -> 9738 (count 25)
merge 9483: (1193, 506) -> 9739 (count 25)
merge 9484: (6591, 3479) -> 9740 (count 25)
merge 9485: (990, 5786) -> 9741 (count 25)
merge 9486: (3985, 631) -> 9742 (count 25)
merge 9487: (382, 7231) -> 9743 (count 25)
merge 9488: (6023, 2542) -> 9744 (count 25)
merge 9489: (483, 571) -> 9745 (count 25)
merge 9490: (3139, 286) -> 9746 (count 25)
merge 9491: (2485, 449) -> 9747 (count 25)
merge 9492: (5223, 362) -> 9748 (count 25)
merge 9493: (3573, 2813) -> 9749 (count 25)
merge 9494: (688, 278) -> 9750 (count 25)
merge 9495: (1033, 102) -> 9751 (count 25)
merge 9496: (6239, 276) -> 9752 (count 25)
merge 9497: (8578, 1372) -> 9753 (count 25)
merge 9498: (1002, 3577) -> 9754 (count 25)
merge 9499: (1520, 656) -> 9755 (count 25)
merge 9500: (970, 344) -> 9756 (count 25)
merge 9501: (2923, 4403) -> 9757 (count 25)
merge 9502: (275, 7060) -> 9758 (count 25)
merge 9503: (1025, 1061) -> 9759 (count 25)
merge 9504: (4554, 1787) -> 9760 (count 25)
merge 9505: (1173, 319) -> 9761 (count 25)
merge 9506: (7522, 292) -> 9762 (count 25)
merge 9507: (4744, 6621) -> 9763 (count 25)
merge 9508: (3818, 5091) -> 9764 (count 25)
merge 9509: (3818, 269) -> 9765 (count 25)
merge 9510: (2558, 968) -> 9766 (count 25)
merge 9511: (1349, 362) -> 9767 (count 25)
merge 9512: (895, 334) -> 9768 (count 25)
merge 9513: (462, 3297) -> 9769 (count 25)
merge 9514: (320, 452) -> 9770 (count 25)
merge 9515: (4121, 962) -> 9771 (count 25)
merge 9516: (471, 7552) -> 9772 (count 25)
merge 9517: (6077, 3447) -> 9773 (count 25)
merge 9518: (1553, 276) -> 9774 (count 25)
merge 9519: (2639, 401) -> 9775 (count 25)
merge 9520: (8702, 551) -> 9776 (count 25)
merge 9521: (329, 324) -> 9777 (count 25)
merge 9522: (2640, 527) -> 9778 (count 25)
merge 9523: (2088, 276) -> 9779 (count 25)
merge 9524: (1433, 336) -> 9780 (count 25)
merge 9525: (1518, 386) -> 9781 (count 25)
merge 9526: (7194, 564) -> 9782 (count 25)
merge 9527: (1375, 569) -> 9783 (count 25)
merge 9528: (5330, 5440) -> 9784 (count 25)
merge 9529: (2774, 6623) -> 9785 (count 25)
merge 9530: (1542, 2322) -> 9786 (count 25)
merge 9531: (818, 8641) -> 9787 (count 25)
merge 9532: (7122, 2735) -> 9788 (count 25)
merge 9533: (7601, 115) -> 9789 (count 25)
merge 9534: (385, 5606) -> 9790 (count 25)
merge 9535: (6662, 444) -> 9791 (count 25)
merge 9536: (5932, 2401) -> 9792 (count 25)
merge 9537: (410, 1694) -> 9793 (count 25)
merge 9538: (4980, 2082) -> 9794 (count 25)
merge 9539: (5502, 115) -> 9795 (count 25)
merge 9540: (2290, 8411) -> 9796 (count 25)
merge 9541: (3124, 4943) -> 9797 (count 25)
merge 9542: (8968, 1356) -> 9798 (count 25)
merge 9543: (291, 9337) -> 9799 (count 25)
merge 9544: (291, 1030) -> 9800 (count 25)
merge 9545: (3849, 104) -> 9801 (count 25)
merge 9546: (2663, 2456) -> 9802 (count 25)
merge 9547: (5707, 386) -> 9803 (count 25)
merge 9548: (5051, 1461) -> 9804 (count 25)
merge 9549: (1066, 9185) -> 9805 (count 25)
merge 9550: (3943, 2941) -> 9806 (count 25)
merge 9551: (700, 2394) -> 9807 (count 25)
merge 9552: (700, 87) -> 9808 (count 25)
merge 9553: (1985, 1726) -> 9809 (count 25)
merge 9554: (7286, 115) -> 9810 (count 25)
merge 9555: (4060, 1372) -> 9811 (count 25)
merge 9556: (378, 7981) -> 9812 (count 25)
merge 9557: (378, 2080) -> 9813 (count 25)
merge 9558: (459, 2174) -> 9814 (count 25)
merge 9559: (459, 366) -> 9815 (count 25)
merge 9560: (459, 915) -> 9816 (count 25)
merge 9561: (459, 9368) -> 9817 (count 25)
merge 9562: (4982, 115) -> 9818 (count 25)
merge 9563: (6455, 65) -> 9819 (count 25)
merge 9564: (5714, 1218) -> 9820 (count 25)
merge 9565: (409, 6888) -> 9821 (count 25)
merge 9566: (472, 3488) -> 9822 (count 25)
merge 9567: (6795, 1372) -> 9823 (count 25)
merge 9568: (4364, 3548) -> 9824 (count 25)
merge 9569: (446, 70) -> 9825 (count 25)
merge 9570: (492, 97) -> 9826 (count 25)
merge 9571: (451, 1146) -> 9827 (count 25)
merge 9572: (524, 8530) -> 9828 (count 25)
merge 9573: (435, 8424) -> 9829 (count 25)
merge 9574: (1954, 5115) -> 9830 (count 25)
merge 9575: (395, 7626) -> 9831 (count 25)
merge 9576: (395, 570) -> 9832 (count 25)
merge 9577: (6867, 9662) -> 9833 (count 25)
merge 9578: (7789, 3099) -> 9834 (count 25)
merge 9579: (470, 269) -> 9835 (count 25)
merge 9580: (32, 319) -> 9836 (count 25)
merge 9581: (1801, 44) -> 9837 (count 24)
merge 9582: (394, 59) -> 9838 (count 24)
merge 9583: (352, 307) -> 9839 (count 24)
merge 9584: (352, 104) -> 9840 (count 24)
merge 9585: (946, 362) -> 9841 (count 24)
merge 9586: (414, 258) -> 9842 (count 24)
merge 9587: (389, 400) -> 9843 (count 24)
merge 9588: (6998, 757) -> 9844 (count 24)
merge 9589: (290, 317) -> 9845 (count 24)
merge 9590: (290, 477) -> 9846 (count 24)
merge 9591: (900, 1787) -> 9847 (count 24)
merge 9592: (906, 1274) -> 9848 (count 24)
merge 9593: (116, 1065) -> 9849 (count 24)
merge 9594: (4663, 5947) -> 9850 (count 24)
merge 9595: (4663, 2186) -> 9851 (count 24)
merge 9596: (373, 101) -> 9852 (count 24)
merge 9597: (1290, 286) -> 9853 (count 24)
merge 9598: (431, 1054) -> 9854 (count 24)
merge 9599: (263, 102) -> 9855 (count 24)
merge 9600: (114, 2332) -> 9856 (count 24)
merge 9601: (114, 344) -> 9857 (count 24)
merge 9602: (325, 686) -> 9858 (count 24)
merge 9603: (112, 802) -> 9859 (count 24)
merge 9604: (270, 1854) -> 9860 (count 24)
merge 9605: (479, 900) -> 9861 (count 24)
merge 9606: (8395, 513) -> 9862 (count 24)
merge 9607: (257, 5825) -> 9863 (count 24)
merge 9608: (607, 119) -> 9864 (count 24)
merge 9609: (2114, 276) -> 9865 (count 24)
merge 9610: (429, 5217) -> 9866 (count 24)
merge 9611: (562, 421) -> 9867 (count 24)
merge 9612: (282, 424) -> 9868 (count 24)
merge 9613: (103, 1055) -> 9869 (count 24)
merge 9614: (103, 1453) -> 9870 (count 24)
merge 9615: (615, 278) -> 9871 (count 24)
merge 9616: (1654, 9505) -> 9872 (count 24)
merge 9617: (1239, 3802) -> 9873 (count 24)
merge 9618: (443, 278) -> 9874 (count 24)
merge 9619: (4170, 121) -> 9875 (count 24)
merge 9620: (450, 9840) -> 9876 (count 24)
merge 9621: (101, 3803) -> 9877 (count 24)
merge 9622: (100, 346) -> 9878 (count 24)
merge 9623: (100, 3746) -> 9879 (count 24)
merge 9624: (5314, 513) -> 9880 (count 24)
merge 9625: (99, 2887) -> 9881 (count 24)
merge 9626: (5443, 313) -> 9882 (count 24)
merge 9627: (1121, 589) -> 9883 (count 24)
merge 9628: (555, 1049) -> 9884 (count 24)
merge 9629: (3662, 292) -> 9885 (count 24)
merge 9630: (269, 5648) -> 9886 (count 24)
merge 9631: (288, 9187) -> 9887 (count 24)
merge 9632: (267, 1217) -> 9888 (count 24)
merge 9633: (97, 3120) -> 9889 (count 24)
merge 9634: (84, 67) -> 9890 (count 24)
merge 9635: (83, 907) -> 9891 (count 24)
merge 9636: (8662, 383) -> 9892 (count 24)
merge 9637: (8663, 579) -> 9893 (count 24)
merge 9638: (80, 685) -> 9894 (count 24)
merge 9639: (80, 79) -> 9895 (count 24)
merge 9640: (6415, 8006) -> 9896 (count 24)
merge 9641: (78, 84) -> 9897 (count 24)
merge 9642: (9381, 7371) -> 9898 (count 24)
merge 9643: (76, 529) -> 9899 (count 24)
merge 9644: (76, 84) -> 9900 (count 24)
merge 9645: (76, 66) -> 9901 (count 24)
merge 9646: (73, 68) -> 9902 (count 24)
merge 9647: (72, 2869) -> 9903 (count 24)
merge 9648: (7645, 791) -> 9904 (count 24)
merge 9649: (71, 4346) -> 9905 (count 24)
merge 9650: (4921, 808) -> 9906 (count 24)
merge 9651: (67, 108) -> 9907 (count 24)
merge 9652: (67, 2457) -> 9908 (count 24)
merge 9653: (55, 57) -> 9909 (count 24)
merge 9654: (55, 51) -> 9910 (count 24)
merge 9655: (55, 49) -> 9911 (count 24)
merge 9656: (6764, 1095) -> 9912 (count 24)
merge 9657: (2628, 56) -> 9913 (count 24)
merge 9658: (2165, 48) -> 9914 (count 24)
merge 9659: (41, 126) -> 9915 (count 24)
merge 9660: (41, 58) -> 9916 (count 24)
merge 9661: (34, 44) -> 9917 (count 24)
merge 9662: (1141, 1665) -> 9918 (count 24)
merge 9663: (3066, 482) -> 9919 (count 24)
merge 9664: (487, 8396) -> 9920 (count 24)
merge 9665: (487, 1119) -> 9921 (count 24)
merge 9666: (487, 9517) -> 9922 (count 24)
merge 9667: (4850, 663) -> 9923 (count 24)
merge 9668: (1955, 5910) -> 9924 (count 24)
merge 9669: (2921, 115) -> 9925 (count 24)
merge 9670: (3040, 441) -> 9926 (count 24)
merge 9671: (9738, 9030) -> 9927 (count 24)
merge 9672: (6326, 115) -> 9928 (count 24)
merge 9673: (256, 571) -> 9929 (count 24)
merge 9674: (5834, 682) -> 9930 (count 24)
merge 9675: (5120, 2625) -> 9931 (count 24)
merge 9676: (5654, 1916) -> 9932 (count 24)
merge 9677: (1233, 336) -> 9933 (count 24)
merge 9678: (6424, 424) -> 9934 (count 24)
merge 9679: (3304, 115) -> 9935 (count 24)
merge 9680: (382, 288) -> 9936 (count 24)
merge 9681: (1008, 1916) -> 9937 (count 24)
merge 9682: (672, 2695) -> 9938 (count 24)
merge 9683: (1789, 513) -> 9939 (count 24)
merge 9684: (4481, 314) -> 9940 (count 24)
merge 9685: (1880, 571) -> 9941 (count 24)
merge 9686: (2169, 116) -> 9942 (count 24)
merge 9687: (265, 3347) -> 9943 (count 24)
merge 9688: (265, 105) -> 9944 (count 24)
merge 9689: (885, 414) -> 9945 (count 24)
merge 9690: (5259, 314) -> 9946 (count 24)
merge 9691: (8933, 8293) -> 9947 (count 24)
merge 9692: (5488, 263) -> 9948 (count 24)
merge 9693: (7025, 4158) -> 9949 (count 24)
merge 9694: (7255, 97) -> 9950 (count 24)
merge 9695: (7103, 116) -> 9951 (count 24)
merge 9696: (4389, 278) -> 9952 (count 24)
merge 9697: (1034, 2393) -> 9953 (count 24)
merge 9698: (543, 119) -> 9954 (count 24)
merge 9699: (5382, 1372) -> 9955 (count 24)
merge 9700: (318, 1509) -> 9956 (count 24)
merge 9701: (1033, 8280) -> 9957 (count 24)
merge 9702: (8801, 301) -> 9958 (count 24)
merge 9703: (901, 554) -> 9959 (count 24)
merge 9704: (4533, 1875) -> 9960 (count 24)
merge 9705: (8113, 1006) -> 9961 (count 24)
merge 9706: (468, 2054) -> 9962 (count 24)
merge 9707: (1711, 292) -> 9963 (count 24)
merge 9708: (363, 5950) -> 9964 (count 24)
merge 9709: (8809, 276) -> 9965 (count 24)
merge 9710: (2005, 3799) -> 9966 (count 24)
merge 9711: (1068, 276) -> 9967 (count 24)
merge 9712: (5097, 6466) -> 9968 (count 24)
merge 9713: (4674, 314) -> 9969 (count 24)
merge 9714: (9432, 2002) -> 9970 (count 24)
merge 9715: (283, 6471) -> 9971 (count 24)
merge 9716: (6600, 297) -> 9972 (count 24)
merge 9717: (320, 7908) -> 9973 (count 24)
merge 9718: (1001, 3346) -> 9974 (count 24)
merge 9719: (3442, 3918) -> 9975 (count 24)
merge 9720: (4556, 457) -> 9976 (count 24)
merge 9721: (7427, 4627) -> 9977 (count 24)
merge 9722: (471, 9326) -> 9978 (count 24)
merge 9723: (1192, 482) -> 9979 (count 24)
merge 9724: (281, 480) -> 9980 (count 24)
merge 9725: (3094, 296) -> 9981 (count 24)
merge 9726: (3094, 569) -> 9982 (count 24)
merge 9727: (329, 9673) -> 9983 (count 24)
merge 9728: (329, 1691) -> 9984 (count 24)
merge 9729: (721, 8878) -> 9985 (count 24)
merge 9730: (2088, 278) -> 9986 (count 24)
merge 9731: (1134, 2625) -> 9987 (count 24)
merge 9732: (3828, 115) -> 9988 (count 24)
merge 9733: (1518, 668) -> 9989 (count 24)
merge 9734: (1662, 115) -> 9990 (count 24)
merge 9735: (274, 709) -> 9991 (count 24)
merge 9736: (274, 3565) -> 9992 (count 24)
merge 9737: (274, 2130) -> 9993 (count 24)
merge 9738: (1892, 278) -> 9994 (count 24)
merge 9739: (1375, 961) -> 9995 (count 24)
merge 9740: (1412, 292) -> 9996 (count 24)
merge 9741: (8706, 8416) -> 9997 (count 24)
merge 9742: (1187, 1057) -> 9998 (count 24)
/Users/xuewei/Library/CloudStorage/Dropbox-UF/Wei Xue/Mercurial/AI/NNlecture/lm-from-scratch/experiments/arxiv_hepph_vocab10000.json  (29 s)
tinystories   26 tokens for 72 chars
arxiv         16 tokens for 72 chars
